z,n,a,symbol,ground_state_spin,ground_state_parity,training_measurement_e2_b2,training_measurement_unc_e2_b2,nuclr_prediction_e2_b2,nuclr_seed_std_e2_b2,nuclr_model_count,nuclr_prediction_kind,interval_kind,interval68_half_width_e2_b2,interval68_lower_e2_b2,interval68_upper_e2_b2,interval95_half_width_e2_b2,interval95_lower_e2_b2,interval95_upper_e2_b2
12,12,24,Mg,0,1,0.008744,0.00018,0.008007434,0.0004938009,4,measured_target_oof_4_models,heldout_test_aggregate,0.00264606990344,0.00536136409656,0.0106535039034,0.00578600941332,0.00222142458668,0.0137934434133
12,14,26,Mg,0,1,0.006272,0.000144,0.006903238,0.00032914217,4,measured_target_oof_4_models,heldout_test_aggregate,0.00341968235904,0.00348355564096,0.010322920359,0.00821717621341,0,0.0151204142134
12,16,28,Mg,0,1,0.00732,0.00092,0.012145991,0.0004948773,4,measured_target_oof_4_models,heldout_test_aggregate,0.00124998732525,0.0108960036747,0.0133959783253,0.00291495556383,0.00923103543617,0.0150609465638
12,18,30,Mg,0,1,0.00546,0.00052,0.006564491,0.000523802,4,measured_target_oof_4_models,heldout_test_aggregate,0.00226465992178,0.00429983107822,0.00882915092178,0.00552810620803,0.00103638479197,0.012092597208
12,20,32,Mg,0,1,0.00868,0.00104,0.003039483,8.528908e-05,4,measured_target_oof_4_models,heldout_test_aggregate,0.00281399064379,0.000225492356208,0.00585347364379,0.00673633381158,0,0.00977581681158
12,22,34,Mg,0,1,0.01146,0.00158,0.0059841117,0.00073319144,4,measured_target_oof_4_models,heldout_test_aggregate,0.00531226195321,0.00067184974679,0.0112963736532,0.0140133820476,0,0.0199974937476
12,24,36,Mg,0,1,0.01059126184,,0.008179809,0.0003793237,4,measured_target_oof_4_models,heldout_test_aggregate,0.00826725146676,0,0.0164470604668,0.0200434758238,0,0.0282232848238
12,26,38,Mg,0,1,,,0.0046871714,0.006210601,40,unmeasured_target_40_models,extrapolation_model_estimate,0.00598200096509,0,0.0106691723651,0.0146711001157,0,0.0193582715157
12,28,40,Mg,0,1,,,0.0020104062,0.006288156,40,unmeasured_target_40_models,extrapolation_model_estimate,0.00568465784333,0,0.00769506404333,0.0142972715169,0,0.0163076777169
14,12,26,Si,0,1,0.00688,0.0005,0.003306672,2.2228154e-05,4,measured_target_oof_4_models,heldout_test_aggregate,0.00232871798605,0.000977954013948,0.00563538998605,0.00583744319453,0,0.00914411519453
14,14,28,Si,0,1,0.006534,0.0001,0.0040963255,5.465056e-05,4,measured_target_oof_4_models,heldout_test_aggregate,0.00295865370731,0.00113767179269,0.00705497920731,0.00847242347054,0,0.0125687489705
14,16,30,Si,0,1,0.004162,0.000128,0.0046361457,0.00017509346,4,measured_target_oof_4_models,heldout_test_aggregate,0.00219931811977,0.00243682758023,0.00683546381977,0.00544105056593,0,0.0100771962659
14,18,32,Si,0,1,0.00244,0.0003,0.0023718823,5.459675e-05,4,measured_target_oof_4_models,heldout_test_aggregate,0.00211661720924,0.000255265090756,0.00448849950924,0.00466364116015,0,0.00703552346015
14,20,34,Si,0,1,0.0017,0.00066,0.0026642578,1.43802445e-05,4,measured_target_oof_4_models,heldout_test_aggregate,0.00344968568439,0,0.00611394348439,0.00907131056411,0,0.0117355683641
14,22,36,Si,0,1,0.00386,0.00118,0.007544106,0.00015139287,4,measured_target_oof_4_models,heldout_test_aggregate,0.00536435061479,0.00217975538521,0.0129084566148,0.0131135035422,0,0.0206576095422
14,24,38,Si,0,1,0.00386,0.00142,0.013300257,0.00029728925,4,measured_target_oof_4_models,heldout_test_aggregate,0.00651389390894,0.00678636309106,0.0198141509089,0.0151923200123,0,0.0284925770123
14,26,40,Si,0,1,0.0086,0.0024,0.004467696,0.00027048998,4,measured_target_oof_4_models,heldout_test_aggregate,0.00580362403646,0,0.0102713200365,0.0140034278232,0,0.0184711238232
14,28,42,Si,0,1,,,0.0015771671,0.0012921998,40,unmeasured_target_40_models,extrapolation_model_estimate,0.0054530868975,0,0.0070302539975,0.0134850164496,0,0.0150621835496
14,30,44,Si,0,1,,,0.0015348981,0.0033460066,40,unmeasured_target_40_models,extrapolation_model_estimate,0.00578630648094,0,0.00732120458094,0.0141651048801,0,0.0157000029801
16,12,28,S,0,1,0.00362,0.00062,0.007088488,0.0003641848,4,measured_target_oof_4_models,heldout_test_aggregate,0.00319418330851,0.00389430469149,0.0102826713085,0.00676604301433,0.000322444985671,0.0138545310143
16,14,30,S,0,1,0.00648,0.00044,0.0044429973,3.743128e-05,4,measured_target_oof_4_models,heldout_test_aggregate,0.00336573379079,0.00107726350921,0.00780873109079,0.00816963614353,0,0.0126126334435
16,16,32,S,0,1,0.005916,0.00013,0.0056669954,0.00011757636,4,measured_target_oof_4_models,heldout_test_aggregate,0.00262059597682,0.00304639942318,0.00828759137682,0.00658820467871,0,0.0122552000787
16,18,34,S,0,1,0.004166,0.00024,0.0029054242,8.693482e-05,4,measured_target_oof_4_models,heldout_test_aggregate,0.00245776554378,0.000447658656216,0.00536318974378,0.00621695461923,0,0.00912237881923
16,20,36,S,0,1,0.001772,0.00014,0.0045833476,0.00039046616,4,measured_target_oof_4_models,heldout_test_aggregate,0.00323275200158,0.00135059559842,0.00781609960158,0.00709253460588,0,0.0116758822059
16,22,38,S,0,1,0.0047,0.0006,0.010825269,0.00024320657,4,measured_target_oof_4_models,heldout_test_aggregate,0.00277928724826,0.00804598175174,0.0136045562483,0.00690482656945,0.00392044243055,0.0177300955694
16,24,40,S,0,1,0.00668,0.00072,0.008043944,0.0008309061,4,measured_target_oof_4_models,heldout_test_aggregate,0.00594034929226,0.00210359470774,0.0139842932923,0.0149638504173,0,0.0230077944173
16,26,42,S,0,1,0.00794,0.00126,0.0059811897,0.00023706621,4,measured_target_oof_4_models,heldout_test_aggregate,0.00597236208103,8.827618972e-06,0.011953551781,0.0152611618102,0,0.0212423515102
16,28,44,S,0,1,0.00628,0.00176,0.0015909867,0.00016745392,4,measured_target_oof_4_models,heldout_test_aggregate,0.00573331974442,0,0.00732430644442,0.0161990834522,0,0.0177900701522
16,30,46,S,0,1,,,0.0021011648,0.0025651075,40,unmeasured_target_40_models,extrapolation_model_estimate,0.00580303132805,0,0.00790419612805,0.0146380081033,0,0.0167391729033
17,17,34,Cl,0,1,,,0.0038704989,0.0016840126,40,unmeasured_target_40_models,extrapolation_model_estimate,0.00258924855117,0.00128125034883,0.00645974745117,0.00613268236716,0,0.0100031812672
18,12,30,Ar,0,1,,,0.0050971815,0.0011914849,40,unmeasured_target_40_models,extrapolation_model_estimate,0.00310968935788,0.00198749214212,0.00820687085788,0.00778128925732,0,0.0128784707573
18,14,32,Ar,0,1,0.00532,0.00136,0.0058150804,7.196946e-05,4,measured_target_oof_4_models,heldout_test_aggregate,0.00263025540908,0.00318482499092,0.00844533580908,0.00663309500471,0,0.0124481754047
18,16,34,Ar,0,1,0.00464,0.00058,0.006618041,0.000113124355,4,measured_target_oof_4_models,heldout_test_aggregate,0.00318267796566,0.00343536303434,0.00980071896566,0.00779139082172,0,0.0144094318217
18,18,36,Ar,0,1,0.00602,0.00032,0.0031082493,6.6185974e-05,4,measured_target_oof_4_models,heldout_test_aggregate,0.001541798319,0.001566450981,0.004650047619,0.00378291491504,0,0.00689116421504
18,20,38,Ar,0,1,0.00249,8.4e-05,0.003964177,0.00018302184,4,measured_target_oof_4_models,heldout_test_aggregate,0.00385665805978,0.000107518940224,0.00782083505978,0.00908544250236,0,0.0130496195024
18,22,40,Ar,0,1,0.00664,0.00034,0.0106378,0.00042945825,4,measured_target_oof_4_models,heldout_test_aggregate,0.00344409225669,0.00719370774331,0.0140818922567,0.00850222256368,0.00213557743632,0.0191400225637
18,24,42,Ar,0,1,0.0084,0.002,0.00814421,0.0001624096,4,measured_target_oof_4_models,heldout_test_aggregate,0.00389088263276,0.00425332736724,0.0120350926328,0.0095347280358,0,0.0176789380358
18,26,44,Ar,0,1,0.00716,0.00058,0.008658483,0.00077264797,4,measured_target_oof_4_models,heldout_test_aggregate,0.00417290801879,0.00448557498121,0.0128313910188,0.0115055565592,0,0.0201640395592
18,28,46,Ar,0,1,0.00486,0.00044,0.0037284167,0.00039252656,4,measured_target_oof_4_models,heldout_test_aggregate,0.00430747719358,0,0.00803589389358,0.0119307930778,0,0.0156592097778
18,30,48,Ar,0,1,0.00692,0.0011,0.0016204012,0.00015900568,4,measured_target_oof_4_models,heldout_test_aggregate,0.00500768021667,0,0.00662808141667,0.0125179482495,0,0.0141383494495
18,32,50,Ar,0,1,,,0.0030091763,0.0011969999,40,unmeasured_target_40_models,extrapolation_model_estimate,0.00568929854401,0,0.00869847484401,0.0141579646683,0,0.0171671409683
18,34,52,Ar,0,1,,,0.0025830367,0.001620473,40,unmeasured_target_40_models,extrapolation_model_estimate,0.00429559782446,0,0.00687863452446,0.0111373533821,0,0.0137203900821
20,14,34,Ca,0,1,,,0.0026214696,0.0006504996,40,unmeasured_target_40_models,extrapolation_model_estimate,0.00264283998232,0,0.00526430958232,0.0066432442516,0,0.0092647138516
20,16,36,Ca,0,1,,,0.003270308,0.0007461684,40,unmeasured_target_40_models,extrapolation_model_estimate,0.00267299873117,0.000597309268826,0.00594330673117,0.00674357024163,0,0.0100138782416
20,18,38,Ca,0,1,0.00194,0.00054,0.0025582302,8.866844e-05,4,measured_target_oof_4_models,heldout_test_aggregate,0.00414239825087,0,0.00670062845087,0.00962590998882,0,0.0121841401888
20,20,40,Ca,0,1,0.001848,0.000136,0.0021297764,0.0002326657,4,measured_target_oof_4_models,heldout_test_aggregate,0.0042513473495,0,0.0063811237495,0.0101015386528,0,0.0122313150528
20,22,42,Ca,0,1,0.00738,0.0004,0.0037382625,0.00014762611,4,measured_target_oof_4_models,heldout_test_aggregate,0.0034268113145,0.0003114511855,0.0071650738145,0.00763158555388,0,0.0113698480539
20,24,44,Ca,0,1,0.00934,0.00042,0.0031298401,0.0004760555,4,measured_target_oof_4_models,heldout_test_aggregate,0.00252758541801,0.000602254681995,0.00565742551801,0.00598287843341,0,0.00911271853341
20,26,46,Ca,0,1,0.00336,0.00026,0.0037391626,0.0004132285,4,measured_target_oof_4_models,heldout_test_aggregate,0.00289373392539,0.000845428674613,0.00663289652539,0.00715461407234,0,0.0108937766723
20,28,48,Ca,0,1,0.00184,0.00018,0.0038397557,8.971376e-05,4,measured_target_oof_4_models,heldout_test_aggregate,0.00357839478743,0.000261360912568,0.00741815048743,0.00867942126378,0,0.0125191769638
20,30,50,Ca,0,1,0.000746,3.8e-05,0.004451814,5.6543686e-05,4,measured_target_oof_4_models,heldout_test_aggregate,0.00286380170278,0.00158801229722,0.00731561570278,0.00740992039628,0,0.0118617343963
20,32,52,Ca,0,1,,,0.0021607443,0.0006782368,40,unmeasured_target_40_models,extrapolation_model_estimate,0.00444424464738,0,0.00660498894738,0.0107607073844,0,0.0129214516844
20,34,54,Ca,0,1,,,0.001412083,0.00048038238,40,unmeasured_target_40_models,extrapolation_model_estimate,0.00440885940656,0,0.00582094240656,0.0110863896554,0,0.0124984726554
20,36,56,Ca,0,1,,,0.000850594,0.00053316035,40,unmeasured_target_40_models,extrapolation_model_estimate,0.00432757918031,0,0.00517817318031,0.0112915204536,0,0.0121421144536
20,38,58,Ca,0,1,,,0.00065442076,0.00058824103,40,unmeasured_target_40_models,extrapolation_model_estimate,0.00480889395647,0,0.00546331471647,0.0127739633973,0,0.0134283841573
21,21,42,Sc,0,1,0.008325111623,,0.0022517333,3.0104753e-05,4,measured_target_oof_4_models,heldout_test_aggregate,0.00288972751233,0,0.00514146081233,0.00684770916659,0,0.00909944246659
22,18,40,Ti,0,1,,,0.006609523,0.001154289,40,unmeasured_target_40_models,extrapolation_model_estimate,0.00449384123133,0.00211568176867,0.0111033642313,0.0116330659064,0,0.0182425889064
22,20,42,Ti,0,1,0.0172,0.0032,0.003645429,0.00015187719,4,measured_target_oof_4_models,heldout_test_aggregate,0.00390004872738,0,0.00754547772738,0.0105760983285,0,0.0142215273285
22,22,44,Ti,0,1,0.0136,0.00088,0.012914933,0.0010920081,4,measured_target_oof_4_models,heldout_test_aggregate,0.00914648688934,0.00376844611066,0.0220614198893,0.0220934172136,0,0.0350083502136
22,24,46,Ti,0,1,0.01902,0.0005,0.013497147,0.00016062624,4,measured_target_oof_4_models,heldout_test_aggregate,0.00526492851775,0.00823221848225,0.0187620755178,0.0129316466017,0.000565500398254,0.0264287936017
22,26,48,Ti,0,1,0.01324,0.00058,0.014839983,0.00042688538,4,measured_target_oof_4_models,heldout_test_aggregate,0.00590389337419,0.00893608962581,0.0207438763742,0.0146678435756,0.000172139424378,0.0295078265756
22,28,50,Ti,0,1,0.0055,0.00032,0.009532231,0.0002376092,4,measured_target_oof_4_models,heldout_test_aggregate,0.00276555629736,0.00676667470264,0.0122977872974,0.00696048735464,0.00257174364536,0.0164927183546
22,30,52,Ti,0,1,0.01206,0.00054,0.010195136,0.00010259182,4,measured_target_oof_4_models,heldout_test_aggregate,0.00417383081702,0.00602130518298,0.014368966817,0.0120375959083,0,0.0222327319083
22,32,54,Ti,0,1,0.00714,0.00126,0.011496747,0.00025368907,4,measured_target_oof_4_models,heldout_test_aggregate,0.00465579403772,0.00684095296228,0.0161525410377,0.0104043044244,0.00109244257557,0.0219010514244
22,34,56,Ti,0,1,0.012,0.004,0.011598412,0.0006978003,4,measured_target_oof_4_models,heldout_test_aggregate,0.00590404430112,0.00569436769888,0.0175024563011,0.0151199254072,0,0.0267183374072
22,36,58,Ti,0,1,,,0.010642053,0.001651524,40,unmeasured_target_40_models,extrapolation_model_estimate,0.00592968600415,0.00471236699585,0.0165717390042,0.0154192446019,0,0.0260612976019
22,38,60,Ti,0,1,,,0.012053654,0.0019239712,40,unmeasured_target_40_models,extrapolation_model_estimate,0.00685023699288,0.00520341700712,0.0189038909929,0.0171910423285,0,0.0292446963285
22,40,62,Ti,0,1,,,0.009054843,0.003100469,40,unmeasured_target_40_models,extrapolation_model_estimate,0.00785742631545,0.00119741668455,0.0169122693154,0.0189355883079,0,0.0279904313079
22,42,64,Ti,0,1,,,0.0105575165,0.006726885,40,unmeasured_target_40_models,extrapolation_model_estimate,0.00684063077567,0.00371688572433,0.0173981472757,0.016832586485,0,0.027390102985
23,23,46,V,0,1,,,0.011265131,0.0031457506,40,unmeasured_target_40_models,extrapolation_model_estimate,0.00995262590157,0.00131250509843,0.0212177569016,0.0256531225561,0,0.0369182535561
24,18,42,Cr,0,1,,,0.009380171,0.0023246845,40,unmeasured_target_40_models,extrapolation_model_estimate,0.00597823114381,0.00340193985619,0.0153584021438,0.0145459225765,0,0.0239260935765
24,20,44,Cr,0,1,,,0.011462076,0.0043452196,40,unmeasured_target_40_models,extrapolation_model_estimate,0.00860770278785,0.00285437321215,0.0200697787878,0.0224135214526,0,0.0338755974526
24,22,46,Cr,0,1,0.0186,0.004,0.032092582,0.0045399843,4,measured_target_oof_4_models,heldout_test_aggregate,0.0105166575308,0.0215759244692,0.0426092395308,0.0256808820936,0.00641169990641,0.0577734640936
24,24,48,Cr,0,1,0.0274,0.003,0.034219075,0.0011872259,4,measured_target_oof_4_models,heldout_test_aggregate,0.00711825622018,0.0271008187798,0.0413373312202,0.0208231917637,0.0133958832363,0.0550422667637
24,26,50,Cr,0,1,0.02104,0.00064,0.025280004,0.00044872056,4,measured_target_oof_4_models,heldout_test_aggregate,0.00637369728475,0.0189063067152,0.0316537012848,0.0169815850684,0.00829841893158,0.0422615890684
24,28,52,Cr,0,1,0.01244,0.00048,0.008684759,0.00012134693,4,measured_target_oof_4_models,heldout_test_aggregate,0.00589962195131,0.00278513704869,0.0145843809513,0.0159648763957,0,0.0246496353957
24,30,54,Cr,0,1,0.01706,0.00084,0.012724369,0.00035926336,4,measured_target_oof_4_models,heldout_test_aggregate,0.00574087665558,0.00698349234442,0.0184652456556,0.0155281169542,0,0.0282524859542
24,32,56,Cr,0,1,0.011,0.0038,0.014527843,0.00037855984,4,measured_target_oof_4_models,heldout_test_aggregate,0.00460408851648,0.00992375448352,0.0191319315165,0.0118117755818,0.00271606741816,0.0263396185818
24,34,58,Cr,0,1,0.0194,0.0026,0.01576538,0.0002992908,4,measured_target_oof_4_models,heldout_test_aggregate,0.00685379545759,0.00891158454241,0.0226191754576,0.0162191866401,0,0.0319845666401
24,36,60,Cr,0,1,0.0242,0.003,0.01838904,0.00036332966,4,measured_target_oof_4_models,heldout_test_aggregate,0.00667714999062,0.0117118900094,0.0250661899906,0.0179410919971,0.000447948002853,0.0363301319971
24,38,62,Cr,0,1,0.0346,0.0034,0.02454022,0.00058602024,4,measured_target_oof_4_models,heldout_test_aggregate,0.0105494020084,0.0139908179916,0.0350896220084,0.0257413405233,0,0.0502815605233
24,40,64,Cr,0,1,0.0312,0.008,0.03701158,0.00054524845,4,measured_target_oof_4_models,heldout_test_aggregate,0.013106259254,0.023905320746,0.050117839254,0.0383341716014,0,0.0753457516014
24,42,66,Cr,0,1,,,0.038702283,0.009867058,40,unmeasured_target_40_models,extrapolation_model_estimate,0.011036462857,0.027665820143,0.049738745857,0.0282963111947,0.0104059718053,0.0669985941947
24,44,68,Cr,0,1,,,0.02277974,0.008462328,40,unmeasured_target_40_models,extrapolation_model_estimate,0.0101192253052,0.0126605146948,0.0328989653052,0.0260728660629,0,0.0488526060629
24,46,70,Cr,0,1,,,0.0106671825,0.0065050265,40,unmeasured_target_40_models,extrapolation_model_estimate,0.0103573917043,0.000309790795682,0.0210245742043,0.0270603592364,0,0.0377275417364
25,25,50,Mn,0,1,0.01520878724,,0.019895285,0.000754278,4,measured_target_oof_4_models,heldout_test_aggregate,0.012171765842,0.00772351915801,0.032067050842,0.0302543687827,0,0.0501496537827
26,20,46,Fe,0,1,,,0.010986799,0.003131389,40,unmeasured_target_40_models,extrapolation_model_estimate,0.00725297151856,0.00373382748144,0.0182397705186,0.0188573304726,0,0.0298441294726
26,22,48,Fe,0,1,,,0.028030941,0.0043413625,40,unmeasured_target_40_models,extrapolation_model_estimate,0.0101175712324,0.0179133697676,0.0381485122324,0.0263614577563,0.00166948324371,0.0543923987563
26,24,50,Fe,0,1,0.02844809123,,0.025702098,0.0036040004,4,measured_target_oof_4_models,heldout_test_aggregate,0.0100920413962,0.0156100566038,0.0357941393962,0.0277695438345,0,0.0534716418345
26,26,52,Fe,0,1,0.01637115225,,0.029496169,0.0005103735,4,measured_target_oof_4_models,heldout_test_aggregate,0.00707178826441,0.0224243807356,0.0365679572644,0.0158763935413,0.0136197754587,0.0453725625413
26,28,54,Fe,0,1,0.01216,0.00062,0.009525329,6.8147616e-05,4,measured_target_oof_4_models,heldout_test_aggregate,0.00604915540648,0.00347617359352,0.0155744844065,0.0155891824455,0,0.0251145114455
26,30,56,Fe,0,1,0.01962,0.0004,0.016882006,0.0007847608,4,measured_target_oof_4_models,heldout_test_aggregate,0.00621654557499,0.010665460425,0.023098551575,0.0162610438299,0.000620962170087,0.0331430498299
26,32,58,Fe,0,1,0.0244,0.0012,0.022021038,0.0006745847,4,measured_target_oof_4_models,heldout_test_aggregate,0.00637500224275,0.0156460357573,0.0283960402427,0.0160240096689,0.0059970283311,0.0380450476689
26,34,60,Fe,0,1,0.01876,0.00176,0.018951686,0.0002803443,4,measured_target_oof_4_models,heldout_test_aggregate,0.00550119637112,0.0134504896289,0.0244528823711,0.0137443955461,0.00520729045389,0.0326960815461
26,36,62,Fe,0,1,0.0204,0.0018,0.01929847,0.0001450732,4,measured_target_oof_4_models,heldout_test_aggregate,0.005521973121,0.013776496879,0.024820443121,0.0143783331892,0.00492013681078,0.0336768031892
26,38,64,Fe,0,1,0.0346,0.0032,0.029880999,0.0007796935,4,measured_target_oof_4_models,heldout_test_aggregate,0.00658024344437,0.0233007555556,0.0364612424444,0.0161255876724,0.0137554113276,0.0460065866724
26,40,66,Fe,0,1,0.0304,0.002,0.026540212,0.0013299573,4,measured_target_oof_4_models,heldout_test_aggregate,0.00815315458557,0.0183870574144,0.0346933665856,0.0227808963074,0.00375931569261,0.0493211083074
26,42,68,Fe,0,1,0.0356,0.0044,0.03349889,0.00023153254,4,measured_target_oof_4_models,heldout_test_aggregate,0.0105036449586,0.0229952450414,0.0440025349586,0.0266148422149,0.0068840477851,0.0601137322149
26,44,70,Fe,0,1,,,0.024661362,0.004484371,40,unmeasured_target_40_models,extrapolation_model_estimate,0.00715550113946,0.0175058608605,0.0318168631395,0.0179993004086,0.0066620615914,0.0426606624086
26,46,72,Fe,0,1,,,0.01617044,0.005143298,40,unmeasured_target_40_models,extrapolation_model_estimate,0.00735064292165,0.00881979707835,0.0235210829216,0.0182080340774,0,0.0343784740774
26,48,74,Fe,0,1,,,0.009195923,0.0035916327,40,unmeasured_target_40_models,extrapolation_model_estimate,0.00738942798619,0.00180649501381,0.0165853509862,0.0182576459063,0,0.0274535689063
26,50,76,Fe,0,1,,,0.0048928414,0.0030795662,40,unmeasured_target_40_models,extrapolation_model_estimate,0.00682640483235,0,0.0117192462323,0.0168376426692,0,0.0217304840692
27,27,54,Co,0,1,,,0.009439236,0.0031504966,40,unmeasured_target_40_models,extrapolation_model_estimate,0.00868221829572,0.000757017704282,0.0181214542957,0.0220430743026,0,0.0314823103026
28,20,48,Ni,0,1,,,0.008110044,0.0019092623,40,unmeasured_target_40_models,extrapolation_model_estimate,0.00912994680481,0,0.0172399908048,0.0227827672469,0,0.0308928112469
28,22,50,Ni,0,1,,,0.017548049,0.0035093531,40,unmeasured_target_40_models,extrapolation_model_estimate,0.00665401768517,0.0108940313148,0.0242020666852,0.0163526064561,0.00119544254386,0.0339006554561
28,24,52,Ni,0,1,,,0.018587906,0.0031723436,40,unmeasured_target_40_models,extrapolation_model_estimate,0.00951093071301,0.00907697528699,0.028098836713,0.0230572441026,0,0.0416451501026
28,26,54,Ni,0,1,0.0122,0.0024,0.01763189,0.002133934,4,measured_target_oof_4_models,heldout_test_aggregate,0.00919976547786,0.00843212452214,0.0268316554779,0.0243084358971,0,0.0419403258971
28,28,56,Ni,0,1,0.00906,0.00172,0.013281037,0.00018792377,4,measured_target_oof_4_models,heldout_test_aggregate,0.00625197390307,0.00702906309693,0.0195330109031,0.0182237535682,0,0.0315047905682
28,30,58,Ni,0,1,0.013,0.00024,0.01022979,7.38675e-05,4,measured_target_oof_4_models,heldout_test_aggregate,0.00774922904805,0.00248056095195,0.0179790190481,0.0195531829637,0,0.0297829729637
28,32,60,Ni,0,1,0.01832,0.00032,0.011384143,9.58831e-05,4,measured_target_oof_4_models,heldout_test_aggregate,0.00484925673741,0.00653488626259,0.0162333997374,0.0116224924335,0,0.0230066354335
28,34,62,Ni,0,1,0.01778,0.0006,0.008144123,6.0789032e-05,4,measured_target_oof_4_models,heldout_test_aggregate,0.00420874021321,0.00393538278679,0.0123528632132,0.0110541054205,0,0.0191982284205
28,36,64,Ni,0,1,0.01348,0.00064,0.011852978,0.0005076541,4,measured_target_oof_4_models,heldout_test_aggregate,0.00413287960288,0.00772009839712,0.0159858576029,0.0113982557001,0.000454722299867,0.0232512337001
28,38,66,Ni,0,1,0.012,0.002,0.011511828,0.0010621499,4,measured_target_oof_4_models,heldout_test_aggregate,0.00703841920185,0.00447340879815,0.0185502472019,0.0165117340182,0,0.0280235620182
28,40,68,Ni,0,1,0.00522,0.0012,0.011459058,0.0006589943,4,measured_target_oof_4_models,heldout_test_aggregate,0.00541704249133,0.00604201550867,0.0168761004913,0.0142013087869,0,0.0256603667869
28,42,70,Ni,0,1,0.0172,0.0028,0.013105625,0.00066282065,4,measured_target_oof_4_models,heldout_test_aggregate,0.00464842162619,0.00845720337381,0.0177540466262,0.0117151017871,0.00139052321287,0.0248207267871
28,44,72,Ni,0,1,,,0.0098343985,0.0019296571,40,unmeasured_target_40_models,extrapolation_model_estimate,0.00701027815462,0.00282412034538,0.0168446766546,0.017500101935,0,0.027334500435
28,46,74,Ni,0,1,0.0128,0.0044,0.004503483,0.00014139105,4,measured_target_oof_4_models,heldout_test_aggregate,0.0062269450664,0,0.0107304280664,0.0160106754739,0,0.0205141584739
28,48,76,Ni,0,1,,,0.006162202,0.0018319779,40,unmeasured_target_40_models,extrapolation_model_estimate,0.00709909388788,0,0.0132612958879,0.0183455111108,0,0.0245077131108
28,50,78,Ni,0,1,,,0.007127645,0.0022058722,40,unmeasured_target_40_models,extrapolation_model_estimate,0.00711922215109,8.4228489059e-06,0.0142468671511,0.0179580689183,0,0.0250857139183
28,52,80,Ni,0,1,,,0.0024631403,0.0014916565,40,unmeasured_target_40_models,extrapolation_model_estimate,0.00758431402525,0,0.0100474543252,0.0189633839942,0,0.0214265242942
30,24,54,Zn,0,1,,,0.039100904,0.0063203406,40,unmeasured_target_40_models,extrapolation_model_estimate,0.0176496658914,0.0214512381086,0.0567505698914,0.0446178624081,0,0.0837187664081
30,26,56,Zn,0,1,,,0.032447252,0.0049357438,40,unmeasured_target_40_models,extrapolation_model_estimate,0.0166731577802,0.0157740942198,0.0491204097802,0.0407698451208,0,0.0732170971208
30,28,58,Zn,0,1,,,0.012818046,0.003208644,40,unmeasured_target_40_models,extrapolation_model_estimate,0.0143096580602,0,0.0271277040602,0.035380905441,0,0.048198951441
30,30,60,Zn,0,1,,,0.015943136,0.002450955,40,unmeasured_target_40_models,extrapolation_model_estimate,0.0108932026352,0.0050499333648,0.0268363386352,0.0264730545118,0,0.0424161905118
30,32,62,Zn,0,1,0.02448,0.00118,0.014309572,0.0003313883,4,measured_target_oof_4_models,heldout_test_aggregate,0.0124713718832,0.00183820011677,0.0267809438832,0.029971930641,0,0.044281502641
30,34,64,Zn,0,1,0.02988,0.0008,0.02104719,0.00097287394,4,measured_target_oof_4_models,heldout_test_aggregate,0.00845024426313,0.0125969457369,0.0294974342631,0.0203200519102,0.000727138089836,0.0413672419102
30,36,66,Zn,0,1,0.0274,0.00066,0.023051664,0.0010762005,4,measured_target_oof_4_models,heldout_test_aggregate,0.00965517247096,0.013396491529,0.032706836471,0.0245520967422,0,0.0476037607422
30,38,68,Zn,0,1,0.02398,0.00042,0.033146955,0.00021789265,4,measured_target_oof_4_models,heldout_test_aggregate,0.0065792146422,0.0265677403578,0.0397261696422,0.0164597678652,0.0166871871348,0.0496067228652
30,40,70,Zn,0,1,0.0302,0.0016,0.036880787,0.0011540848,4,measured_target_oof_4_models,heldout_test_aggregate,0.00841338132113,0.0284674056789,0.0452941683211,0.0208227589387,0.0160580280613,0.0577035459387
30,42,72,Zn,0,1,0.0376,0.0034,0.047446083,0.0024158617,4,measured_target_oof_4_models,heldout_test_aggregate,0.00933126123365,0.0381148217664,0.0567773442336,0.0228518815173,0.0245942014827,0.0702979645173
30,44,74,Zn,0,1,0.039,0.003,0.036726836,0.0028521842,4,measured_target_oof_4_models,heldout_test_aggregate,0.00902173952421,0.0277050964758,0.0457485755242,0.0215892169831,0.0151376190169,0.0583160529831
30,46,76,Zn,0,1,0.029,0.0036,0.021851398,0.00042097468,4,measured_target_oof_4_models,heldout_test_aggregate,0.00882733266638,0.0130240653336,0.0306787306664,0.0237362654846,0,0.0455876634846
30,48,78,Zn,0,1,0.0154,0.0038,0.018854313,0.00044675873,4,measured_target_oof_4_models,heldout_test_aggregate,0.0123855760842,0.00646873691584,0.0312398890842,0.0309288064083,0,0.0497831194083
30,50,80,Zn,0,1,0.0146,0.0018,0.012187393,0.00076297176,4,measured_target_oof_4_models,heldout_test_aggregate,0.0109910963305,0.00119629666948,0.0231784893305,0.0231079140164,0,0.0352953070164
30,52,82,Zn,0,1,,,0.007977007,0.0033682294,40,unmeasured_target_40_models,extrapolation_model_estimate,0.0107834405149,0,0.0187604475149,0.0264833150268,0,0.0344603220268
30,54,84,Zn,0,1,,,0.010026524,0.0081512,40,unmeasured_target_40_models,extrapolation_model_estimate,0.0108000150162,0,0.0208265390162,0.0261598135864,0,0.0361863375864
31,31,62,Ga,0,1,,,0.0066049458,0.0034505853,40,unmeasured_target_40_models,extrapolation_model_estimate,0.0179799076632,0,0.0245848534632,0.0434327888262,0,0.0500377346262
31,33,64,Ga,0,1,0.0010188288,,0.028865559,0.00014409059,4,measured_target_oof_4_models,heldout_test_aggregate,0.0130923515762,0.0157732074238,0.0419579105762,0.0319596990182,0,0.0608252580182
31,35,66,Ga,0,1,,,0.01610847,0.010983601,40,unmeasured_target_40_models,extrapolation_model_estimate,0.0164053932518,0,0.0325138632518,0.0423243081242,0,0.0584327781242
32,28,60,Ge,0,1,,,0.01699662,0.0038416807,40,unmeasured_target_40_models,extrapolation_model_estimate,0.0241111247117,0,0.0411077447117,0.0575024806577,0,0.0744991006577
32,30,62,Ge,0,1,,,0.020270532,0.0033082273,40,unmeasured_target_40_models,extrapolation_model_estimate,0.0236132917429,0,0.0438838237429,0.0587319706719,0,0.0790025026719
32,32,64,Ge,0,1,0.0416,0.0064,0.01996408,0.00040816382,4,measured_target_oof_4_models,heldout_test_aggregate,0.0156131738573,0.00435090614272,0.0355772538573,0.0450691946584,0,0.0650332746584
32,34,66,Ge,0,1,0.0268,0.0022,0.028065918,0.00026432297,4,measured_target_oof_4_models,heldout_test_aggregate,0.0263004873843,0.00176543061573,0.0543664053843,0.066265668393,0,0.094331586393
32,36,68,Ge,0,1,0.02484,0.0011,0.043474685,0.0027870014,4,measured_target_oof_4_models,heldout_test_aggregate,0.0261198128985,0.0173548721015,0.0695944978985,0.0691448396077,0,0.112619524608
32,38,70,Ge,0,1,0.0358,0.0006,0.061784856,0.0011131463,4,measured_target_oof_4_models,heldout_test_aggregate,0.0203791743105,0.0414056816895,0.0821640303105,0.0525274398443,0.00925741615566,0.114312295844
32,40,72,Ge,0,1,0.04174,0.0006,0.06562936,0.00028089213,4,measured_target_oof_4_models,heldout_test_aggregate,0.0196364851846,0.0459928748154,0.0852658451846,0.0495270534837,0.0161023065163,0.115156413484
32,42,74,Ge,0,1,0.0612,0.003,0.08483634,0.0027924515,4,measured_target_oof_4_models,heldout_test_aggregate,0.0152504166339,0.0695859233661,0.100086756634,0.0365298790358,0.0483064609642,0.121366219036
32,44,76,Ge,0,1,0.0547,0.0006,0.046103906,0.00035816216,4,measured_target_oof_4_models,heldout_test_aggregate,0.0147713214378,0.0313325845622,0.0608752274378,0.0360013621253,0.0101025438747,0.0821052681253
32,46,78,Ge,0,1,0.0444,0.0028,0.033376984,0.0005152064,4,measured_target_oof_4_models,heldout_test_aggregate,0.0180914591957,0.0152855248043,0.0514684431957,0.0496084002974,0,0.0829853842974
32,48,80,Ge,0,1,0.0278,0.0054,0.022483975,0.000613733,4,measured_target_oof_4_models,heldout_test_aggregate,0.0148268119426,0.00765716305736,0.0373107869426,0.0348641312818,0,0.0573481062818
32,50,82,Ge,0,1,0.0242,0.003,0.0143413395,0.00050650677,4,measured_target_oof_4_models,heldout_test_aggregate,0.0139712188184,0.000370120681604,0.0283125583184,0.0350181193293,0,0.0493594588293
32,52,84,Ge,0,1,,,0.0139446575,0.004348408,40,unmeasured_target_40_models,extrapolation_model_estimate,0.0205310927202,0,0.0344757502202,0.0482927756374,0,0.0622374331374
32,54,86,Ge,0,1,,,0.01861381,0.008376697,40,unmeasured_target_40_models,extrapolation_model_estimate,0.0225547164652,0,0.0411685264652,0.0561353382791,0,0.0747491482791
32,56,88,Ge,0,1,,,0.020283718,0.01240089,40,unmeasured_target_40_models,extrapolation_model_estimate,0.0234630446506,0,0.0437467626506,0.0578752815875,0,0.0781589995875
32,58,90,Ge,0,1,,,0.0315328,0.018727161,40,unmeasured_target_40_models,extrapolation_model_estimate,0.0263317823937,0.0052010176063,0.0578645823937,0.0653028963391,0,0.0968356963391
33,33,66,As,0,1,,,0.011968233,0.0052077062,40,unmeasured_target_40_models,extrapolation_model_estimate,0.0260887454493,0,0.0380569784493,0.066472248136,0,0.078440481136
34,30,64,Se,0,1,,,0.02425113,0.0033700252,40,unmeasured_target_40_models,extrapolation_model_estimate,0.0313606881638,0,0.0556118181638,0.0781014405279,0,0.102352570528
34,32,66,Se,0,1,,,0.029174704,0.0036841554,40,unmeasured_target_40_models,extrapolation_model_estimate,0.025998167515,0.00317653648497,0.055172871515,0.0681601500432,0,0.0973348540432
34,34,68,Se,0,1,0.0422,0.0058,0.031870354,0.0010398866,4,measured_target_oof_4_models,heldout_test_aggregate,0.0316560750989,0.0002142789011,0.0635264290989,0.0825310440393,0,0.114401398039
34,36,70,Se,0,1,0.0338,0.0022,0.056952223,0.003070986,4,measured_target_oof_4_models,heldout_test_aggregate,0.0286112992148,0.0283409237852,0.0855635222148,0.0693251238324,0,0.126277346832
34,38,72,Se,0,1,0.0379,0.00158,0.08101632,0.0014118523,4,measured_target_oof_4_models,heldout_test_aggregate,0.0377167219075,0.0432995980925,0.118733041907,0.0969343583689,0,0.177950678369
34,40,74,Se,0,1,0.0714,0.004,0.07645011,0.00084974506,4,measured_target_oof_4_models,heldout_test_aggregate,0.0317969866168,0.0446531233832,0.108247096617,0.0844919015266,0,0.160942011527
34,42,76,Se,0,1,0.0864,0.0022,0.092191584,0.0029529524,4,measured_target_oof_4_models,heldout_test_aggregate,0.0287218321363,0.0634697518637,0.120913416136,0.0708063059483,0.0213852780517,0.162997889948
34,44,78,Se,0,1,0.0686,0.0024,0.061926574,0.00060239347,4,measured_target_oof_4_models,heldout_test_aggregate,0.0184464351996,0.0434801388004,0.0803730091996,0.0462296085827,0.0156969654173,0.108156182583
34,46,80,Se,0,1,0.05042,0.00164,0.040057782,0.0012257203,4,measured_target_oof_4_models,heldout_test_aggregate,0.0136078550056,0.0264499269944,0.0536656370056,0.0346228446349,0.00543493736512,0.0746806266349
34,48,82,Se,0,1,0.0366,0.002,0.020354973,0.00066778396,4,measured_target_oof_4_models,heldout_test_aggregate,0.0148779305258,0.00547704247422,0.0352329035258,0.0361071786851,0,0.0564621516851
34,50,84,Se,0,1,0.021,0.003,0.011456686,0.00015953694,4,measured_target_oof_4_models,heldout_test_aggregate,0.0126665421517,0,0.0241232281517,0.0299707731708,0,0.0414274591708
34,52,86,Se,0,1,0.04284215561,,0.0103274025,0.0005905192,4,measured_target_oof_4_models,heldout_test_aggregate,0.0149654960798,0,0.0252928985798,0.0373814006643,0,0.0477088031643
34,54,88,Se,0,1,,,0.028250653,0.00785449,40,unmeasured_target_40_models,extrapolation_model_estimate,0.0247639606324,0.00348669236758,0.0530146136324,0.0631730526015,0,0.0914237056015
34,56,90,Se,0,1,,,0.031137753,0.011426485,40,unmeasured_target_40_models,extrapolation_model_estimate,0.0328737252145,0,0.0640114782145,0.0780527845206,0,0.109190537521
34,58,92,Se,0,1,,,0.050420087,0.01796092,40,unmeasured_target_40_models,extrapolation_model_estimate,0.0379200521736,0.0125000348264,0.0883401391736,0.0936019262206,0,0.144022013221
34,60,94,Se,0,1,,,0.079897024,0.035075933,40,unmeasured_target_40_models,extrapolation_model_estimate,0.0458360472316,0.0340609767684,0.125733071232,0.11774327689,0,0.19764030089
35,35,70,Br,0,1,0.02913171727,,0.034661427,0.0015751624,4,measured_target_oof_4_models,heldout_test_aggregate,0.0479320357071,0,0.0825934627071,0.117704223478,0,0.152365650478
36,32,68,Kr,0,1,,,0.038762636,0.005124461,40,unmeasured_target_40_models,extrapolation_model_estimate,0.0430330032766,0,0.0817956392766,0.100535434273,0,0.139298070273
36,34,70,Kr,0,1,,,0.05185911,0.003721671,40,unmeasured_target_40_models,extrapolation_model_estimate,0.0370009566149,0.0148581533851,0.0888600666149,0.0912592896101,0,0.14311839961
36,36,72,Kr,0,1,0.0932,0.013,0.056943186,0.0010480556,4,measured_target_oof_4_models,heldout_test_aggregate,0.0457784386708,0.0111647473292,0.102721624671,0.129855929975,0,0.186799115975
36,38,74,Kr,0,1,0.1254,0.0062,0.113901675,0.0051237103,4,measured_target_oof_4_models,heldout_test_aggregate,0.0534770198018,0.0604246551982,0.167378694802,0.125595173145,0,0.239496848145
36,40,76,Kr,0,1,0.1516,0.0052,0.10813461,0.0010283098,4,measured_target_oof_4_models,heldout_test_aggregate,0.0477211416066,0.0604134683934,0.155855751607,0.11805453133,0,0.22618914133
36,42,78,Kr,0,1,0.1268,0.0032,0.15124428,0.0041146977,4,measured_target_oof_4_models,heldout_test_aggregate,0.0318117203362,0.119432559664,0.183056000336,0.0890526401856,0.0621916398144,0.240296920186
36,44,80,Kr,0,1,0.0762,0.0024,0.085582204,0.0018555735,4,measured_target_oof_4_models,heldout_test_aggregate,0.0239578466584,0.0616243573416,0.109540050658,0.0595458667796,0.0260363372204,0.14512807078
36,46,82,Kr,0,1,0.04502,0.00128,0.05206146,0.0010246331,4,measured_target_oof_4_models,heldout_test_aggregate,0.0150236303977,0.0370378296023,0.0670850903977,0.0394578095174,0.0126036504826,0.0915192695174
36,48,84,Kr,0,1,0.02536,0.00076,0.026740856,0.00027684314,4,measured_target_oof_4_models,heldout_test_aggregate,0.0131925817515,0.0135482742485,0.0399334377515,0.0362418605876,0,0.0629827165876
36,50,86,Kr,0,1,0.02112,0.0019,0.018597782,0.00015270768,4,measured_target_oof_4_models,heldout_test_aggregate,0.0136617548638,0.00493602713623,0.0322595368638,0.0334422423272,0,0.0520400243272
36,52,88,Kr,0,1,0.0179,0.00186,0.03352521,0.00087413867,4,measured_target_oof_4_models,heldout_test_aggregate,0.0158664092262,0.0176588007738,0.0493916192262,0.0383833904372,0,0.0719086004372
36,54,90,Kr,0,1,0.0308,0.0368,0.036503207,0.0029966803,4,measured_target_oof_4_models,heldout_test_aggregate,0.0213142708683,0.0151889361317,0.0578174778683,0.056606753549,0,0.093109960549
36,56,92,Kr,0,1,0.04146,0.0014,0.047058225,0.0025232574,4,measured_target_oof_4_models,heldout_test_aggregate,0.0383385499848,0.00871967501515,0.0853967749848,0.0881266763506,0,0.135184901351
36,58,94,Kr,0,1,0.0494,0.0056,0.08459869,0.0014122638,4,measured_target_oof_4_models,heldout_test_aggregate,0.0670635199074,0.0175351700926,0.151662209907,0.174487786361,0,0.259086476361
36,60,96,Kr,0,1,0.0872,0.0186,0.1133968,0.0037442804,4,measured_target_oof_4_models,heldout_test_aggregate,0.0936001133826,0.0197966866174,0.206996913383,0.248766929028,0,0.362163729028
36,62,98,Kr,0,1,,,0.13365579,0.023258155,40,unmeasured_target_40_models,extrapolation_model_estimate,0.0801929973646,0.0534627926354,0.213848787365,0.195655463007,0,0.329311253007
36,64,100,Kr,0,1,,,0.12812135,0.022711266,40,unmeasured_target_40_models,extrapolation_model_estimate,0.0828402448401,0.0452811051599,0.21096159484,0.201866384655,0,0.329987734655
36,66,102,Kr,0,1,,,0.1399495,0.023207378,40,unmeasured_target_40_models,extrapolation_model_estimate,0.086720523921,0.053228976079,0.226670023921,0.224598642862,0,0.364548142862
37,37,74,Rb,0,1,,,0.07905077,0.02598237,40,unmeasured_target_40_models,extrapolation_model_estimate,0.0615211215098,0.0175296484902,0.14057189151,0.153982293641,0,0.233033063641
37,41,78,Rb,0,1,,,0.07609242,0.031706203,40,unmeasured_target_40_models,extrapolation_model_estimate,0.066554606582,0.00953781341802,0.142647026582,0.163578203532,0,0.239670623532
38,36,74,Sr,0,1,,,0.070964344,0.009717122,40,unmeasured_target_40_models,extrapolation_model_estimate,0.0694578060068,0.00150653799316,0.140422150007,0.178273080161,0,0.249237424161
38,38,76,Sr,0,1,0.216,0.028,0.10099231,0.0030984632,4,measured_target_oof_4_models,heldout_test_aggregate,0.0715392959946,0.0294530140054,0.172531605995,0.189971836226,0,0.290964146226
38,40,78,Sr,0,1,0.194,0.02,0.12470236,0.0019982217,4,measured_target_oof_4_models,heldout_test_aggregate,0.0749335936222,0.0497687663778,0.199635953622,0.202522299192,0,0.327224659192
38,42,80,Sr,0,1,0.1818,0.008,0.11913862,0.0011973794,4,measured_target_oof_4_models,heldout_test_aggregate,0.0641804569044,0.0549581630956,0.183319076904,0.168929632454,0,0.288068252454
38,44,82,Sr,0,1,0.101,0.005,0.09266288,0.00176967,4,measured_target_oof_4_models,heldout_test_aggregate,0.0354076336547,0.0572552463453,0.128070513655,0.0878323809412,0.00483049905879,0.180495260941
38,46,84,Sr,0,1,0.0584,0.0046,0.049189813,0.00051006925,4,measured_target_oof_4_models,heldout_test_aggregate,0.0200196722647,0.0291701407353,0.0692094852647,0.0513264589458,0,0.100516271946
38,48,86,Sr,0,1,0.02682,0.00154,0.025317205,0.00025615704,4,measured_target_oof_4_models,heldout_test_aggregate,0.0123006761596,0.0130165288404,0.0376178811596,0.0317038612583,0,0.0570210662583
38,50,88,Sr,0,1,0.01806,0.00056,0.023866855,0.001756339,4,measured_target_oof_4_models,heldout_test_aggregate,0.0129413918592,0.0109254631408,0.0368082468592,0.0325909284077,0,0.0564577834077
38,52,90,Sr,0,1,0.0204,0.0068,0.03180694,0.0004340679,4,measured_target_oof_4_models,heldout_test_aggregate,0.0145336602352,0.0172732797648,0.0463406002352,0.0384028826568,0,0.0702098226568
38,54,92,Sr,0,1,0.019,0.0096,0.045606744,0.0023247704,4,measured_target_oof_4_models,heldout_test_aggregate,0.0217997769369,0.0238069670631,0.0674065209369,0.0524286192158,0,0.0980353632158
38,56,94,Sr,0,1,0.0198,0.0094,0.049321406,0.0012792271,4,measured_target_oof_4_models,heldout_test_aggregate,0.0362189446023,0.0131024613977,0.0855403506023,0.0850502294988,0,0.134371635499
38,58,96,Sr,0,1,0.0462,0.0022,0.09440017,0.002956496,4,measured_target_oof_4_models,heldout_test_aggregate,0.0550381217269,0.0393620482731,0.149438291727,0.13712604533,0,0.23152621533
38,60,98,Sr,0,1,0.248,0.0122,0.12403864,0.0014920845,4,measured_target_oof_4_models,heldout_test_aggregate,0.139477086932,0,0.263515726932,0.38277368813,0,0.50681232813
38,62,100,Sr,0,1,0.244,0.034,0.20585446,0.019715574,4,measured_target_oof_4_models,heldout_test_aggregate,0.158985987911,0.0468684720888,0.364840447911,0.388001529123,0,0.593855989123
38,64,102,Sr,0,1,,,0.19623624,0.025327517,40,unmeasured_target_40_models,extrapolation_model_estimate,0.130895277745,0.0653409622545,0.327131517745,0.325591441761,0,0.521827681761
38,66,104,Sr,0,1,,,0.20849764,0.025930185,40,unmeasured_target_40_models,extrapolation_model_estimate,0.144102499466,0.0643951405338,0.352600139466,0.353272746358,0,0.561770386358
38,68,106,Sr,0,1,,,0.194563,0.033481374,40,unmeasured_target_40_models,extrapolation_model_estimate,0.1357323747,0.0588306252999,0.3302953747,0.334190452135,0,0.528753452135
38,70,108,Sr,0,1,,,0.11075099,0.049832698,40,unmeasured_target_40_models,extrapolation_model_estimate,0.145410930045,0,0.256161920045,0.36610450733,0,0.47685549733
39,39,78,Y,0,1,,,0.09006746,0.0280959,40,unmeasured_target_40_models,extrapolation_model_estimate,0.131572086836,0,0.221639546836,0.343697671829,0,0.433765131829
40,38,78,Zr,0,1,,,0.104979455,0.013976098,40,unmeasured_target_40_models,extrapolation_model_estimate,0.133544631141,0,0.238524086141,0.33385027267,0,0.43882972767
40,40,80,Zr,0,1,,,0.117491625,0.01698241,40,unmeasured_target_40_models,extrapolation_model_estimate,0.111286712867,0.0062049121331,0.228778337867,0.271262568642,0,0.388754193642
40,42,82,Zr,0,1,0.182,0.018,0.11763327,0.0032859305,4,measured_target_oof_4_models,heldout_test_aggregate,0.0490174059974,0.0686158640026,0.166650675997,0.126223511845,0,0.243856781845
40,44,84,Zr,0,1,0.0874,0.0048,0.07867277,0.002677379,4,measured_target_oof_4_models,heldout_test_aggregate,0.043798660082,0.034874109918,0.122471430082,0.10939562451,0,0.18806839451
40,46,86,Zr,0,1,0.0314,0.006,0.048054367,0.00013386743,4,measured_target_oof_4_models,heldout_test_aggregate,0.0256176919347,0.0224366750653,0.0736720589347,0.0589971441608,0,0.107051511161
40,48,88,Zr,0,1,0.0172,0.002,0.023608025,0.00013226407,4,measured_target_oof_4_models,heldout_test_aggregate,0.0152776983602,0.00833032663977,0.0388857233602,0.0370880003621,0,0.0606960253621
40,50,90,Zr,0,1,0.01254,0.00068,0.020528644,0.0020295035,4,measured_target_oof_4_models,heldout_test_aggregate,0.0142963180576,0.00623232594241,0.0348249620576,0.0348681093957,0,0.0553967533957
40,52,92,Zr,0,1,0.016,0.00078,0.019384587,0.00026010824,4,measured_target_oof_4_models,heldout_test_aggregate,0.0140507096907,0.00533387730933,0.0334352966907,0.0371888061917,0,0.0565733931917
40,54,94,Zr,0,1,0.01258,0.0009,0.031160843,0.00047395407,4,measured_target_oof_4_models,heldout_test_aggregate,0.0195676130379,0.0115932299621,0.0507284560379,0.0531706525285,0,0.0843314955285
40,56,96,Zr,0,1,0.00628,0.00066,0.05501727,0.008143142,4,measured_target_oof_4_models,heldout_test_aggregate,0.0272438653021,0.0277734046979,0.0822611353021,0.0724401135811,0,0.127457383581
40,60,100,Zr,0,1,0.222,0.0088,0.0944418,0.0012004938,4,measured_target_oof_4_models,heldout_test_aggregate,0.0745445632948,0.0198972367052,0.168986363295,0.196263682083,0,0.290705482083
40,62,102,Zr,0,1,0.27,0.024,0.13322778,0.006534878,4,measured_target_oof_4_models,heldout_test_aggregate,0.0963317410449,0.0368960389551,0.229559521045,0.261022078042,0,0.394249858042
40,64,104,Zr,0,1,0.3916,0.02,0.1549412,0.012140213,4,measured_target_oof_4_models,heldout_test_aggregate,0.11568854218,0.0392526578204,0.27062974218,0.297542402786,0,0.452483602786
40,66,106,Zr,0,1,0.31,0.01,0.17039748,0.009854071,4,measured_target_oof_4_models,heldout_test_aggregate,0.110162103341,0.0602353766588,0.280559583341,0.2563517534,0,0.4267492334
40,68,108,Zr,0,1,,,0.18386866,0.028109668,40,unmeasured_target_40_models,extrapolation_model_estimate,0.140495587831,0.0433730721689,0.324364247831,0.342690300161,0,0.526558960161
40,70,110,Zr,0,1,,,0.11681591,0.040627036,40,unmeasured_target_40_models,extrapolation_model_estimate,0.141546024371,0,0.258361934371,0.341410874264,0,0.458226784264
40,72,112,Zr,0,1,,,0.09099644,0.045081336,40,unmeasured_target_40_models,extrapolation_model_estimate,0.139795324444,0,0.230791764444,0.353035166244,0,0.444031606244
40,74,114,Zr,0,1,,,0.051825304,0.04975669,40,unmeasured_target_40_models,extrapolation_model_estimate,0.100547983706,0,0.152373287706,0.244765255617,0,0.296590559617
41,41,82,Nb,0,1,,,0.08825149,0.031684715,40,unmeasured_target_40_models,extrapolation_model_estimate,0.0895878557212,0,0.177839345721,0.227974885268,0,0.316226375268
42,40,82,Mo,0,1,,,0.15888983,0.021625698,40,unmeasured_target_40_models,extrapolation_model_estimate,0.106788341871,0.0521014881292,0.265678171871,0.290471674278,0,0.449361504278
42,42,84,Mo,0,1,,,0.17902967,0.023674877,40,unmeasured_target_40_models,extrapolation_model_estimate,0.0667642980518,0.112265371948,0.245793968052,0.163957665631,0.015072004369,0.342987335631
42,44,86,Mo,0,1,,,0.11099021,0.013489224,40,unmeasured_target_40_models,extrapolation_model_estimate,0.0404407981477,0.0705494118523,0.151431008148,0.0997863882928,0.0112038217072,0.210776598293
42,46,88,Mo,0,1,0.03557307751,,0.06553693,0.0020436582,4,measured_target_oof_4_models,heldout_test_aggregate,0.0285765622481,0.0369603677519,0.0941134922481,0.0767860522282,0,0.142322982228
42,48,90,Mo,0,1,,,0.035365753,0.004889899,40,unmeasured_target_40_models,extrapolation_model_estimate,0.0244344352441,0.0109313177559,0.0598001882441,0.061697099709,0,0.097062852709
42,50,92,Mo,0,1,0.0195,0.00086,0.02610375,0.00038379812,4,measured_target_oof_4_models,heldout_test_aggregate,0.0199441821881,0.0061595678119,0.0460479321881,0.0480721613628,0,0.0741759113628
42,52,94,Mo,0,1,0.04144,0.00148,0.029864714,0.0005021249,4,measured_target_oof_4_models,heldout_test_aggregate,0.017217228092,0.012647485908,0.047081942092,0.043976181355,0,0.073840895355
42,54,96,Mo,0,1,0.0555,0.00118,0.040945224,0.0005257889,4,measured_target_oof_4_models,heldout_test_aggregate,0.0169689633224,0.0239762606776,0.0579141873224,0.042517461549,0,0.083462685549
42,56,98,Mo,0,1,0.0539,0.00114,0.04511653,0.0009794477,4,measured_target_oof_4_models,heldout_test_aggregate,0.030848693329,0.014267836671,0.075965223329,0.0778827086439,0,0.122999238644
42,58,100,Mo,0,1,0.106,0.0044,0.078344144,0.0027780759,4,measured_target_oof_4_models,heldout_test_aggregate,0.0451966611445,0.0331474828555,0.123540805145,0.109510709588,0,0.187854853588
42,60,102,Mo,0,1,0.1952,0.009,0.16715464,0.0006255261,4,measured_target_oof_4_models,heldout_test_aggregate,0.0775814639586,0.0895731760414,0.244736103959,0.192510247584,0,0.359664887584
42,62,104,Mo,0,1,0.256,0.022,0.2147226,0.0041864133,4,measured_target_oof_4_models,heldout_test_aggregate,0.0682359364397,0.14648666356,0.28295853644,0.17933136331,0.03539123669,0.39405396331
42,64,106,Mo,0,1,0.258,0.013,0.2687134,0.03249937,4,measured_target_oof_4_models,heldout_test_aggregate,0.0946727394078,0.174040660592,0.363386139408,0.235011925301,0.0337014746994,0.503725325301
42,66,108,Mo,0,1,0.348,0.092,0.2031677,0.007290852,4,measured_target_oof_4_models,heldout_test_aggregate,0.0986624604088,0.104505239591,0.301830160409,0.229629655352,0,0.432797355352
42,68,110,Mo,0,1,,,0.25460598,0.028808407,40,unmeasured_target_40_models,extrapolation_model_estimate,0.0923248991844,0.162281080816,0.346930879184,0.2265755631,0.0280304168997,0.4811815431
42,70,112,Mo,0,1,,,0.17372823,0.043508757,40,unmeasured_target_40_models,extrapolation_model_estimate,0.0998595825963,0.0738686474037,0.273587812596,0.250301773571,0,0.424030003571
42,72,114,Mo,0,1,,,0.16484566,0.05002941,40,unmeasured_target_40_models,extrapolation_model_estimate,0.0953695684449,0.0694760915551,0.260215228445,0.243888254194,0,0.408733914194
42,74,116,Mo,0,1,,,0.10303126,0.056880563,40,unmeasured_target_40_models,extrapolation_model_estimate,0.088545797031,0.014485462969,0.191577057031,0.212573727985,0,0.315604987985
42,76,118,Mo,0,1,,,0.05688584,0.05363952,40,unmeasured_target_40_models,extrapolation_model_estimate,0.0493503244773,0.00753551552274,0.106236164477,0.125066702466,0,0.181952542466
43,43,86,Tc,0,1,,,0.080371246,0.048436727,40,unmeasured_target_40_models,extrapolation_model_estimate,0.0550124019169,0.0253588440831,0.135383647917,0.138507167861,0,0.218878413861
44,42,86,Ru,0,1,,,0.1919158,0.033049513,40,unmeasured_target_40_models,extrapolation_model_estimate,0.0546666863701,0.13724911363,0.24658248637,0.13968419912,0.0522316008801,0.33159999912
44,44,88,Ru,0,1,,,0.12907405,0.017001374,40,unmeasured_target_40_models,extrapolation_model_estimate,0.0490221668487,0.0800518831513,0.178096216849,0.120234992674,0.00883905732559,0.249309042674
44,46,90,Ru,0,1,,,0.07528261,0.0064134346,40,unmeasured_target_40_models,extrapolation_model_estimate,0.0346459333732,0.0406366766268,0.109928543373,0.0843270160384,0,0.159609626038
44,48,92,Ru,0,1,,,0.044494424,0.0053560315,40,unmeasured_target_40_models,extrapolation_model_estimate,0.0282750660252,0.0162193579748,0.0727694900252,0.0733383320756,0,0.117832756076
44,50,94,Ru,0,1,,,0.03171254,0.0046179136,40,unmeasured_target_40_models,extrapolation_model_estimate,0.0204408683993,0.0112716716007,0.0521534083993,0.0537473348792,0,0.0854598748792
44,52,96,Ru,0,1,0.04758,0.0013,0.043693956,0.0005029354,4,measured_target_oof_4_models,heldout_test_aggregate,0.0265184594846,0.0171754965154,0.0702124154846,0.065637314055,0,0.109331270055
44,54,98,Ru,0,1,0.0802,0.0026,0.05052509,0.0034727457,4,measured_target_oof_4_models,heldout_test_aggregate,0.0243689443374,0.0261561456626,0.0748940343374,0.0567696056141,0,0.107294695614
44,56,100,Ru,0,1,0.09854,0.00082,0.088854864,0.0052024783,4,measured_target_oof_4_models,heldout_test_aggregate,0.0269665224236,0.0618883415764,0.115821386424,0.0597693711945,0.0290854928055,0.148624235194
44,58,102,Ru,0,1,0.1264,0.0024,0.09533818,0.011461903,4,measured_target_oof_4_models,heldout_test_aggregate,0.0333644584492,0.0619737215508,0.128702638449,0.0843018578312,0.0110363221688,0.179640037831
44,60,104,Ru,0,1,0.1652,0.0034,0.1995222,0.023085788,4,measured_target_oof_4_models,heldout_test_aggregate,0.0341329903393,0.165389209661,0.233655190339,0.0908290773274,0.108693122673,0.290351277327
44,62,106,Ru,0,1,0.2148,0.019,0.20673132,0.0030008,4,measured_target_oof_4_models,heldout_test_aggregate,0.0495928929754,0.157138427025,0.256324212975,0.144884694871,0.061846625129,0.351616014871
44,64,108,Ru,0,1,0.1788,0.0138,0.21653874,0.0032325482,4,measured_target_oof_4_models,heldout_test_aggregate,0.0461538233507,0.170384916649,0.262692563351,0.12074313716,0.0957956028403,0.33728187716
44,66,110,Ru,0,1,0.2142,0.0122,0.26551986,0.004283967,4,measured_target_oof_4_models,heldout_test_aggregate,0.0441265764669,0.221393283533,0.309646436467,0.105517865051,0.160001994949,0.371037725051
44,68,112,Ru,0,1,0.2214,0.0192,0.24938764,0.004387963,4,measured_target_oof_4_models,heldout_test_aggregate,0.0551927082755,0.194194931725,0.304580348275,0.131165296815,0.118222343185,0.380552936815
44,70,114,Ru,0,1,,,0.17315355,0.03427143,40,unmeasured_target_40_models,extrapolation_model_estimate,0.0652878634498,0.10786568655,0.23844141345,0.167258948079,0.00589460192069,0.340412498079
44,72,116,Ru,0,1,,,0.17376402,0.039962683,40,unmeasured_target_40_models,extrapolation_model_estimate,0.0582424667726,0.115521553227,0.232006486773,0.144866565855,0.0288974541453,0.318630585855
44,74,118,Ru,0,1,,,0.13207033,0.042782873,40,unmeasured_target_40_models,extrapolation_model_estimate,0.0529823577664,0.0790879722336,0.185052687766,0.129807746874,0.00226258312589,0.261878076874
44,76,120,Ru,0,1,,,0.093116,0.038558014,40,unmeasured_target_40_models,extrapolation_model_estimate,0.0469166434995,0.0461993565005,0.140032643499,0.120541284153,0,0.213657284153
44,78,122,Ru,0,1,,,0.047691092,0.0198812,40,unmeasured_target_40_models,extrapolation_model_estimate,0.0351008797464,0.0125902122536,0.0827919717464,0.0880145271343,0,0.135705619134
44,80,124,Ru,0,1,,,0.02468556,0.014448046,40,unmeasured_target_40_models,extrapolation_model_estimate,0.0293328681497,0,0.0540184281497,0.0739398725074,0,0.0986254325074
45,45,90,Rh,0,1,,,0.06508425,0.032067135,40,unmeasured_target_40_models,extrapolation_model_estimate,0.0476974014997,0.0173868485003,0.1127816515,0.123835884486,0,0.188920134486
46,44,90,Pd,0,1,,,0.10507338,0.01395129,40,unmeasured_target_40_models,extrapolation_model_estimate,0.053672942673,0.051400437327,0.158746322673,0.135090182699,0,0.240163562699
46,46,92,Pd,0,1,,,0.06858724,0.0097378595,40,unmeasured_target_40_models,extrapolation_model_estimate,0.0415479904431,0.0270392495569,0.110135230443,0.104999449608,0,0.173586689608
46,48,94,Pd,0,1,,,0.041809086,0.008949951,40,unmeasured_target_40_models,extrapolation_model_estimate,0.0280829067988,0.0137261792012,0.0698919927988,0.0740035886612,0,0.115812674661
46,50,96,Pd,0,1,,,0.03214208,0.008575869,40,unmeasured_target_40_models,extrapolation_model_estimate,0.030642434275,0.00149964572498,0.062784514275,0.0734596092526,0,0.105601689253
46,52,98,Pd,0,1,0.01046692598,,0.061472863,0.0033781908,4,measured_target_oof_4_models,heldout_test_aggregate,0.0251119130816,0.0363609499184,0.0865847760816,0.068676119956,0,0.130148982956
46,54,100,Pd,0,1,0.0694,0.0032,0.037996575,0.00096897926,4,measured_target_oof_4_models,heldout_test_aggregate,0.028144948579,0.00985162642096,0.066141523579,0.0740243858951,0,0.112020960895
46,56,102,Pd,0,1,0.092,0.0046,0.043911733,0.00059228734,4,measured_target_oof_4_models,heldout_test_aggregate,0.0307620815469,0.0131496514531,0.0746738145469,0.0744442847517,0,0.118356017752
46,58,104,Pd,0,1,0.1058,0.003,0.10286595,0.00549088,4,measured_target_oof_4_models,heldout_test_aggregate,0.016474543116,0.086391406884,0.119340493116,0.0433377785062,0.0595281714938,0.146203728506
46,60,106,Pd,0,1,0.132,0.0034,0.12194665,0.002434664,4,measured_target_oof_4_models,heldout_test_aggregate,0.0252374911566,0.0967091588434,0.147184141157,0.0607663454562,0.0611803045438,0.182712995456
46,62,108,Pd,0,1,0.1528,0.004,0.14404052,0.00197948,4,measured_target_oof_4_models,heldout_test_aggregate,0.0320498477064,0.111990672294,0.176090367706,0.0775369228148,0.0665035971852,0.221577442815
46,64,110,Pd,0,1,0.173,0.0046,0.1565213,0.0038204722,4,measured_target_oof_4_models,heldout_test_aggregate,0.0300320231972,0.126489276803,0.186553323197,0.0755821567677,0.0809391432323,0.232103456768
46,66,112,Pd,0,1,0.128,0.022,0.19350529,0.003225945,4,measured_target_oof_4_models,heldout_test_aggregate,0.0304559933554,0.163049296645,0.223961283355,0.072874717516,0.120630572484,0.266380007516
46,68,114,Pd,0,1,0.166,0.03,0.17536265,0.0038846887,4,measured_target_oof_4_models,heldout_test_aggregate,0.037420088174,0.137942561826,0.212782738174,0.09125810059,0.08410454941,0.26662075059
46,70,116,Pd,0,1,0.114,0.036,0.123507805,0.0031827772,4,measured_target_oof_4_models,heldout_test_aggregate,0.0326361601073,0.0908716448927,0.156143965107,0.0788018198954,0.0447059851046,0.202309624895
46,72,118,Pd,0,1,,,0.12329491,0.01373933,40,unmeasured_target_40_models,extrapolation_model_estimate,0.0380733176209,0.0852215923791,0.161368227621,0.0924523558388,0.0308425541612,0.215747265839
46,74,120,Pd,0,1,,,0.10136487,0.018439963,40,unmeasured_target_40_models,extrapolation_model_estimate,0.0404623721745,0.0609024978255,0.141827242175,0.0977996616422,0.00356520835783,0.199164531642
46,76,122,Pd,0,1,,,0.07654019,0.019214706,40,unmeasured_target_40_models,extrapolation_model_estimate,0.0304751857233,0.0460650042767,0.107015375723,0.0740742640204,0.00246592597963,0.15061445402
46,78,124,Pd,0,1,,,0.042435996,0.008945897,40,unmeasured_target_40_models,extrapolation_model_estimate,0.032796885403,0.00963911059702,0.075232881403,0.0824562121837,0,0.124892208184
46,80,126,Pd,0,1,,,0.023170374,0.0072876504,40,unmeasured_target_40_models,extrapolation_model_estimate,0.0276453681348,0,0.0508157421348,0.0692852182558,0,0.0924555922558
46,82,128,Pd,0,1,,,0.007773434,0.006558172,40,unmeasured_target_40_models,extrapolation_model_estimate,0.0246971125815,0,0.0324705465815,0.0621231440655,0,0.0698965780655
46,84,130,Pd,0,1,,,0.012830919,0.011174132,40,unmeasured_target_40_models,extrapolation_model_estimate,0.0292560049478,0,0.0420869239478,0.0739515976723,0,0.0867825166723
47,47,94,Ag,0,1,,,0.032610126,0.009555796,40,unmeasured_target_40_models,extrapolation_model_estimate,0.0433749810298,0,0.0759851070298,0.10873494523,0,0.14134507123
48,46,94,Cd,0,1,,,0.06878741,0.009774924,40,unmeasured_target_40_models,extrapolation_model_estimate,0.0457088444088,0.0230785655912,0.114496254409,0.114496834032,0,0.183284244032
48,48,96,Cd,0,1,,,0.04877811,0.011026993,40,unmeasured_target_40_models,extrapolation_model_estimate,0.0331760963765,0.0156020136235,0.0819542063765,0.0800587143175,0,0.128836824317
48,50,98,Cd,0,1,,,0.044396713,0.013372114,40,unmeasured_target_40_models,extrapolation_model_estimate,0.0317568156195,0.0126398973805,0.0761535286195,0.0758061357874,0,0.120202848787
48,52,100,Cd,0,1,0.056,,0.020910613,0.00032008564,4,measured_target_oof_4_models,heldout_test_aggregate,0.0268270717629,0,0.0477376847629,0.0627097245765,0,0.0836203375765
48,54,102,Cd,0,1,0.0514,0.0046,0.0452985,0.005892676,4,measured_target_oof_4_models,heldout_test_aggregate,0.03758663999,0.00771186000996,0.08288513999,0.095406938704,0,0.140705438704
48,56,104,Cd,0,1,0.0674,0.0038,0.04544302,0.0004326105,4,measured_target_oof_4_models,heldout_test_aggregate,0.0229279300661,0.0225150899339,0.0683709500661,0.0585019588886,0,0.103944978889
48,58,106,Cd,0,1,0.0814,0.0024,0.063996546,0.000486818,4,measured_target_oof_4_models,heldout_test_aggregate,0.024957668465,0.039038877535,0.088954214465,0.057825149464,0.00617139653605,0.121821695464
48,60,108,Cd,0,1,0.0838,0.0028,0.11540707,0.0017093698,4,measured_target_oof_4_models,heldout_test_aggregate,0.0257265270161,0.0896805429839,0.141133597016,0.0603247378997,0.0550823321003,0.1757318079
48,62,110,Cd,0,1,0.0852,0.0042,0.14039972,0.0019296868,4,measured_target_oof_4_models,heldout_test_aggregate,0.0163809826947,0.124018737305,0.156780702695,0.0413780552182,0.0990216647818,0.181777775218
48,64,112,Cd,0,1,0.1002,0.0044,0.12235859,0.0017124773,4,measured_target_oof_4_models,heldout_test_aggregate,0.0203773357646,0.101981254235,0.142735925765,0.0515079637307,0.0708506262693,0.173866553731
48,66,114,Cd,0,1,0.1072,0.005,0.12250407,0.0020207516,4,measured_target_oof_4_models,heldout_test_aggregate,0.0196455377435,0.102858532257,0.142149607743,0.0538854819918,0.0686185880082,0.176389551992
48,68,116,Cd,0,1,0.116,0.052,0.11153975,0.0015181119,4,measured_target_oof_4_models,heldout_test_aggregate,0.0244616902513,0.0870780597487,0.136001440251,0.0644121716252,0.0471275783748,0.175951921625
48,70,118,Cd,0,1,0.1156,0.0088,0.09000456,0.0006863669,4,measured_target_oof_4_models,heldout_test_aggregate,0.0241167851529,0.0658877748471,0.114121345153,0.0619587083837,0.0280458516163,0.151963268384
48,72,120,Cd,0,1,0.0946,0.011,0.090866715,0.00087499525,4,measured_target_oof_4_models,heldout_test_aggregate,0.0270041970282,0.0638625179718,0.117870912028,0.074740310956,0.016126404044,0.165607025956
48,74,122,Cd,0,1,0.088,0.04,0.07790139,0.0015662154,4,measured_target_oof_4_models,heldout_test_aggregate,0.0237964989742,0.0541048910258,0.101697888974,0.057517200081,0.020384189919,0.135418590081
48,76,124,Cd,0,1,0.07,0.038,0.07994175,0.00656688,4,measured_target_oof_4_models,heldout_test_aggregate,0.0240969324594,0.0558448175406,0.104038682459,0.0571601469769,0.0227816030231,0.137101896977
48,78,126,Cd,0,1,0.0526,0.012,0.046651203,0.0013546327,4,measured_target_oof_4_models,heldout_test_aggregate,0.022296729256,0.024354473744,0.068947932256,0.0555296372258,0,0.102180840226
48,80,128,Cd,0,1,,,0.033603035,0.008132546,40,unmeasured_target_40_models,extrapolation_model_estimate,0.0221338740928,0.0114691609072,0.0557369090928,0.057141603703,0,0.090744638703
48,82,130,Cd,0,1,,,0.016337996,0.0049141953,40,unmeasured_target_40_models,extrapolation_model_estimate,0.020497066997,0,0.036835062997,0.0507904774211,0,0.0671284734211
48,84,132,Cd,0,1,,,0.018705312,0.0075732516,40,unmeasured_target_40_models,extrapolation_model_estimate,0.023952283393,0,0.042657595393,0.061397085602,0,0.080102397602
48,86,134,Cd,0,1,,,0.025395269,0.012613797,40,unmeasured_target_40_models,extrapolation_model_estimate,0.0237045474482,0.00169072155181,0.0490998164482,0.0611603303119,0,0.0865555993119
49,49,98,In,0,1,,,0.021996275,0.011940418,40,unmeasured_target_40_models,extrapolation_model_estimate,0.0366767005685,0,0.0586729755685,0.0923986603313,0,0.114394935331
50,50,100,Sn,0,1,,,0.07056647,0.04807516,40,unmeasured_target_40_models,extrapolation_model_estimate,0.0263144105325,0.0442520594675,0.0968808805325,0.067012108138,0.00355436186198,0.137578578138
50,52,102,Sn,0,1,,,0.035859317,0.020232279,40,unmeasured_target_40_models,extrapolation_model_estimate,0.0234957683545,0.0123635486455,0.0593550853545,0.0582547210364,0,0.0941140380364
50,54,104,Sn,0,1,0.0352,0.0056,0.031104365,0.0055535696,4,measured_target_oof_4_models,heldout_test_aggregate,0.0326268419726,0,0.0637312069726,0.0866480290468,0,0.117752394047
50,56,106,Sn,0,1,0.0418,0.0066,0.02234422,0.00096354185,4,measured_target_oof_4_models,heldout_test_aggregate,0.0175944426134,0.00474977738657,0.0399386626134,0.0535790551316,0,0.0759232751316
50,58,108,Sn,0,1,0.0448,0.0032,0.041717827,0.0016602959,4,measured_target_oof_4_models,heldout_test_aggregate,0.0223060523964,0.0194117746036,0.0640238793964,0.05560224249,0,0.09732006949
50,60,110,Sn,0,1,0.0462,0.0036,0.06174667,0.0007521964,4,measured_target_oof_4_models,heldout_test_aggregate,0.0139144697962,0.0478322002038,0.0756611397962,0.0383703373926,0.0233763326074,0.100117007393
50,62,112,Sn,0,1,0.0464,0.0022,0.0452704,0.0013718357,4,measured_target_oof_4_models,heldout_test_aggregate,0.0286223743321,0.0166480256679,0.0738927743321,0.0702974152629,0,0.115567815263
50,64,114,Sn,0,1,0.043,0.0026,0.044200256,0.0006175028,4,measured_target_oof_4_models,heldout_test_aggregate,0.0162333455827,0.0279669104173,0.0604336015827,0.0381210987513,0.00607915724868,0.0823213547513
50,66,116,Sn,0,1,0.04124,0.001,0.038702004,0.0004294948,4,measured_target_oof_4_models,heldout_test_aggregate,0.0165096597503,0.0221923442497,0.0552116637503,0.04048067156,0,0.07918267556
50,68,118,Sn,0,1,0.0414,0.0008,0.037534963,0.00055215956,4,measured_target_oof_4_models,heldout_test_aggregate,0.0107736020233,0.0267613609767,0.0483085650233,0.0253768534407,0.0121581095593,0.0629118164407
50,70,120,Sn,0,1,0.0395,0.00048,0.02941417,0.00033138038,4,measured_target_oof_4_models,heldout_test_aggregate,0.0131859081918,0.0162282618082,0.0426000781918,0.0286646571865,0.0007495128135,0.0580788271865
50,72,122,Sn,0,1,0.03774,0.0009,0.026321422,0.0006732068,4,measured_target_oof_4_models,heldout_test_aggregate,0.0133830638769,0.0129383581231,0.0397044858769,0.0325680907704,0,0.0588895127704
50,74,124,Sn,0,1,0.03244,0.0008,0.015946154,0.0005106045,4,measured_target_oof_4_models,heldout_test_aggregate,0.0120449836584,0.00390117034164,0.0279911376584,0.0298651708452,0,0.0458113248452
50,76,126,Sn,0,1,0.02538,0.00146,0.02621762,0.0019522901,4,measured_target_oof_4_models,heldout_test_aggregate,0.0147576319074,0.0114599880926,0.0409752519074,0.0348742915335,0,0.0610919115335
50,78,128,Sn,0,1,0.01542,0.00076,0.012023188,0.00037738308,4,measured_target_oof_4_models,heldout_test_aggregate,0.0149291812215,0,0.0269523692215,0.0369860684437,0,0.0490092564437
50,80,130,Sn,0,1,0.0046,0.001,0.028847972,0.0009899487,4,measured_target_oof_4_models,heldout_test_aggregate,0.0134811954675,0.0153667765325,0.0423291674675,0.0338984752798,0,0.0627464472798
50,82,132,Sn,0,1,0.0236,0.0052,0.016516585,0.007359589,4,measured_target_oof_4_models,heldout_test_aggregate,0.0127241090179,0.00379247598213,0.0292406940179,0.0331105835257,0,0.0496271685257
50,84,134,Sn,0,1,0.0058,0.001,0.017888248,0.00096628006,4,measured_target_oof_4_models,heldout_test_aggregate,0.0141905466131,0.00369770138693,0.0320787946131,0.0364452320163,0,0.0543334800163
50,86,136,Sn,0,1,,,0.008747318,0.0065967618,40,unmeasured_target_40_models,extrapolation_model_estimate,0.0157356551687,0,0.0244829731687,0.0375621622688,0,0.0463094802688
50,88,138,Sn,0,1,,,0.0108080385,0.0112677505,40,unmeasured_target_40_models,extrapolation_model_estimate,0.0184048489518,0,0.0292128874518,0.0456296305223,0,0.0564376690223
50,90,140,Sn,0,1,,,0.011223162,0.011885238,40,unmeasured_target_40_models,extrapolation_model_estimate,0.0213473399823,0,0.0325705019823,0.0548604195259,0,0.0660835815259
52,52,104,Te,0,1,,,0.04163757,0.011362024,40,unmeasured_target_40_models,extrapolation_model_estimate,0.0532555427394,0,0.0948931127394,0.12663694244,0,0.16827451244
52,54,106,Te,0,1,,,0.048659198,0.007894226,40,unmeasured_target_40_models,extrapolation_model_estimate,0.0549826585624,0,0.103641856562,0.134104564113,0,0.182763762113
52,56,108,Te,0,1,0.0774,0.0094,0.04564122,0.00021522303,4,measured_target_oof_4_models,heldout_test_aggregate,0.0591659661452,0,0.104807186145,0.139496749451,0,0.185137969451
52,58,110,Te,0,1,,,0.073997185,0.009371407,40,unmeasured_target_40_models,extrapolation_model_estimate,0.0449371480298,0.0290600369702,0.11893433303,0.113209234063,0,0.187206419063
52,60,112,Te,0,1,0.092,0.008,0.11388348,0.0028716067,4,measured_target_oof_4_models,heldout_test_aggregate,0.026788373995,0.087095106005,0.140671853995,0.0627259829098,0.0511574970902,0.17660946291
52,62,114,Te,0,1,0.1112,0.009,0.12942705,0.004567119,4,measured_target_oof_4_models,heldout_test_aggregate,0.0378619454822,0.0915651045178,0.167288995482,0.0926213367297,0.0368057132703,0.22204838673
52,64,116,Te,0,1,,,0.112463966,0.010529319,40,unmeasured_target_40_models,extrapolation_model_estimate,0.0319447568396,0.0805192091604,0.14440872284,0.0780129807008,0.0344509852992,0.190476946701
52,66,118,Te,0,1,0.114,0.02,0.124883786,0.002309981,4,measured_target_oof_4_models,heldout_test_aggregate,0.0217595090777,0.103124276922,0.146643295078,0.0546661240157,0.0702176619843,0.179549910016
52,68,120,Te,0,1,0.137,0.0066,0.121086314,0.006387691,4,measured_target_oof_4_models,heldout_test_aggregate,0.020627550931,0.100458763069,0.141713864931,0.0515801775424,0.0695061364576,0.172666491542
52,70,122,Te,0,1,0.13,0.06,0.089609906,0.00073742407,4,measured_target_oof_4_models,heldout_test_aggregate,0.0181641718385,0.0714457341615,0.107774077838,0.0499476977788,0.0396622082212,0.139557603779
52,72,124,Te,0,1,0.112,0.0056,0.08738066,0.0027750193,4,measured_target_oof_4_models,heldout_test_aggregate,0.0220782872374,0.0653023727626,0.109458947237,0.0597660045628,0.0276146554372,0.147146664563
52,74,126,Te,0,1,0.09476,0.00186,0.08919847,0.0018375092,4,measured_target_oof_4_models,heldout_test_aggregate,0.0237221255281,0.0654763444719,0.112920595528,0.0612152930509,0.0279831769491,0.150413763051
52,76,128,Te,0,1,0.076,0.00142,0.08616835,0.002189482,4,measured_target_oof_4_models,heldout_test_aggregate,0.0217661802828,0.0644021697172,0.107934530283,0.055822488696,0.030345861304,0.141990838696
52,78,130,Te,0,1,0.0592,0.002,0.07005493,0.0013204629,4,measured_target_oof_4_models,heldout_test_aggregate,0.0194969766982,0.0505579533018,0.0895519066982,0.0508458081986,0.0192091218014,0.120900738199
52,80,132,Te,0,1,0.0414,0.0034,0.07171398,0.003799144,4,measured_target_oof_4_models,heldout_test_aggregate,0.0218709532452,0.0498430267548,0.0935849332452,0.0517047042381,0.0200092757619,0.123418684238
52,82,134,Te,0,1,0.02068,0.0008,0.030440733,0.0012461082,4,measured_target_oof_4_models,heldout_test_aggregate,0.0233467005371,0.00709403246286,0.0537874335371,0.0517775002378,0,0.0822182332378
52,84,136,Te,0,1,0.0244,0.0036,0.047533132,0.0036227156,4,measured_target_oof_4_models,heldout_test_aggregate,0.0232133055082,0.0243198264918,0.0707464375082,0.0598762704154,0,0.107409402415
52,86,138,Te,0,1,,,0.04630039,0.008201325,40,unmeasured_target_40_models,extrapolation_model_estimate,0.0264747741548,0.0198256158452,0.0727751641548,0.0650320963194,0,0.111332486319
52,88,140,Te,0,1,,,0.05740244,0.020413967,40,unmeasured_target_40_models,extrapolation_model_estimate,0.0334141294106,0.0239883105894,0.0908165694106,0.086108343618,0,0.143510783618
52,90,142,Te,0,1,,,0.069887176,0.029356064,40,unmeasured_target_40_models,extrapolation_model_estimate,0.0383917824802,0.0314953935198,0.10827895848,0.0970665242659,0,0.166953700266
52,92,144,Te,0,1,,,0.04921846,0.044863865,40,unmeasured_target_40_models,extrapolation_model_estimate,0.0530226790621,0,0.102241139062,0.135436504078,0,0.184654964078
54,54,108,Xe,0,1,,,0.07782997,0.011070275,40,unmeasured_target_40_models,extrapolation_model_estimate,0.063450812593,0.014379157407,0.141280782593,0.163705127451,0,0.241535097451
54,56,110,Xe,0,1,,,0.08774607,0.010391303,40,unmeasured_target_40_models,extrapolation_model_estimate,0.0724391311344,0.0153069388656,0.160185201134,0.182674603662,0,0.270420673662
54,58,112,Xe,0,1,,,0.13870147,0.017915912,40,unmeasured_target_40_models,extrapolation_model_estimate,0.066593676636,0.072107793364,0.205295146636,0.162262276529,0,0.300963746529
54,60,114,Xe,0,1,0.1942,0.0116,0.26842287,0.0027855132,4,measured_target_oof_4_models,heldout_test_aggregate,0.070434321612,0.197988548388,0.338857191612,0.169374691274,0.0990481787265,0.437797561274
54,62,116,Xe,0,1,0.2422,0.0122,0.27627957,0.017940016,4,measured_target_oof_4_models,heldout_test_aggregate,0.0640620791453,0.212217490855,0.340341649145,0.167367570938,0.108911999062,0.443647140938
54,64,118,Xe,0,1,0.2766,0.009,0.260992,0.0038071175,4,measured_target_oof_4_models,heldout_test_aggregate,0.0466966034587,0.214295396541,0.307688603459,0.122366161192,0.138625838808,0.383358161192
54,66,120,Xe,0,1,0.3478,0.022,0.3105936,0.008288286,4,measured_target_oof_4_models,heldout_test_aggregate,0.0436151615135,0.266978438487,0.354208761513,0.108720938807,0.201872661193,0.419314538807
54,68,122,Xe,0,1,0.2698,0.0136,0.2747283,0.002037488,4,measured_target_oof_4_models,heldout_test_aggregate,0.0463860998685,0.228342200132,0.321114399868,0.109113008053,0.165615291947,0.383841308053
54,70,124,Xe,0,1,0.2144,0.0088,0.20169416,0.0027473264,4,measured_target_oof_4_models,heldout_test_aggregate,0.0380916339756,0.163602526024,0.239785793976,0.0945281220097,0.10716603799,0.29622228201
54,72,126,Xe,0,1,0.1652,0.012,0.21481761,0.003976096,4,measured_target_oof_4_models,heldout_test_aggregate,0.032747244102,0.182070365898,0.247564854102,0.083403915419,0.131413694581,0.298221525419
54,74,128,Xe,0,1,0.158,0.0076,0.17734003,0.0015443438,4,measured_target_oof_4_models,heldout_test_aggregate,0.031382666138,0.145957363862,0.208722696138,0.0809514540344,0.0963885759656,0.258291484034
54,76,130,Xe,0,1,0.1268,0.0058,0.16189098,0.0024490734,4,measured_target_oof_4_models,heldout_test_aggregate,0.028277319774,0.133613660226,0.190168299774,0.0788838127305,0.0830071672695,0.240774792731
54,78,132,Xe,0,1,0.0936,0.0048,0.12765507,0.0015624336,4,measured_target_oof_4_models,heldout_test_aggregate,0.0283751360784,0.0992799339216,0.156030206078,0.0736759826188,0.0539790873812,0.201331052619
54,80,134,Xe,0,1,0.0634,0.0036,0.07411299,0.005426955,4,measured_target_oof_4_models,heldout_test_aggregate,0.0244620419454,0.0496509480546,0.0985750319454,0.0589922038236,0.0151207861764,0.133105193824
54,82,136,Xe,0,1,0.0434,0.0066,0.038412932,0.0021711881,4,measured_target_oof_4_models,heldout_test_aggregate,0.0223210914702,0.0160918405298,0.0607340234702,0.0546203406243,0,0.0930332726243
54,84,138,Xe,0,1,0.076,0.02,0.050114337,0.0009995104,4,measured_target_oof_4_models,heldout_test_aggregate,0.0264921317366,0.0236222052634,0.0766064687366,0.0678696162937,0,0.117983953294
54,86,140,Xe,0,1,0.1044,0.008,0.086244956,0.0024577582,4,measured_target_oof_4_models,heldout_test_aggregate,0.0482936822325,0.0379512737675,0.134538638233,0.125375562248,0,0.211620518248
54,88,142,Xe,0,1,0.138,0.02,0.12796716,0.0056378134,4,measured_target_oof_4_models,heldout_test_aggregate,0.0709632764327,0.0570038835673,0.198930436433,0.185613719474,0,0.313580879474
54,90,144,Xe,0,1,0.146,0.034,0.20771265,0.003101886,4,measured_target_oof_4_models,heldout_test_aggregate,0.0667653398055,0.140947310194,0.274477989806,0.16946492972,0.0382477202795,0.37717757972
54,92,146,Xe,0,1,,,0.18135639,0.065230384,40,unmeasured_target_40_models,extrapolation_model_estimate,0.0975833495069,0.0837730404931,0.278939739507,0.253841852815,0,0.435198242815
54,94,148,Xe,0,1,,,0.13706133,0.11229725,40,unmeasured_target_40_models,extrapolation_model_estimate,0.101055770757,0.0360055592428,0.238117100757,0.266619089654,0,0.403680419654
54,96,150,Xe,0,1,,,0.10965364,0.15246806,40,unmeasured_target_40_models,extrapolation_model_estimate,0.118660443922,0,0.228314083922,0.304358467241,0,0.414012107241
56,58,114,Ba,0,1,,,0.19499925,0.024082517,40,unmeasured_target_40_models,extrapolation_model_estimate,0.101865171376,0.0931340786236,0.296864421376,0.250448712258,0,0.445447962258
56,60,116,Ba,0,1,,,0.36040577,0.03645641,40,unmeasured_target_40_models,extrapolation_model_estimate,0.135544572457,0.224861197543,0.495950342457,0.325882377927,0.0345233920734,0.686288147927
56,62,118,Ba,0,1,,,0.40953594,0.029997244,40,unmeasured_target_40_models,extrapolation_model_estimate,0.112605847796,0.296930092204,0.522141787796,0.284610176254,0.124925763746,0.694146116254
56,64,120,Ba,0,1,,,0.4218939,0.018546585,40,unmeasured_target_40_models,extrapolation_model_estimate,0.0757138434595,0.346180056541,0.497607743459,0.192100653538,0.229793246462,0.613994553538
56,66,122,Ba,0,1,0.468,0.044,0.4241855,0.009742299,4,measured_target_oof_4_models,heldout_test_aggregate,0.0731985771872,0.350986922813,0.497384077187,0.204716199258,0.219469300742,0.628901699258
56,68,124,Ba,0,1,0.4192,0.0156,0.4363009,0.0030756225,4,measured_target_oof_4_models,heldout_test_aggregate,0.0683341752965,0.367966724704,0.504635075296,0.172694529808,0.263606370192,0.608995429808
56,70,126,Ba,0,1,0.348,0.16,0.29755345,0.009956095,4,measured_target_oof_4_models,heldout_test_aggregate,0.0567657553159,0.240787694684,0.354319205316,0.147966546812,0.149586903188,0.445519996812
56,72,128,Ba,0,1,0.2882,0.0106,0.30541727,0.0017553971,4,measured_target_oof_4_models,heldout_test_aggregate,0.0523377207364,0.253079549264,0.357754990736,0.13000454208,0.17541272792,0.43542181208
56,74,130,Ba,0,1,0.2276,0.0092,0.25462306,0.0030758257,4,measured_target_oof_4_models,heldout_test_aggregate,0.0377462264879,0.216876833512,0.292369286488,0.0972347644472,0.157388295553,0.351857824447
56,76,132,Ba,0,1,0.1694,0.0114,0.22068532,0.00278021,4,measured_target_oof_4_models,heldout_test_aggregate,0.0300144565663,0.190670863434,0.250699776566,0.0768507908371,0.143834529163,0.297536110837
56,78,134,Ba,0,1,0.133,0.0038,0.11127401,0.010565734,4,measured_target_oof_4_models,heldout_test_aggregate,0.0298688812322,0.0814051287678,0.141142891232,0.0837912174489,0.0274827925511,0.195065227449
56,80,136,Ba,0,1,0.0826,0.0022,0.07105618,0.00536362,4,measured_target_oof_4_models,heldout_test_aggregate,0.0228456948552,0.0482104851448,0.0939018748552,0.0599832008183,0.0110729791817,0.131039380818
56,82,138,Ba,0,1,0.046,0.022,0.03370208,0.00174902,4,measured_target_oof_4_models,heldout_test_aggregate,0.0215095798117,0.0121925001883,0.0552116598117,0.0488515757444,0,0.0825536557444
56,84,140,Ba,0,1,0.0968,0.0076,0.056939453,0.0018015653,4,measured_target_oof_4_models,heldout_test_aggregate,0.0261567064757,0.0307827465243,0.0830961594757,0.0634865193893,0,0.120425972389
56,86,142,Ba,0,1,0.1352,0.007,0.12142564,0.001987971,4,measured_target_oof_4_models,heldout_test_aggregate,0.0505205078253,0.0709051321747,0.171946147825,0.128633164806,0,0.250058804806
56,88,144,Ba,0,1,0.2024,0.011,0.18397146,0.009348947,4,measured_target_oof_4_models,heldout_test_aggregate,0.150280118451,0.0336913415491,0.334251578451,0.401222100682,0,0.585193560682
56,90,146,Ba,0,1,0.27,0.0136,0.38205332,0.009709101,4,measured_target_oof_4_models,heldout_test_aggregate,0.11056262783,0.27149069217,0.49261594783,0.257233749438,0.124819570562,0.639287069438
56,92,148,Ba,0,1,,,0.36362204,0.07095965,40,unmeasured_target_40_models,extrapolation_model_estimate,0.14306317632,0.22055886368,0.50668521632,0.372758454491,0,0.736380494491
56,94,150,Ba,0,1,,,0.3228978,0.13945396,40,unmeasured_target_40_models,extrapolation_model_estimate,0.187782624648,0.135115175352,0.510680424648,0.479172101294,0,0.802069901294
56,96,152,Ba,0,1,,,0.26767313,0.20371105,40,unmeasured_target_40_models,extrapolation_model_estimate,0.234622669509,0.0330504604913,0.502295799509,0.597075341237,0,0.864748471237
56,98,154,Ba,0,1,,,0.262152,0.2553928,40,unmeasured_target_40_models,extrapolation_model_estimate,0.245165374823,0.0169866251774,0.507317374823,0.633904173387,0,0.896056173387
58,64,122,Ce,0,1,,,0.76550317,0.07854883,40,unmeasured_target_40_models,extrapolation_model_estimate,0.151102381874,0.614400788126,0.916605551874,0.368811185575,0.396691984425,1.13431435557
58,66,124,Ce,0,1,0.7,0.164,0.85794526,0.011875907,4,measured_target_oof_4_models,heldout_test_aggregate,0.119789109632,0.738156150368,0.977734369632,0.307093392291,0.550851867709,1.16503865229
58,68,126,Ce,0,1,0.73,0.092,0.81297463,0.041512143,4,measured_target_oof_4_models,heldout_test_aggregate,0.135121114154,0.677853515846,0.948095744154,0.320231278167,0.492743351833,1.13320590817
58,70,128,Ce,0,1,0.454,0.026,0.602981,0.0106180245,4,measured_target_oof_4_models,heldout_test_aggregate,0.0908538363974,0.512127163603,0.693834836397,0.2189910512,0.3839899488,0.8219720512
58,72,130,Ce,0,1,0.351,0.0158,0.57584375,0.0030571437,4,measured_target_oof_4_models,heldout_test_aggregate,0.0780905513701,0.49775319863,0.65393430137,0.201488937757,0.374354812243,0.777332687757
58,74,132,Ce,0,1,0.338,0.022,0.33558458,0.0054483963,4,measured_target_oof_4_models,heldout_test_aggregate,0.111086828104,0.224497751896,0.446671408104,0.279924660004,0.0556599199964,0.615509240004
58,76,134,Ce,0,1,0.2124,0.017,0.3255314,0.0062355273,4,measured_target_oof_4_models,heldout_test_aggregate,0.0355245620187,0.290006837981,0.361055962019,0.0925383858946,0.232993014105,0.418069785895
58,78,136,Ce,0,1,0.162,0.018,0.16302678,0.0040950007,4,measured_target_oof_4_models,heldout_test_aggregate,0.0378271651878,0.125199614812,0.200853945188,0.0992699877489,0.0637567922511,0.262296767749
58,80,138,Ce,0,1,0.0934,0.002,0.08794295,0.0006698833,4,measured_target_oof_4_models,heldout_test_aggregate,0.0287406367342,0.0592023132658,0.116683586734,0.0725276340599,0.0154153159401,0.16047058406
58,82,140,Ce,0,1,0.06,0.003,0.025119502,0.00060245575,4,measured_target_oof_4_models,heldout_test_aggregate,0.0264681055813,0,0.0515876075813,0.0654221082411,0,0.0905416102411
58,84,142,Ce,0,1,0.09144,0.001,0.089991555,0.0027412747,4,measured_target_oof_4_models,heldout_test_aggregate,0.0398882604409,0.0501032945591,0.129879815441,0.0888124488607,0.0011791061393,0.178804003861
58,86,144,Ce,0,1,0.192,0.048,0.15103789,0.0014509158,4,measured_target_oof_4_models,heldout_test_aggregate,0.0395987857849,0.111439104215,0.190636675785,0.100913336658,0.050124553342,0.251951226658
58,88,146,Ce,0,1,0.194,0.022,0.29166046,0.008509888,4,measured_target_oof_4_models,heldout_test_aggregate,0.0629516747013,0.228708785299,0.354612134701,0.158409410555,0.133251049445,0.450069870555
58,90,148,Ce,0,1,0.404,0.022,0.48003948,0.0074309744,4,measured_target_oof_4_models,heldout_test_aggregate,0.177227531658,0.302811948342,0.657267011658,0.454085940513,0.025953539487,0.934125420513
58,92,150,Ce,0,1,0.636,0.096,0.53819096,0.036306083,4,measured_target_oof_4_models,heldout_test_aggregate,0.29850293971,0.23968802029,0.83669389971,0.681676901079,0,1.21986786108
58,94,152,Ce,0,1,1.18,0.26,0.5759152,0.013076337,4,measured_target_oof_4_models,heldout_test_aggregate,0.279172159041,0.296743040959,0.855087359041,0.641311880443,0,1.21722708044
58,96,154,Ce,0,1,,,0.64137846,0.19978857,40,unmeasured_target_40_models,extrapolation_model_estimate,0.369239000377,0.272139459623,1.01061746038,0.895548550039,0,1.53692701004
58,98,156,Ce,0,1,,,0.6421491,0.2797089,40,unmeasured_target_40_models,extrapolation_model_estimate,0.370299790965,0.271849309035,1.01244889097,0.927364223304,0,1.5695133233
58,100,158,Ce,0,1,,,0.5710865,0.2727538,40,unmeasured_target_40_models,extrapolation_model_estimate,0.337618662709,0.233467837291,0.908705162709,0.810434656818,0,1.38152115682
60,66,126,Nd,0,1,,,1.1258187,0.14951596,40,unmeasured_target_40_models,extrapolation_model_estimate,0.248481227766,0.877337472234,1.37429992777,0.640640974281,0.485177725719,1.76645967428
60,68,128,Nd,0,1,,,1.0581025,0.13443887,40,unmeasured_target_40_models,extrapolation_model_estimate,0.184716443566,0.873386056434,1.24281894357,0.465825026895,0.592277473105,1.52392752689
60,70,130,Nd,0,1,0.78,0.32,0.6729853,0.013317671,4,measured_target_oof_4_models,heldout_test_aggregate,0.180824941762,0.492160358238,0.853810241762,0.48537800633,0.18760729367,1.15836330633
60,72,132,Nd,0,1,0.716,0.118,0.60014546,0.0073160967,4,measured_target_oof_4_models,heldout_test_aggregate,0.174855113163,0.425290346837,0.775000573163,0.460882256765,0.139263203235,1.06102771676
60,74,134,Nd,0,1,0.3758,0.0104,0.46150893,0.0026274784,4,measured_target_oof_4_models,heldout_test_aggregate,0.101327161114,0.360181768886,0.562836091114,0.228098928999,0.233410001001,0.689607858999
60,76,136,Nd,0,1,0.332,0.046,0.33158496,0.0052139484,4,measured_target_oof_4_models,heldout_test_aggregate,0.0908989861416,0.240685973858,0.422483946142,0.216092142956,0.115492817044,0.547677102956
60,78,138,Nd,0,1,,,0.175155,0.018960465,40,unmeasured_target_40_models,extrapolation_model_estimate,0.0345094923336,0.140645507666,0.209664492334,0.0831592765894,0.0919957234106,0.258314276589
60,80,140,Nd,0,1,0.144,0.01,0.09121664,0.0013374283,4,measured_target_oof_4_models,heldout_test_aggregate,0.031792384323,0.059424255677,0.123009024323,0.0765472644872,0.0146693755128,0.167763904487
60,82,142,Nd,0,1,0.053,0.0026,0.02376405,0.00050898234,4,measured_target_oof_4_models,heldout_test_aggregate,0.0242030971814,0,0.0479671471814,0.0665395291289,0,0.0903035791289
60,84,144,Nd,0,1,0.1008,0.003,0.06258396,0.0009829579,4,measured_target_oof_4_models,heldout_test_aggregate,0.0385948135585,0.0239891464415,0.101178773559,0.092117840476,0,0.154701800476
60,86,146,Nd,0,1,0.1496,0.0044,0.1346187,0.006715342,4,measured_target_oof_4_models,heldout_test_aggregate,0.059454783684,0.075163916316,0.194073483684,0.152362684848,0,0.286981384848
60,88,148,Nd,0,1,0.2676,0.006,0.2867118,0.023384174,4,measured_target_oof_4_models,heldout_test_aggregate,0.103653281166,0.183058518834,0.390365081166,0.244792331588,0.041919468412,0.531504131588
60,90,150,Nd,0,1,0.5414,0.006,0.5183378,0.0031005414,4,measured_target_oof_4_models,heldout_test_aggregate,0.159395473899,0.358942326101,0.677733273899,0.409080441617,0.109257358383,0.927418241617
60,92,152,Nd,0,1,0.82,0.044,0.7333567,0.030841524,4,measured_target_oof_4_models,heldout_test_aggregate,0.281705372437,0.451651327563,1.01506207244,0.675376426163,0.0579802738369,1.40873312616
60,94,154,Nd,0,1,0.47,0.132,1.2149163,0.011953198,4,measured_target_oof_4_models,heldout_test_aggregate,0.23325960174,0.98165669826,1.44817590174,0.618587948537,0.596328351463,1.83350424854
60,96,156,Nd,0,1,,,0.9635156,0.16918881,40,unmeasured_target_40_models,extrapolation_model_estimate,0.481227797342,0.482287802658,1.44474339734,1.16005881716,0,2.12357441716
60,98,158,Nd,0,1,,,1.0035466,0.2421333,40,unmeasured_target_40_models,extrapolation_model_estimate,0.48791735987,0.51562924013,1.49146395987,1.19429826935,0,2.19784486935
60,100,160,Nd,0,1,,,0.9201833,0.24771824,40,unmeasured_target_40_models,extrapolation_model_estimate,0.388190391941,0.531992908059,1.30837369194,0.952193582496,0,1.8723768825
60,102,162,Nd,0,1,,,0.8750674,0.31428504,40,unmeasured_target_40_models,extrapolation_model_estimate,0.443391986878,0.431675413122,1.31845938688,1.09672169271,0,1.97178909271
62,68,130,Sm,0,1,,,1.2363904,0.1871734,40,unmeasured_target_40_models,extrapolation_model_estimate,0.184988357458,1.05140204254,1.42137875746,0.47267665865,0.76371374135,1.70906705865
62,70,132,Sm,0,1,,,0.85174066,0.10722854,40,unmeasured_target_40_models,extrapolation_model_estimate,0.213800545144,0.637940114856,1.06554120514,0.512162900208,0.339577759792,1.36390356021
62,72,134,Sm,0,1,0.828,0.068,0.6551908,0.017212873,4,measured_target_oof_4_models,heldout_test_aggregate,0.127843609045,0.527347190955,0.783034409045,0.310694586647,0.344496213353,0.965885386647
62,74,136,Sm,0,1,0.542,0.052,0.55364573,0.015589741,4,measured_target_oof_4_models,heldout_test_aggregate,0.153835204966,0.399810525034,0.707480934966,0.3614994716,0.1921462584,0.9151452016
62,76,138,Sm,0,1,0.26,0.038,0.40644434,0.010648281,4,measured_target_oof_4_models,heldout_test_aggregate,0.0463480406367,0.360096299363,0.452792380637,0.12446718683,0.28197715317,0.53091152683
62,78,140,Sm,0,1,0.2106,0.014,0.25045085,0.0005557793,4,measured_target_oof_4_models,heldout_test_aggregate,0.0279795306348,0.222471319365,0.278430380635,0.0797525493177,0.170698300682,0.330203399318
62,80,142,Sm,0,1,0.14,0.018,0.08360391,0.0010420438,4,measured_target_oof_4_models,heldout_test_aggregate,0.0360031942433,0.0476007157567,0.119607104243,0.0871525982407,0,0.170756508241
62,82,144,Sm,0,1,0.0518,0.0038,0.020632071,0.0007634494,4,measured_target_oof_4_models,heldout_test_aggregate,0.0396731857094,0,0.0603052567094,0.109877712087,0,0.130509783087
62,84,146,Sm,0,1,0.048,0.014,0.08609279,0.0016409673,4,measured_target_oof_4_models,heldout_test_aggregate,0.0311924586776,0.0549003313224,0.117285248678,0.0738694417181,0.0122233482819,0.159962231718
62,86,148,Sm,0,1,0.1426,0.007,0.13856995,0.014108125,4,measured_target_oof_4_models,heldout_test_aggregate,0.0819786511228,0.0565912988772,0.220548601123,0.205244823588,0,0.343814773588
62,88,150,Sm,0,1,0.2694,0.0052,0.32155403,0.0029994582,4,measured_target_oof_4_models,heldout_test_aggregate,0.114257217238,0.207296812762,0.435811247238,0.284115491559,0.0374385384407,0.605669521559
62,90,152,Sm,0,1,0.69222,0.00042,0.5991851,0.012985121,4,measured_target_oof_4_models,heldout_test_aggregate,0.181702637527,0.417482462473,0.780887737527,0.425010257926,0.174174842074,1.02419535793
62,92,154,Sm,0,1,0.869,0.0088,0.84337217,0.015722213,4,measured_target_oof_4_models,heldout_test_aggregate,0.209062094141,0.634310075859,1.05243426414,0.522742181583,0.320629988417,1.36611435158
62,94,156,Sm,0,1,1.44,,1.0278106,0.08470383,4,measured_target_oof_4_models,heldout_test_aggregate,0.185206160263,0.842604439737,1.21301676026,0.474637286263,0.553173313737,1.50244788626
62,96,158,Sm,0,1,,,1.1489817,0.16753422,40,unmeasured_target_40_models,extrapolation_model_estimate,0.353962558705,0.795019141295,1.5029442587,0.884169206398,0.264812493602,2.0331509064
62,98,160,Sm,0,1,,,1.228627,0.24011105,40,unmeasured_target_40_models,extrapolation_model_estimate,0.519720315368,0.708906684632,1.74834731537,1.26660254904,0,2.49522954904
62,100,162,Sm,0,1,,,1.1180954,0.26845497,40,unmeasured_target_40_models,extrapolation_model_estimate,0.467789438405,0.650305961595,1.5858848384,1.13308395842,0,2.25117935842
62,102,164,Sm,0,1,,,1.0734608,0.39529258,40,unmeasured_target_40_models,extrapolation_model_estimate,0.475589415611,0.597871384389,1.54905021561,1.19178371706,0,2.26524451706
62,104,166,Sm,0,1,,,1.0139093,0.37398687,40,unmeasured_target_40_models,extrapolation_model_estimate,0.518178745221,0.495730554779,1.53208804522,1.28115515003,0,2.29506445003
62,106,168,Sm,0,1,,,0.886841,0.3834134,40,unmeasured_target_40_models,extrapolation_model_estimate,0.505344862699,0.381496137301,1.3921858627,1.25683420497,0,2.14367520497
63,93,156,Eu,0,1,,,0.47273612,0.18540671,40,unmeasured_target_40_models,extrapolation_model_estimate,0.286196917337,0.186539202663,0.758933037337,0.739365911241,0,1.21210203124
64,70,134,Gd,0,1,,,0.72862345,0.06307143,40,unmeasured_target_40_models,extrapolation_model_estimate,0.181323559556,0.547299890444,0.909947009556,0.4458392229,0.2827842271,1.1744626729
64,72,136,Gd,0,1,,,0.6351062,0.058501925,40,unmeasured_target_40_models,extrapolation_model_estimate,0.149933789531,0.485172410469,0.785039989531,0.373065202787,0.262040997213,1.00817140279
64,74,138,Gd,0,1,0.436,0.026,0.42409986,0.02782085,4,measured_target_oof_4_models,heldout_test_aggregate,0.194947840866,0.229152019134,0.619047700866,0.524859877779,0,0.948959737779
64,76,140,Gd,0,1,,,0.31342515,0.04611481,40,unmeasured_target_40_models,extrapolation_model_estimate,0.083090615709,0.230334534291,0.396515765709,0.211242084388,0.102183065612,0.524667234388
64,78,142,Gd,0,1,,,0.16225609,0.026131028,40,unmeasured_target_40_models,extrapolation_model_estimate,0.0690744480672,0.0931816419328,0.231330538067,0.164614690195,0,0.326870780195
64,80,144,Gd,0,1,,,0.08097367,0.01294497,40,unmeasured_target_40_models,extrapolation_model_estimate,0.0553118559391,0.0256618140609,0.136285525939,0.14521948125,0,0.22619315125
64,82,146,Gd,0,1,0.002694277128,,0.037001472,0.0018744961,4,measured_target_oof_4_models,heldout_test_aggregate,0.0446745844194,0,0.0816760564194,0.118965125892,0,0.155966597892
64,84,148,Gd,0,1,0.0456,0.017,0.0684783,0.006299045,4,measured_target_oof_4_models,heldout_test_aggregate,0.0619601741194,0.00651812588057,0.130438474119,0.159618816367,0,0.228097116367
64,86,150,Gd,0,1,,,0.122195505,0.016540892,40,unmeasured_target_40_models,extrapolation_model_estimate,0.0691757874196,0.0530197175804,0.19137129242,0.18063190949,0,0.30282741449
64,88,152,Gd,0,1,0.331,0.013,0.22989133,0.013290546,4,measured_target_oof_4_models,heldout_test_aggregate,0.104636594726,0.125254735274,0.334527924726,0.273716844982,0,0.503608174982
64,90,154,Gd,0,1,0.7744,0.0032,0.41284922,0.031733945,4,measured_target_oof_4_models,heldout_test_aggregate,0.143736354588,0.269112865412,0.556585574588,0.335041947226,0.0778072727736,0.747891167226
64,92,156,Gd,0,1,0.94,0.22,0.68274623,0.0064857122,4,measured_target_oof_4_models,heldout_test_aggregate,0.199424220202,0.483322009798,0.882170450202,0.504202154571,0.178544075429,1.18694838457
64,94,158,Gd,0,1,1.018,0.022,0.7609534,0.036859497,4,measured_target_oof_4_models,heldout_test_aggregate,0.180944904935,0.580008495065,0.941898304935,0.424843580854,0.336109819146,1.18579698085
64,96,160,Gd,0,1,1.0366,0.0026,0.9547461,0.0020040718,4,measured_target_oof_4_models,heldout_test_aggregate,0.21830623243,0.73643986757,1.17305233243,0.536020193511,0.418725906489,1.49076629351
64,98,162,Gd,0,1,1.1,0.022,1.2105432,0.011339436,4,measured_target_oof_4_models,heldout_test_aggregate,0.336009483887,0.874533716113,1.54655268389,0.786692233778,0.423850966222,1.99723543378
64,100,164,Gd,0,1,1.058,0.054,0.8859377,0.033998717,4,measured_target_oof_4_models,heldout_test_aggregate,0.354749514017,0.531188185983,1.24068721402,0.940276626997,0,1.826214327
64,102,166,Gd,0,1,,,0.9779423,0.16242263,40,unmeasured_target_40_models,extrapolation_model_estimate,0.491258803579,0.486683496421,1.46920110358,1.26572721493,0,2.24366951493
64,104,168,Gd,0,1,,,0.93636227,0.17574324,40,unmeasured_target_40_models,extrapolation_model_estimate,0.560974803015,0.375387466985,1.49733707301,1.41369514869,0,2.35005741869
64,106,170,Gd,0,1,,,0.86281264,0.19806005,40,unmeasured_target_40_models,extrapolation_model_estimate,0.487285243462,0.375527396538,1.35009788346,1.26057950125,0,2.12339214125
64,108,172,Gd,0,1,,,0.5604358,0.27180567,40,unmeasured_target_40_models,extrapolation_model_estimate,0.43757627765,0.12285952235,0.99801207765,1.1519354728,0,1.7123712728
66,74,140,Dy,0,1,,,0.52402264,0.06187023,40,unmeasured_target_40_models,extrapolation_model_estimate,0.14000339038,0.38401924962,0.66402603038,0.330448644735,0.193573995265,0.854471284735
66,76,142,Dy,0,1,,,0.37501174,0.05015811,40,unmeasured_target_40_models,extrapolation_model_estimate,0.0928373867118,0.282174353288,0.467849126712,0.24140130245,0.13361043755,0.61641304245
66,78,144,Dy,0,1,,,0.19861189,0.030469725,40,unmeasured_target_40_models,extrapolation_model_estimate,0.0560659357302,0.14254595427,0.25467782573,0.145267360187,0.0533445298129,0.343879250187
66,80,146,Dy,0,1,,,0.09857658,0.014691765,40,unmeasured_target_40_models,extrapolation_model_estimate,0.0798376820451,0.0187388979549,0.178414262045,0.197840577509,0,0.296417157509
66,82,148,Dy,0,1,,,0.02613383,0.0067587565,40,unmeasured_target_40_models,extrapolation_model_estimate,0.0624871765534,0,0.0886210065534,0.153928364756,0,0.180062194756
66,84,150,Dy,0,1,,,0.07488336,0.011704688,40,unmeasured_target_40_models,extrapolation_model_estimate,0.0589806016787,0.0159027583213,0.133863961679,0.148049023615,0,0.222932383615
66,86,152,Dy,0,1,0.086,0.046,0.1725549,0.0019740697,4,measured_target_oof_4_models,heldout_test_aggregate,0.074621638704,0.097933261296,0.247176538704,0.174246319253,0,0.346801219253
66,88,154,Dy,0,1,0.484,0.024,0.27847517,0.005749013,4,measured_target_oof_4_models,heldout_test_aggregate,0.104080129702,0.174395040298,0.382555299702,0.250732444416,0.0277427255845,0.529207614416
66,90,156,Dy,0,1,0.744,0.024,0.5637105,0.006545157,4,measured_target_oof_4_models,heldout_test_aggregate,0.188080949299,0.375629550701,0.751791449299,0.470446008467,0.0932644915326,1.03415650847
66,92,158,Dy,0,1,0.932,0.022,0.91711223,0.017157186,4,measured_target_oof_4_models,heldout_test_aggregate,0.208207757087,0.708904472913,1.12531998709,0.526683423132,0.390428806868,1.44379565313
66,94,160,Dy,0,1,1.0098,0.008,1.0591619,0.014141782,4,measured_target_oof_4_models,heldout_test_aggregate,0.2163253484,0.8428365516,1.2754872484,0.511325535417,0.547836364583,1.57048743542
66,96,162,Dy,0,1,1.0454,0.0168,1.1773162,0.019950436,4,measured_target_oof_4_models,heldout_test_aggregate,0.176529752598,1.0007864474,1.3538459526,0.430567902908,0.746748297092,1.60788410291
66,98,164,Dy,0,1,1.1232,0.0136,1.2460551,0.015136038,4,measured_target_oof_4_models,heldout_test_aggregate,0.206446633626,1.03960846637,1.45250173363,0.521527935465,0.724527164535,1.76758303547
66,100,166,Dy,0,1,,,1.2064731,0.07053516,40,unmeasured_target_40_models,extrapolation_model_estimate,0.22101219578,0.98546090422,1.42748529578,0.550278489757,0.656194610243,1.75675158976
66,102,168,Dy,0,1,,,1.2559134,0.1437725,40,unmeasured_target_40_models,extrapolation_model_estimate,0.401799543697,0.854113856303,1.6577129437,0.955508655493,0.300404744507,2.21142205549
66,104,170,Dy,0,1,,,1.2155285,0.17808932,40,unmeasured_target_40_models,extrapolation_model_estimate,0.52402915855,0.69149934145,1.73955765855,1.37384452034,0,2.58937302034
66,106,172,Dy,0,1,,,1.1309397,0.21577142,40,unmeasured_target_40_models,extrapolation_model_estimate,0.544759827889,0.586179872111,1.67569952789,1.39594558771,0,2.52688528771
66,108,174,Dy,0,1,,,0.8399814,0.29056597,40,unmeasured_target_40_models,extrapolation_model_estimate,0.499008197104,0.340973202896,1.3389895971,1.22879863884,0,2.06878003884
66,110,176,Dy,0,1,,,0.6181045,0.3184007,40,unmeasured_target_40_models,extrapolation_model_estimate,0.479674840307,0.138429659693,1.09777934031,1.26583000409,0,1.88393450409
68,76,144,Er,0,1,,,0.37975425,0.049613956,40,unmeasured_target_40_models,extrapolation_model_estimate,0.106923412231,0.272830837769,0.486677662231,0.261212048496,0.118542201504,0.640966298496
68,78,146,Er,0,1,,,0.20672965,0.03057674,40,unmeasured_target_40_models,extrapolation_model_estimate,0.0848168655237,0.121912784476,0.291546515524,0.219215337876,0,0.425944987876
68,80,148,Er,0,1,,,0.10813446,0.014174885,40,unmeasured_target_40_models,extrapolation_model_estimate,0.0932303373987,0.0149041226013,0.201364797399,0.228133263292,0,0.336267723292
68,82,150,Er,0,1,,,0.030973207,0.0061355154,40,unmeasured_target_40_models,extrapolation_model_estimate,0.0695825964765,0,0.100555803476,0.176833343559,0,0.207806550559
68,84,152,Er,0,1,,,0.080583334,0.014869761,40,unmeasured_target_40_models,extrapolation_model_estimate,0.0872900608305,0,0.167873394831,0.212021413897,0,0.292604747897
68,86,154,Er,0,1,,,0.15412144,0.018393736,40,unmeasured_target_40_models,extrapolation_model_estimate,0.072914538997,0.081206901003,0.227035978997,0.180539638582,0,0.334661078582
68,88,156,Er,0,1,0.329,0.016,0.23344837,0.0055820392,4,measured_target_oof_4_models,heldout_test_aggregate,0.119274326768,0.114174043232,0.352722696768,0.305697746856,0,0.539146116856
68,90,158,Er,0,1,0.682,0.026,0.5379858,0.010036335,4,measured_target_oof_4_models,heldout_test_aggregate,0.139985736522,0.398000063478,0.677971536522,0.37427383903,0.16371196097,0.91225963903
68,92,160,Er,0,1,0.868,0.03,0.7824709,0.008248864,4,measured_target_oof_4_models,heldout_test_aggregate,0.168367273941,0.614103626059,0.950838173941,0.426509580482,0.355961319518,1.20898048048
68,94,162,Er,0,1,1.008,0.05,0.8608249,0.009246475,4,measured_target_oof_4_models,heldout_test_aggregate,0.127217961279,0.733606938721,0.988042861279,0.331688234661,0.529136665339,1.19251313466
68,96,164,Er,0,1,1.1,0.024,1.0224885,0.008126961,4,measured_target_oof_4_models,heldout_test_aggregate,0.186363694318,0.836124805682,1.20885219432,0.468164374043,0.554324125957,1.49065287404
68,98,166,Er,0,1,1.1496,0.0178,1.301863,0.01085875,4,measured_target_oof_4_models,heldout_test_aggregate,0.159788652947,1.14207434705,1.46165165295,0.411532681405,0.890330318595,1.7133956814
68,100,168,Er,0,1,1.1446,0.009,1.1607137,0.013457006,4,measured_target_oof_4_models,heldout_test_aggregate,0.221165588569,0.939548111431,1.38187928857,0.583945728578,0.576767971422,1.74465942858
68,102,170,Er,0,1,1.1676,0.0136,1.3133761,0.062050045,4,measured_target_oof_4_models,heldout_test_aggregate,0.20735733862,1.10601876138,1.52073343862,0.49045226113,0.82292383887,1.80382836113
68,104,172,Er,0,1,,,1.3225708,0.1779147,40,unmeasured_target_40_models,extrapolation_model_estimate,0.352507371095,0.970063428905,1.67507817109,0.871653506264,0.450917293736,2.19422430626
68,106,174,Er,0,1,,,1.2253224,0.14911702,40,unmeasured_target_40_models,extrapolation_model_estimate,0.429650694648,0.795671705352,1.65497309465,1.04878648174,0.176535918258,2.27410888174
68,108,176,Er,0,1,,,1.0333183,0.16837059,40,unmeasured_target_40_models,extrapolation_model_estimate,0.464920016411,0.568398283589,1.49823831641,1.14648720613,0,2.17980550613
68,110,178,Er,0,1,,,0.8067323,0.22016563,40,unmeasured_target_40_models,extrapolation_model_estimate,0.55058921251,0.25614308749,1.35732151251,1.38837580744,0,2.19510810744
68,112,180,Er,0,1,,,0.44889235,0.2572882,40,unmeasured_target_40_models,extrapolation_model_estimate,0.548774450447,0,0.997666800447,1.37759592397,0,1.82648827397
70,80,150,Yb,0,1,,,0.119634554,0.018524626,40,unmeasured_target_40_models,extrapolation_model_estimate,0.107087023714,0.012547530286,0.226721577714,0.258237775118,0,0.377872329118
70,82,152,Yb,0,1,,,0.0379227,0.01012335,40,unmeasured_target_40_models,extrapolation_model_estimate,0.0882848861619,0,0.126207586162,0.224261411309,0,0.262184111309
70,84,154,Yb,0,1,,,0.0870606,0.017210191,40,unmeasured_target_40_models,extrapolation_model_estimate,0.140765576509,0,0.227826176509,0.345676499291,0,0.432737099291
70,86,156,Yb,0,1,,,0.15774012,0.020500261,40,unmeasured_target_40_models,extrapolation_model_estimate,0.156087426628,0.00165269337198,0.313827546628,0.384354427518,0,0.542094547518
70,88,158,Yb,0,1,0.368,0.044,0.28613108,0.0055836863,4,measured_target_oof_4_models,heldout_test_aggregate,0.131328028862,0.154803051138,0.417459108862,0.313772058923,0,0.599903138923
70,90,160,Yb,0,1,0.488,0.032,0.6379397,0.02681991,4,measured_target_oof_4_models,heldout_test_aggregate,0.17527093641,0.46266876359,0.81321063641,0.443762486338,0.194177213662,1.08170218634
70,92,162,Yb,0,1,0.694,0.022,0.7645305,0.012907099,4,measured_target_oof_4_models,heldout_test_aggregate,0.170190204358,0.594340295642,0.934720704358,0.441144417743,0.323386082257,1.20567491774
70,94,164,Yb,0,1,0.866,0.028,0.8725364,0.009769689,4,measured_target_oof_4_models,heldout_test_aggregate,0.176900728588,0.695635671412,1.04943712859,0.405943731872,0.466592668128,1.27848013187
70,96,166,Yb,0,1,1.04,0.04,0.94898677,0.00615042,4,measured_target_oof_4_models,heldout_test_aggregate,0.147260889744,0.801725880256,1.09624765974,0.370043788323,0.578942981677,1.31903055832
70,98,168,Yb,0,1,1.15,0.024,1.1837068,0.010040989,4,measured_target_oof_4_models,heldout_test_aggregate,0.18956386725,0.99414293275,1.37327066725,0.453364898396,0.730341901604,1.6370716984
70,100,170,Yb,0,1,1.1442,0.014,1.0937359,0.0076065343,4,measured_target_oof_4_models,heldout_test_aggregate,0.187267593467,0.906468306533,1.28100349347,0.467959283177,0.625776616823,1.56169518318
70,102,172,Yb,0,1,1.218,0.03,1.356051,0.0141900405,4,measured_target_oof_4_models,heldout_test_aggregate,0.20703578659,1.14901521341,1.56308678659,0.503081611522,0.852969388478,1.85913261152
70,104,174,Yb,0,1,1.17,0.032,1.4435925,0.020389901,4,measured_target_oof_4_models,heldout_test_aggregate,0.224721018883,1.21887148112,1.66831351888,0.552860343027,0.890732156973,1.99645284303
70,106,176,Yb,0,1,1.0378,0.0178,1.4312185,0.02626351,4,measured_target_oof_4_models,heldout_test_aggregate,0.197712249356,1.23350625064,1.62893074936,0.48461431319,0.94660418681,1.91583281319
70,108,178,Yb,0,1,,,1.047226,0.10271994,40,unmeasured_target_40_models,extrapolation_model_estimate,0.377589745841,0.669636254159,1.42481574584,0.989333282162,0.0578927178381,2.03655928216
70,110,180,Yb,0,1,,,0.8834632,0.14835714,40,unmeasured_target_40_models,extrapolation_model_estimate,0.505726625745,0.377736574255,1.38918982575,1.23925800272,0,2.12272120272
70,112,182,Yb,0,1,,,0.5377461,0.21077901,40,unmeasured_target_40_models,extrapolation_model_estimate,0.513435784584,0.0243103154156,1.05118188458,1.29446086951,0,1.83220696951
70,114,184,Yb,0,1,,,0.17479919,0.12734434,40,unmeasured_target_40_models,extrapolation_model_estimate,0.52884246751,0,0.70364165751,1.31174787114,0,1.48654706114
71,99,170,Lu,0,1,0.911813346,,0.23157942,0.032110296,4,measured_target_oof_4_models,heldout_test_aggregate,0.156698970829,0.0748804491712,0.388278390829,0.381964382872,0,0.613543802872
72,82,154,Hf,0,1,,,0.04465365,0.010254735,40,unmeasured_target_40_models,extrapolation_model_estimate,0.102120682784,0,0.146774332784,0.2549209268,0,0.2995745768
72,84,156,Hf,0,1,,,0.09095366,0.01982262,40,unmeasured_target_40_models,extrapolation_model_estimate,0.128654557153,0,0.219608217153,0.348531362339,0,0.439485022339
72,86,158,Hf,0,1,,,0.15561375,0.024094902,40,unmeasured_target_40_models,extrapolation_model_estimate,0.164424733967,0,0.320038483967,0.413473317393,0,0.569087067393
72,88,160,Hf,0,1,,,0.27232802,0.029882787,40,unmeasured_target_40_models,extrapolation_model_estimate,0.184774830485,0.0875531895155,0.457102850485,0.453674247819,0,0.726002267819
72,90,162,Hf,0,1,0.268,0.02,0.5166748,0.005513324,4,measured_target_oof_4_models,heldout_test_aggregate,0.222693664245,0.293981135755,0.739368464245,0.516516886991,0.000157913008818,1.03319168699
72,92,164,Hf,0,1,0.364,0.034,0.6183318,0.03042158,4,measured_target_oof_4_models,heldout_test_aggregate,0.159820851872,0.458510948128,0.778152651872,0.401072378308,0.217259421692,1.01940417831
72,94,166,Hf,0,1,0.692,0.032,0.6876337,0.027241858,4,measured_target_oof_4_models,heldout_test_aggregate,0.187350836988,0.500282863012,0.874984536988,0.456800999119,0.230832700881,1.14443469912
72,96,168,Hf,0,1,0.8786,0.0072,0.7490186,0.0043017394,4,measured_target_oof_4_models,heldout_test_aggregate,0.13534177804,0.61367682196,0.88436037804,0.34819719653,0.40082140347,1.09721579653
72,98,170,Hf,0,1,1.022,0.036,0.96043,0.0098410575,4,measured_target_oof_4_models,heldout_test_aggregate,0.149565192238,0.810864807762,1.10999519224,0.40523827984,0.55519172016,1.36566827984
72,100,172,Hf,0,1,1.154,0.02,0.89370257,0.017848028,4,measured_target_oof_4_models,heldout_test_aggregate,0.143645091389,0.750057478611,1.03734766139,0.404494496192,0.489208073808,1.29819706619
72,102,174,Hf,0,1,1.076,0.04,1.0519619,0.016985316,4,measured_target_oof_4_models,heldout_test_aggregate,0.186006049478,0.865955850522,1.23796794948,0.454353804111,0.597608095889,1.50631570411
72,104,176,Hf,0,1,1.084,0.034,0.8484734,0.0032204736,4,measured_target_oof_4_models,heldout_test_aggregate,0.197978021149,0.650495378851,1.04645142115,0.465089512526,0.383383887474,1.31356291253
72,106,178,Hf,0,1,0.9472,0.0126,1.1701506,0.02478141,4,measured_target_oof_4_models,heldout_test_aggregate,0.223586789855,0.946563810145,1.39373738985,0.580740620561,0.589409979439,1.75089122056
72,108,180,Hf,0,1,0.9294,0.0006,0.9028611,0.023360133,4,measured_target_oof_4_models,heldout_test_aggregate,0.22365880911,0.67920229089,1.12651990911,0.616629206163,0.286231893837,1.51949030616
72,110,182,Hf,0,1,,,0.82226133,0.091315776,40,unmeasured_target_40_models,extrapolation_model_estimate,0.24464996627,0.57761136373,1.06691129627,0.629027969378,0.193233360622,1.45128929938
72,112,184,Hf,0,1,,,0.5701376,0.10538941,40,unmeasured_target_40_models,extrapolation_model_estimate,0.367906779657,0.202230820343,0.938044379657,0.919485246659,0,1.48962284666
72,114,186,Hf,0,1,,,0.21187453,0.11035456,40,unmeasured_target_40_models,extrapolation_model_estimate,0.467249817117,0,0.679124347117,1.16054755075,0,1.37242208075
72,116,188,Hf,0,1,,,0.33193937,0.19003746,40,unmeasured_target_40_models,extrapolation_model_estimate,0.481094051723,0,0.813033421723,1.18841925684,0,1.52035862684
72,118,190,Hf,0,1,,,0.2650286,0.2467189,40,unmeasured_target_40_models,extrapolation_model_estimate,0.434747289418,0,0.699775889418,1.07099412485,0,1.33602272485
74,84,158,W,0,1,,,0.10936137,0.032962486,40,unmeasured_target_40_models,extrapolation_model_estimate,0.151088838216,0,0.260450208216,0.378268768845,0,0.487630138845
74,86,160,W,0,1,,,0.1822893,0.038476195,40,unmeasured_target_40_models,extrapolation_model_estimate,0.151302838027,0.0309864619726,0.333592138027,0.376410281464,0,0.558699581464
74,88,162,W,0,1,0.1573720924,,0.4484942,0.0071061766,4,measured_target_oof_4_models,heldout_test_aggregate,0.143131442192,0.305362757808,0.591625642192,0.389814590952,0.0586796090477,0.838308790952
74,90,164,W,0,1,0.7358523177,,0.50882435,0.015250852,4,measured_target_oof_4_models,heldout_test_aggregate,0.242494502721,0.266329847279,0.751318852721,0.524838548967,0,1.03366289897
74,92,166,W,0,1,,,0.62113744,0.046031345,40,unmeasured_target_40_models,extrapolation_model_estimate,0.220174215585,0.400963224415,0.841311655585,0.546129438421,0.0750080015787,1.16726687842
74,94,168,W,0,1,0.644,0.032,0.7153131,0.005813661,4,measured_target_oof_4_models,heldout_test_aggregate,0.171572700186,0.543740399814,0.886885800186,0.437902228402,0.277410871598,1.1532153284
74,96,170,W,0,1,0.7,0.034,0.8092125,0.010763192,4,measured_target_oof_4_models,heldout_test_aggregate,0.153331658569,0.655880841431,0.962544158569,0.393366155056,0.415846344944,1.20257865506
74,98,172,W,0,1,1.0726,0.003,0.93271065,0.003518513,4,measured_target_oof_4_models,heldout_test_aggregate,0.146646798867,0.786063851133,1.07935744887,0.354521782662,0.578188867338,1.28723243266
74,100,174,W,0,1,0.876,0.07,0.92247224,0.0037375696,4,measured_target_oof_4_models,heldout_test_aggregate,0.143169514403,0.779302725597,1.0656417544,0.360237703784,0.562234536216,1.28270994378
74,102,176,W,0,1,0.9906,0.0062,0.95860744,0.044575818,4,measured_target_oof_4_models,heldout_test_aggregate,0.159595693514,0.799011746486,1.11820313351,0.387143323848,0.571464116152,1.34575076385
74,104,178,W,0,1,0.9104,0.0116,1.1177987,0.021463005,4,measured_target_oof_4_models,heldout_test_aggregate,0.18084523821,0.93695346179,1.29864393821,0.466012348418,0.651786351582,1.58381104842
74,106,180,W,0,1,0.83,0.028,1.0871792,0.011314668,4,measured_target_oof_4_models,heldout_test_aggregate,0.147223991118,0.939955208882,1.23440319112,0.374879069863,0.712300130137,1.46205826986
74,108,182,W,0,1,0.8246,0.0084,0.87943137,0.013901438,4,measured_target_oof_4_models,heldout_test_aggregate,0.203254076426,0.676177293574,1.08268544643,0.490472410815,0.388958959185,1.36990378082
74,110,184,W,0,1,0.7412,0.007,0.89505273,0.0034940427,4,measured_target_oof_4_models,heldout_test_aggregate,0.208582662645,0.686470067355,1.10363539265,0.512420518785,0.382632211215,1.40747324879
74,112,186,W,0,1,0.7,0.0076,0.5343391,0.021311311,4,measured_target_oof_4_models,heldout_test_aggregate,0.192421977441,0.341917122559,0.726761077441,0.526981935684,0.00735716431598,1.06132103568
74,114,188,W,0,1,0.542,0.076,0.2175888,0.023761159,4,measured_target_oof_4_models,heldout_test_aggregate,0.259464186629,0,0.477052986629,0.7332935323,0,0.9508823323
74,116,190,W,0,1,,,0.42329335,0.10244317,40,unmeasured_target_40_models,extrapolation_model_estimate,0.398346379505,0.0249469704949,0.821639729505,0.982618948052,0,1.40591229805
74,118,192,W,0,1,,,0.37742525,0.16043495,40,unmeasured_target_40_models,extrapolation_model_estimate,0.388170048476,0,0.765595298476,0.952828977746,0,1.33025422775
74,120,194,W,0,1,,,0.26299527,0.15531413,40,unmeasured_target_40_models,extrapolation_model_estimate,0.281770777392,0,0.544766047392,0.681630125564,0,0.944625395564
74,122,196,W,0,1,,,0.19196017,0.25960532,40,unmeasured_target_40_models,extrapolation_model_estimate,0.206753253075,0,0.398713423075,0.51199115625,0,0.70395132625
75,119,194,Re,0,1,,,0.21733002,0.12627783,40,unmeasured_target_40_models,extrapolation_model_estimate,0.381171287728,0,0.598501307728,0.885939039197,0,1.1032690592
76,86,162,Os,0,1,,,0.18560003,0.049405225,40,unmeasured_target_40_models,extrapolation_model_estimate,0.168518544294,0.0170814857059,0.354118574294,0.428840889524,0,0.614440919524
76,88,164,Os,0,1,,,0.32301465,0.07843311,40,unmeasured_target_40_models,extrapolation_model_estimate,0.219419476073,0.103595173927,0.542434126073,0.509620268993,0,0.832634918993
76,90,166,Os,0,1,,,0.5026834,0.09372619,40,unmeasured_target_40_models,extrapolation_model_estimate,0.239826085559,0.262857314441,0.742509485559,0.597271066019,0,1.09995446602
76,92,168,Os,0,1,,,0.5518791,0.04640979,40,unmeasured_target_40_models,extrapolation_model_estimate,0.245955335667,0.305923764333,0.797834435667,0.6316431415,0,1.1835222415
76,94,170,Os,0,1,,,0.603648,0.044977874,40,unmeasured_target_40_models,extrapolation_model_estimate,0.282370590817,0.321277409183,0.886018590817,0.688866461139,0,1.29251446114
76,96,172,Os,0,1,0.656,0.04,0.63798285,0.02846806,4,measured_target_oof_4_models,heldout_test_aggregate,0.181427765258,0.456555084742,0.819410615258,0.410399330052,0.227583519948,1.04838218005
76,98,174,Os,0,1,0.91,0.034,0.76327837,0.009463531,4,measured_target_oof_4_models,heldout_test_aggregate,0.165319265775,0.597959104225,0.928597635775,0.422568800968,0.340709569032,1.18584717097
76,100,176,Os,0,1,0.64,0.096,0.7442161,0.007083065,4,measured_target_oof_4_models,heldout_test_aggregate,0.132772518481,0.611443581519,0.876988618481,0.30526879953,0.43894730047,1.04948489953
76,102,178,Os,0,1,0.824,0.056,0.81137407,0.008435617,4,measured_target_oof_4_models,heldout_test_aggregate,0.130365303178,0.681008766822,0.941739373178,0.332431858822,0.478942211178,1.14380592882
76,104,180,Os,0,1,0.814,0.076,0.9934031,0.033074662,4,measured_target_oof_4_models,heldout_test_aggregate,0.126413390639,0.866989709361,1.11981649064,0.324374972807,0.669028127193,1.31777807281
76,106,182,Os,0,1,0.7792,0.017,0.7222154,0.004785357,4,measured_target_oof_4_models,heldout_test_aggregate,0.129185709467,0.593029690533,0.851401109467,0.350576857298,0.371638542702,1.0727922573
76,108,184,Os,0,1,0.6428,0.0158,0.7893666,0.06387886,4,measured_target_oof_4_models,heldout_test_aggregate,0.172374610569,0.616991989431,0.961741210569,0.462106561462,0.327260038538,1.25147316146
76,110,186,Os,0,1,0.6128,0.0144,0.6537473,0.009357857,4,measured_target_oof_4_models,heldout_test_aggregate,0.179788125714,0.473959174286,0.833535425714,0.472525883746,0.181221416254,1.12627318375
76,112,188,Os,0,1,0.5,0.0072,0.574221,0.008205937,4,measured_target_oof_4_models,heldout_test_aggregate,0.202552786031,0.371668213969,0.776773786031,0.463855984758,0.110365015242,1.03807698476
76,114,190,Os,0,1,0.4708,0.018,0.17254291,0.0028860248,4,measured_target_oof_4_models,heldout_test_aggregate,0.172523343355,1.95666452403e-05,0.345066253355,0.432309500965,0,0.604852410965
76,116,192,Os,0,1,0.406,0.02,0.47990668,0.034631815,4,measured_target_oof_4_models,heldout_test_aggregate,0.228392220655,0.251514459345,0.708298900655,0.626326902571,0,1.10623358257
76,118,194,Os,0,1,0.3001934868,,0.40312636,0.007295958,4,measured_target_oof_4_models,heldout_test_aggregate,0.263672137027,0.139454222973,0.666798497027,0.650020726082,0,1.05314708608
76,120,196,Os,0,1,,,0.33919662,0.06459248,40,unmeasured_target_40_models,extrapolation_model_estimate,0.275086787101,0.064109832899,0.614283407101,0.686023622538,0,1.02522024254
76,122,198,Os,0,1,,,0.22580174,0.15875788,40,unmeasured_target_40_models,extrapolation_model_estimate,0.186431211049,0.0393705289514,0.412232951049,0.453854010621,0,0.679655750621
76,124,200,Os,0,1,,,0.069973364,0.11764604,40,unmeasured_target_40_models,extrapolation_model_estimate,0.134892133108,0,0.204865497108,0.334554887929,0,0.404528251929
76,126,202,Os,0,1,,,0.013536314,0.044391952,40,unmeasured_target_40_models,extrapolation_model_estimate,0.115552207951,0,0.129088521951,0.276718908561,0,0.290255222561
78,88,166,Pt,0,1,,,0.42539746,0.11649902,40,unmeasured_target_40_models,extrapolation_model_estimate,0.19955095912,0.22584650088,0.62494841912,0.476460132987,0,0.901857592987
78,90,168,Pt,0,1,,,0.6070205,0.121739194,40,unmeasured_target_40_models,extrapolation_model_estimate,0.186323820444,0.420696679556,0.793344320444,0.470481618199,0.136538881801,1.0775021182
78,92,170,Pt,0,1,,,0.6074288,0.06927119,40,unmeasured_target_40_models,extrapolation_model_estimate,0.20626540914,0.40116339086,0.81369420914,0.527275354176,0.0801534458244,1.13470415418
78,94,172,Pt,0,1,,,0.6112611,0.051875908,40,unmeasured_target_40_models,extrapolation_model_estimate,0.208152781933,0.403108318067,0.819413881933,0.520186806796,0.0910742932041,1.1314479068
78,96,174,Pt,0,1,,,0.6268125,0.0407176,40,unmeasured_target_40_models,extrapolation_model_estimate,0.228092411978,0.398720088022,0.854904911978,0.546545389826,0.0802671101742,1.17335788983
78,98,176,Pt,0,1,0.51,0.046,0.74006367,0.012095659,4,measured_target_oof_4_models,heldout_test_aggregate,0.12665364991,0.61341002009,0.86671731991,0.318639717077,0.421423952923,1.05870338708
78,100,178,Pt,0,1,0.848,0.062,0.6951348,0.012190628,4,measured_target_oof_4_models,heldout_test_aggregate,0.116842902584,0.578291897416,0.811977702584,0.291553028521,0.403581771479,0.986687828521
78,102,180,Pt,0,1,0.932,0.086,0.8150686,0.009466954,4,measured_target_oof_4_models,heldout_test_aggregate,0.0964518448419,0.718616755158,0.911520444842,0.23095243003,0.58411616997,1.04602103003
78,104,182,Pt,0,1,0.692,0.04,0.69942886,0.003415088,4,measured_target_oof_4_models,heldout_test_aggregate,0.150104098592,0.549324761408,0.849532958592,0.348196954761,0.351231905239,1.04762581476
78,106,184,Pt,0,1,0.758,0.04,0.7319757,0.030594794,4,measured_target_oof_4_models,heldout_test_aggregate,0.128835994711,0.603139705289,0.860811694711,0.300395188855,0.431580511145,1.03237088885
78,108,186,Pt,0,1,0.608,0.024,0.6218979,0.0062726284,4,measured_target_oof_4_models,heldout_test_aggregate,0.10611283765,0.51578506235,0.72801073765,0.271189411085,0.350708488915,0.893087311085
78,110,188,Pt,0,1,0.52,0.094,0.61925703,0.0058225086,4,measured_target_oof_4_models,heldout_test_aggregate,0.156882300978,0.462374729022,0.776139330978,0.367480562528,0.251776467472,0.986737592528
78,112,190,Pt,0,1,0.3708,0.018,0.5399677,0.014276009,4,measured_target_oof_4_models,heldout_test_aggregate,0.161757647511,0.378210052489,0.701725347511,0.419854160586,0.120113539414,0.959821860586
78,114,192,Pt,0,1,0.388,0.013,0.5128476,0.0052546174,4,measured_target_oof_4_models,heldout_test_aggregate,0.115531708271,0.397315891729,0.628379308271,0.295653017952,0.217194582048,0.808500617952
78,116,194,Pt,0,1,0.3262,0.0136,0.4285902,0.01019699,4,measured_target_oof_4_models,heldout_test_aggregate,0.141510341393,0.287079858607,0.570100541393,0.36805869107,0.0605315089295,0.79664889107
78,118,196,Pt,0,1,0.2802,0.0136,0.4882806,0.028242618,4,measured_target_oof_4_models,heldout_test_aggregate,0.138115252092,0.350165347908,0.626395852092,0.395246431343,0.0930341686573,0.883527031343
78,120,198,Pt,0,1,0.2144,0.01,0.44359583,0.011527164,4,measured_target_oof_4_models,heldout_test_aggregate,0.13208433302,0.31151149698,0.57568016302,0.328049301508,0.115546528492,0.771645131508
78,122,200,Pt,0,1,,,0.23727942,0.10572242,40,unmeasured_target_40_models,extrapolation_model_estimate,0.146858765735,0.0904206542651,0.384138185735,0.378580050319,0,0.615859470319
78,124,202,Pt,0,1,,,0.07360026,0.09941759,40,unmeasured_target_40_models,extrapolation_model_estimate,0.125154785415,0,0.198755045415,0.323014449195,0,0.396614709195
78,126,204,Pt,0,1,,,0.0139981415,0.045578405,40,unmeasured_target_40_models,extrapolation_model_estimate,0.102344165039,0,0.116342306539,0.247161119972,0,0.261159261472
78,128,206,Pt,0,1,,,0.0078884335,0.018865196,40,unmeasured_target_40_models,extrapolation_model_estimate,0.140522406493,0,0.148410839993,0.338207492266,0,0.346095925766
78,130,208,Pt,0,1,,,0.035673812,0.083708294,40,unmeasured_target_40_models,extrapolation_model_estimate,0.184007835456,0,0.219681647456,0.456036521982,0,0.491710333982
80,90,170,Hg,0,1,,,0.3723366,0.092307664,40,unmeasured_target_40_models,extrapolation_model_estimate,0.17034814541,0.20198845459,0.54268474541,0.421518165863,0,0.793854765863
80,92,172,Hg,0,1,,,0.33951432,0.059107315,40,unmeasured_target_40_models,extrapolation_model_estimate,0.163347887693,0.176166432307,0.502862207693,0.411598875405,0,0.751113195405
80,96,176,Hg,0,1,,,0.28126115,0.023649367,40,unmeasured_target_40_models,extrapolation_model_estimate,0.165627818135,0.115633331865,0.446888968135,0.420684904448,0,0.701946054448
80,98,178,Hg,0,1,,,0.3046906,0.03633347,40,unmeasured_target_40_models,extrapolation_model_estimate,0.1888540468,0.1158365532,0.4935446468,0.468843000401,0,0.773533600401
80,100,180,Hg,0,1,0.29,0.042,0.2605967,0.008375281,4,measured_target_oof_4_models,heldout_test_aggregate,0.241576355515,0.0190203444847,0.502173055515,0.635050903598,0,0.895647603598
80,102,182,Hg,0,1,0.3354,0.0176,0.24988759,0.020193005,4,measured_target_oof_4_models,heldout_test_aggregate,0.0940467994004,0.1558407906,0.3439343894,0.220247502655,0.0296400873447,0.470135092655
80,104,184,Hg,0,1,0.3246,0.0142,0.37766808,0.0036547375,4,measured_target_oof_4_models,heldout_test_aggregate,0.102326936111,0.275341143889,0.479995016111,0.257498574584,0.120169505416,0.635166654584
80,106,186,Hg,0,1,0.294,0.042,0.31193995,0.00526459,4,measured_target_oof_4_models,heldout_test_aggregate,0.0824559760499,0.22948397395,0.39439592605,0.20333004136,0.10860990864,0.51526999136
80,108,188,Hg,0,1,0.344,0.054,0.24661489,0.004891954,4,measured_target_oof_4_models,heldout_test_aggregate,0.0732515077961,0.173363382204,0.319866397796,0.176146594393,0.0704682956065,0.422761484393
80,110,190,Hg,0,1,0.2919692359,,0.24769846,0.004603116,4,measured_target_oof_4_models,heldout_test_aggregate,0.0971254456235,0.150573014376,0.344823905624,0.254303628119,0,0.502002088119
80,112,192,Hg,0,1,,,0.18097876,0.04167154,40,unmeasured_target_40_models,extrapolation_model_estimate,0.100937973738,0.0800407862618,0.281916733738,0.264248715718,0,0.445227475718
80,114,194,Hg,0,1,0.2047986677,,0.26397252,0.00270223,4,measured_target_oof_4_models,heldout_test_aggregate,0.107754460494,0.156218059506,0.371726980494,0.273638208085,0,0.537610728085
80,116,196,Hg,0,1,0.2286,0.0164,0.11305994,0.003044691,4,measured_target_oof_4_models,heldout_test_aggregate,0.108730078274,0.00432986172555,0.221790018274,0.257713937051,0,0.370773877051
80,118,198,Hg,0,1,0.19224,0.0014,0.15563056,0.008242678,4,measured_target_oof_4_models,heldout_test_aggregate,0.104756524702,0.0508740352982,0.260387084702,0.298789949579,0,0.454420509579
80,120,200,Hg,0,1,0.171,0.0056,0.16370407,0.0048537035,4,measured_target_oof_4_models,heldout_test_aggregate,0.0960725386925,0.0676315313075,0.259776608692,0.262667718338,0,0.426371788338
80,122,202,Hg,0,1,0.123,0.0042,0.075088456,0.00083575636,4,measured_target_oof_4_models,heldout_test_aggregate,0.0742712909379,0.000817165062082,0.149359746938,0.220700981655,0,0.295789437655
80,124,204,Hg,0,1,0.0848,0.0042,0.015004252,0.0005746365,4,measured_target_oof_4_models,heldout_test_aggregate,0.0755918636805,0,0.0905961156805,0.189026789884,0,0.204031041884
80,126,206,Hg,0,1,1.951221187e-06,,0.11235489,0.038173027,4,measured_target_oof_4_models,heldout_test_aggregate,0.0503528225206,0.0620020674794,0.162707712521,0.118395589103,0,0.230750479103
80,128,208,Hg,0,1,,,0.005847036,0.0140183335,40,unmeasured_target_40_models,extrapolation_model_estimate,0.0996539331013,0,0.105500969101,0.244401938168,0,0.250248974168
80,130,210,Hg,0,1,,,0.0209166,0.052681442,40,unmeasured_target_40_models,extrapolation_model_estimate,0.0898012823579,0,0.110717882358,0.233025056217,0,0.253941656217
80,132,212,Hg,0,1,,,0.033538003,0.077334054,40,unmeasured_target_40_models,extrapolation_model_estimate,0.111686120598,0,0.145224123598,0.269975229538,0,0.303513232538
80,134,214,Hg,0,1,,,0.053673543,0.11797939,40,unmeasured_target_40_models,extrapolation_model_estimate,0.137917778395,0,0.191591321395,0.365369708716,0,0.419043251716
80,136,216,Hg,0,1,,,0.060614236,0.1319699,40,unmeasured_target_40_models,extrapolation_model_estimate,0.140708646608,0,0.201322882608,0.359921698671,0,0.420535934671
82,96,178,Pb,0,1,,,0.031293444,0.029290441,40,unmeasured_target_40_models,extrapolation_model_estimate,0.0805725830799,0,0.11186602708,0.193573232492,0,0.224866676492
82,98,180,Pb,0,1,,,0.031408884,0.035411704,40,unmeasured_target_40_models,extrapolation_model_estimate,0.0820546164539,0,0.113463500454,0.197122074947,0,0.228530958947
82,100,182,Pb,0,1,,,0.025696501,0.03165503,40,unmeasured_target_40_models,extrapolation_model_estimate,0.0775028452266,0,0.103199346227,0.188530617464,0,0.214227118464
82,102,184,Pb,0,1,,,0.026423018,0.035239495,40,unmeasured_target_40_models,extrapolation_model_estimate,0.0621948024537,0,0.0886178204537,0.15108629862,0,0.17750931662
82,104,186,Pb,0,1,0.038,0.0106,0.021187097,0.0008670722,4,measured_target_oof_4_models,heldout_test_aggregate,0.0462927972827,0,0.0674798942827,0.124481015947,0,0.145668112947
82,106,188,Pb,0,1,0.051,0.017,0.008254577,0.0017252296,4,measured_target_oof_4_models,heldout_test_aggregate,0.0531114480468,0,0.0613660250468,0.125845548853,0,0.134100125853
82,108,190,Pb,0,1,,,0.019013742,0.028901245,40,unmeasured_target_40_models,extrapolation_model_estimate,0.0598535039082,0,0.0788672459082,0.154248554249,0,0.173262296249
82,110,192,Pb,0,1,,,0.018094169,0.034892187,40,unmeasured_target_40_models,extrapolation_model_estimate,0.0465511979665,0,0.0646453669665,0.11986251582,0,0.13795668482
82,112,194,Pb,0,1,,,0.01645708,0.036933225,40,unmeasured_target_40_models,extrapolation_model_estimate,0.0513705598804,0,0.0678276398804,0.135406228002,0,0.151863308002
82,114,196,Pb,0,1,4.395833457e-07,,0.13106982,0.0024201218,4,measured_target_oof_4_models,heldout_test_aggregate,0.0349194329814,0.0961503870186,0.165989252981,0.0878020485116,0.0432677714884,0.218871868512
82,116,198,Pb,0,1,,,0.014988691,0.031855557,40,unmeasured_target_40_models,extrapolation_model_estimate,0.061297197537,0,0.076285888537,0.151705607797,0,0.166694298797
82,118,200,Pb,0,1,,,0.017696373,0.03420927,40,unmeasured_target_40_models,extrapolation_model_estimate,0.058672612952,0,0.076368985952,0.141467127806,0,0.159163500806
82,120,202,Pb,0,1,,,0.020787634,0.03438255,40,unmeasured_target_40_models,extrapolation_model_estimate,0.0517341677652,0,0.0725218017652,0.131888508285,0,0.152676142285
82,122,204,Pb,0,1,0.03174,0.00138,0.009380703,0.0007658152,4,measured_target_oof_4_models,heldout_test_aggregate,0.0433302975376,0,0.0527110005376,0.11142417721,0,0.12080488021
82,124,206,Pb,0,1,0.01978,0.00056,0.014756527,0.0051144743,4,measured_target_oof_4_models,heldout_test_aggregate,0.0409829862512,0,0.0557395132512,0.0904886923197,0,0.10524521932
82,126,208,Pb,0,1,0.0574,0.0036,6.233489e-05,3.6544855e-06,4,measured_target_oof_4_models,heldout_test_aggregate,0.0286615986425,0,0.0287239335325,0.0702691111695,0,0.0703314460595
82,128,210,Pb,0,1,0.0102,0.003,0.00030579447,2.7055656e-05,4,measured_target_oof_4_models,heldout_test_aggregate,0.043369994057,0,0.043675788527,0.108999225318,0,0.109305019788
82,130,212,Pb,0,1,,,0.00423638,0.007597618,40,unmeasured_target_40_models,extrapolation_model_estimate,0.0596332166234,0,0.0638695966234,0.142324178811,0,0.146560558811
82,132,214,Pb,0,1,,,0.006211827,0.014243785,40,unmeasured_target_40_models,extrapolation_model_estimate,0.073684846447,0,0.079896673447,0.180312805572,0,0.186524632572
82,134,216,Pb,0,1,,,0.007763285,0.017758084,40,unmeasured_target_40_models,extrapolation_model_estimate,0.0771455828718,0,0.0849088678718,0.182499850656,0,0.190263135656
82,136,218,Pb,0,1,,,0.0077236644,0.017596103,40,unmeasured_target_40_models,extrapolation_model_estimate,0.0858515438912,0,0.0935752082912,0.210578695958,0,0.218302360358
82,138,220,Pb,0,1,,,0.007895227,0.018823693,40,unmeasured_target_40_models,extrapolation_model_estimate,0.0902690432817,0,0.0981642702817,0.2289108954,0,0.2368061224
84,102,186,Po,0,1,,,0.31357884,0.10268346,40,unmeasured_target_40_models,extrapolation_model_estimate,0.155941413855,0.157637426145,0.469520253855,0.387515183239,0,0.701094023239
84,104,188,Po,0,1,,,0.29950595,0.09899375,40,unmeasured_target_40_models,extrapolation_model_estimate,0.149867591956,0.149638358044,0.449373541956,0.371154563376,0,0.670660513376
84,106,190,Po,0,1,,,0.25482115,0.087727495,40,unmeasured_target_40_models,extrapolation_model_estimate,0.0987267718429,0.156094378157,0.353547921843,0.249914143097,0.00490700690316,0.504735293097
84,108,192,Po,0,1,,,0.25299096,0.07221125,40,unmeasured_target_40_models,extrapolation_model_estimate,0.14645581098,0.10653514902,0.39944677098,0.343304377291,0,0.596295337291
84,110,194,Po,0,1,0.598,0.118,0.15983866,0.054292787,4,measured_target_oof_4_models,heldout_test_aggregate,0.104062047628,0.0557766123718,0.263900707628,0.243235872732,0,0.403074532732
84,112,196,Po,0,1,0.318,0.042,0.13830224,0.0043761586,4,measured_target_oof_4_models,heldout_test_aggregate,0.109317764696,0.0289844753038,0.247620004696,0.31492962259,0,0.45323186259
84,114,198,Po,0,1,,,0.09860186,0.066408284,40,unmeasured_target_40_models,extrapolation_model_estimate,0.0992636029172,0,0.197865462917,0.250080417802,0,0.348682277802
84,116,200,Po,0,1,0.2112029708,,0.17001092,0.01280916,4,measured_target_oof_4_models,heldout_test_aggregate,0.08937237293,0.08063854707,0.25938329293,0.213344892032,0,0.383355812032
84,118,202,Po,0,1,0.2323283515,,0.26811352,0.043074712,4,measured_target_oof_4_models,heldout_test_aggregate,0.101019100427,0.167094419573,0.369132620427,0.264401324295,0.00371219570452,0.532514844295
84,120,204,Po,0,1,,,0.28190997,0.08873635,40,unmeasured_target_40_models,extrapolation_model_estimate,0.0821733030754,0.199736666925,0.364083273075,0.211902745446,0.0700072245543,0.493812715446
84,122,206,Po,0,1,,,0.30585656,0.107795775,40,unmeasured_target_40_models,extrapolation_model_estimate,0.0855656677951,0.220290892205,0.391422227795,0.209086515238,0.0967700447616,0.514943075238
84,124,208,Po,0,1,,,0.1770088,0.06553011,40,unmeasured_target_40_models,extrapolation_model_estimate,0.0683148073631,0.108693992637,0.245323607363,0.163445476914,0.0135633230864,0.340454276914
84,126,210,Po,0,1,0.004,0.0008,0.0014924696,0.00014234193,4,measured_target_oof_4_models,heldout_test_aggregate,0.0663565686033,0,0.0678490382033,0.177985142987,0,0.179477612587
84,128,212,Po,0,1,0.01929748519,,0.01037328,0.00052948174,4,measured_target_oof_4_models,heldout_test_aggregate,0.0837092420983,0,0.0940825220983,0.192597320078,0,0.202970600078
84,130,214,Po,0,1,,,0.04972578,0.010634837,40,unmeasured_target_40_models,extrapolation_model_estimate,0.0860303129046,0,0.135756092905,0.223232062376,0,0.272957842376
84,132,216,Po,0,1,,,0.07451338,0.02124104,40,unmeasured_target_40_models,extrapolation_model_estimate,0.10898202476,0,0.18349540476,0.272779377279,0,0.347292757279
84,134,218,Po,0,1,,,0.106456384,0.053484093,40,unmeasured_target_40_models,extrapolation_model_estimate,0.14296571261,0,0.24942209661,0.361406071065,0,0.467862455065
84,136,220,Po,0,1,,,0.100661136,0.08895665,40,unmeasured_target_40_models,extrapolation_model_estimate,0.143016262077,0,0.243677398077,0.373890698755,0,0.474551834755
84,138,222,Po,0,1,,,0.085896656,0.100983106,40,unmeasured_target_40_models,extrapolation_model_estimate,0.148535181453,0,0.234431837453,0.392951078404,0,0.478847734404
84,140,224,Po,0,1,,,0.07424837,0.112381324,40,unmeasured_target_40_models,extrapolation_model_estimate,0.150206955718,0,0.224455325718,0.39050910281,0,0.46475747281
84,142,226,Po,0,1,,,0.06284897,0.11410469,40,unmeasured_target_40_models,extrapolation_model_estimate,0.146237204266,0,0.209086174266,0.368339655357,0,0.431188625357
86,108,194,Rn,0,1,,,0.34802344,0.059901822,40,unmeasured_target_40_models,extrapolation_model_estimate,0.196963495566,0.151059944434,0.544986935566,0.483912016025,0,0.831935456025
86,110,196,Rn,0,1,,,0.3118901,0.055949304,40,unmeasured_target_40_models,extrapolation_model_estimate,0.206845332302,0.105044767698,0.518735432302,0.518463190921,0,0.830353290921
86,112,198,Rn,0,1,,,0.25295442,0.05336466,40,unmeasured_target_40_models,extrapolation_model_estimate,0.202421958741,0.0505324612594,0.455376378741,0.522620859656,0,0.775575279656
86,114,200,Rn,0,1,,,0.12147303,0.07362647,40,unmeasured_target_40_models,extrapolation_model_estimate,0.150995103735,0,0.272468133735,0.374703249572,0,0.496176279572
86,116,202,Rn,0,1,0.2,0.058,0.2177618,0.005441331,4,measured_target_oof_4_models,heldout_test_aggregate,0.199157135752,0.0186046642485,0.416918935752,0.471250075568,0,0.689011875568
86,118,204,Rn,0,1,0.302,0.104,0.26629114,0.022238074,4,measured_target_oof_4_models,heldout_test_aggregate,0.124818831381,0.141472308619,0.391109971381,0.326477487969,0,0.592768627969
86,120,206,Rn,0,1,,,0.30014068,0.098771505,40,unmeasured_target_40_models,extrapolation_model_estimate,0.115841575013,0.184299104987,0.415982255013,0.286519130573,0.013621549427,0.586659810573
86,122,208,Rn,0,1,,,0.33774215,0.15073012,40,unmeasured_target_40_models,extrapolation_model_estimate,0.118367994842,0.219374155158,0.456110144842,0.294567772599,0.043174377401,0.632309922599
86,124,210,Rn,0,1,,,0.17085758,0.10723362,40,unmeasured_target_40_models,extrapolation_model_estimate,0.0901874152229,0.0806701647771,0.261044995223,0.223008299865,0,0.393865879865
86,126,212,Rn,0,1,,,0.0016123538,0.0020565214,40,unmeasured_target_40_models,extrapolation_model_estimate,0.064165946187,0,0.065778299987,0.159675957584,0,0.161288311384
86,128,214,Rn,0,1,0.000243307103,,0.110106476,0.004261473,4,measured_target_oof_4_models,heldout_test_aggregate,0.0727955068784,0.0373109691216,0.182901982878,0.194218086621,0,0.304324562621
86,130,216,Rn,0,1,,,0.060777552,0.033313453,40,unmeasured_target_40_models,extrapolation_model_estimate,0.116236983266,0,0.177014535266,0.285451173462,0,0.346228725462
86,132,218,Rn,0,1,0.1792488064,,0.32659414,0.006203271,4,measured_target_oof_4_models,heldout_test_aggregate,0.157927043503,0.168667096497,0.484521183503,0.382124639469,0,0.708718779469
86,134,220,Rn,0,1,0.3744,0.0126,0.2012591,0.0034662855,4,measured_target_oof_4_models,heldout_test_aggregate,0.216441144932,0,0.417700244932,0.535762561471,0,0.737021661471
86,136,222,Rn,0,1,0.472,0.03,0.16532122,0.004323755,4,measured_target_oof_4_models,heldout_test_aggregate,0.225312090612,0,0.390633310612,0.583197847578,0,0.748519067578
86,138,224,Rn,0,1,,,0.20364055,0.067906946,40,unmeasured_target_40_models,extrapolation_model_estimate,0.28297970572,0,0.48662025572,0.714916924658,0,0.918557474658
86,140,226,Rn,0,1,,,0.17496142,0.073710665,40,unmeasured_target_40_models,extrapolation_model_estimate,0.256208062941,0,0.431169482941,0.669198339658,0,0.844159759658
86,142,228,Rn,0,1,,,0.14144135,0.082510024,40,unmeasured_target_40_models,extrapolation_model_estimate,0.268212540932,0,0.409653890932,0.694364053063,0,0.835805403063
88,114,202,Ra,0,1,,,0.33754802,0.18247184,40,unmeasured_target_40_models,extrapolation_model_estimate,0.209372442439,0.128175577561,0.546920462439,0.525383875289,0,0.862931895289
88,116,204,Ra,0,1,,,0.5805436,0.048495162,40,unmeasured_target_40_models,extrapolation_model_estimate,0.225287419339,0.355256180661,0.805831019339,0.577145696629,0.00339790337092,1.15768929663
88,118,206,Ra,0,1,,,0.6349474,0.08889815,40,unmeasured_target_40_models,extrapolation_model_estimate,0.143986878243,0.490960521757,0.778934278243,0.344453011728,0.290494388272,0.979400411728
88,120,208,Ra,0,1,,,0.69401926,0.17167395,40,unmeasured_target_40_models,extrapolation_model_estimate,0.163691232996,0.530328027004,0.857710492996,0.400117904054,0.293901355946,1.09413716405
88,122,210,Ra,0,1,,,0.7173079,0.26029012,40,unmeasured_target_40_models,extrapolation_model_estimate,0.0963002785641,0.621007621436,0.813608178564,0.24476451934,0.47254338066,0.96207241934
88,124,212,Ra,0,1,,,0.344048,0.1729184,40,unmeasured_target_40_models,extrapolation_model_estimate,0.0770806358888,0.266967364111,0.421128635889,0.184772004065,0.159275995935,0.528820004065
88,126,214,Ra,0,1,,,0.0029059094,0.0042086253,40,unmeasured_target_40_models,extrapolation_model_estimate,0.0785609869098,0,0.0814668963098,0.198429400416,0,0.201335309816
88,128,216,Ra,0,1,,,0.031736493,0.04561971,40,unmeasured_target_40_models,extrapolation_model_estimate,0.105968343696,0,0.137704836696,0.268778402176,0,0.300514895176
88,130,218,Ra,0,1,0.2,0.02,0.09085663,0.0025552104,4,measured_target_oof_4_models,heldout_test_aggregate,0.147288269887,0,0.238144899887,0.337128298348,0,0.427984928348
88,132,220,Ra,0,1,,,0.3957347,0.10489233,40,unmeasured_target_40_models,extrapolation_model_estimate,0.124648323426,0.271086376574,0.520383023426,0.316936743652,0.0787979563482,0.712671443652
88,134,222,Ra,0,1,0.902,0.072,0.7579967,0.060540654,4,measured_target_oof_4_models,heldout_test_aggregate,0.165809322807,0.592187377193,0.923806022807,0.429323654881,0.328673045119,1.18732035488
88,136,224,Ra,0,1,0.798,0.0104,1.105259,0.011892926,4,measured_target_oof_4_models,heldout_test_aggregate,0.286743945109,0.818515054891,1.39200294511,0.744681739826,0.360577260174,1.84994073983
88,138,226,Ra,0,1,1.032,0.026,0.9383047,0.048330884,4,measured_target_oof_4_models,heldout_test_aggregate,0.366646846908,0.571657853092,1.30495154691,0.884021997417,0.0542827025829,1.82232669742
88,140,228,Ra,0,1,1.196,0.04,0.96484804,0.032053202,4,measured_target_oof_4_models,heldout_test_aggregate,0.330222310984,0.634625729016,1.29507035098,0.888523008021,0.0763250319795,1.85337104802
88,142,230,Ra,0,1,,,0.8893412,0.17995796,40,unmeasured_target_40_models,extrapolation_model_estimate,0.341860717544,0.547480482456,1.23120191754,0.879133463902,0.0102077360983,1.7684746639
88,144,232,Ra,0,1,,,0.621992,0.1972744,40,unmeasured_target_40_models,extrapolation_model_estimate,0.270934009772,0.351057990228,0.892926009772,0.693036140132,0,1.31502814013
88,146,234,Ra,0,1,,,0.53556025,0.26293862,40,unmeasured_target_40_models,extrapolation_model_estimate,0.413693042206,0.121867207794,0.949253292206,1.0451046529,0,1.5806649029
90,118,208,Th,0,1,,,0.6467301,0.09278989,40,unmeasured_target_40_models,extrapolation_model_estimate,0.230445662158,0.416284437842,0.877175762158,0.58853318166,0.0581969183396,1.23526328166
90,120,210,Th,0,1,,,0.682089,0.17596154,40,unmeasured_target_40_models,extrapolation_model_estimate,0.182346836387,0.499742163613,0.864435836387,0.438053252997,0.244035747003,1.120142253
90,122,212,Th,0,1,,,0.6914612,0.25439048,40,unmeasured_target_40_models,extrapolation_model_estimate,0.112651249421,0.578809950579,0.804112449421,0.283028045555,0.408433154445,0.974489245555
90,124,214,Th,0,1,,,0.3344664,0.16874734,40,unmeasured_target_40_models,extrapolation_model_estimate,0.101647016938,0.232819383062,0.436113416938,0.254779602721,0.0796867972789,0.589246002721
90,126,216,Th,0,1,,,0.0033484169,0.004092605,40,unmeasured_target_40_models,extrapolation_model_estimate,0.0785756705277,0,0.0819240874277,0.197672413424,0,0.201020830324
90,128,218,Th,0,1,,,0.03908329,0.053075366,40,unmeasured_target_40_models,extrapolation_model_estimate,0.086133481865,0,0.125216771865,0.214514360554,0,0.253597650554
90,130,220,Th,0,1,,,0.16853233,0.054305874,40,unmeasured_target_40_models,extrapolation_model_estimate,0.148475245484,0.0200570845156,0.317007575484,0.352626903376,0,0.521159233376
90,132,222,Th,0,1,0.596,0.05,0.28210095,0.00971158,4,measured_target_oof_4_models,heldout_test_aggregate,0.152411631184,0.129689318816,0.434512581184,0.370556924441,0,0.652657874441
90,134,224,Th,0,1,0.792,0.054,1.028155,0.025475986,4,measured_target_oof_4_models,heldout_test_aggregate,0.232334281803,0.795820718197,1.2604892818,0.600028306864,0.428126693136,1.62818330686
90,136,226,Th,0,1,1.364,0.07,1.3909386,0.041559532,4,measured_target_oof_4_models,heldout_test_aggregate,0.168993025118,1.22194557488,1.55993162512,0.451978817722,0.938959782278,1.84291741772
90,138,228,Th,0,1,1.41,0.024,1.7783718,0.03505775,4,measured_target_oof_4_models,heldout_test_aggregate,0.235491850598,1.5428799494,2.0138636506,0.55080458716,1.22756721284,2.32917638716
90,140,230,Th,0,1,1.628,0.042,1.9170926,0.07374576,4,measured_target_oof_4_models,heldout_test_aggregate,0.331869628026,1.58522297197,2.24896222803,0.818372733664,1.09871986634,2.73546533366
90,142,232,Th,0,1,1.804,0.076,1.7556657,0.036441974,4,measured_target_oof_4_models,heldout_test_aggregate,0.491629979845,1.26403572016,2.24729567984,1.34408500362,0.411580696376,3.09975070362
90,144,234,Th,0,1,1.584,0.128,1.514162,0.040441234,4,measured_target_oof_4_models,heldout_test_aggregate,0.465847907192,1.04831409281,1.98000990719,1.04204174982,0.472120250178,2.55620374982
90,146,236,Th,0,1,,,1.3654039,0.19667989,40,unmeasured_target_40_models,extrapolation_model_estimate,0.541098046684,0.824305853316,1.90650194668,1.3339757147,0.0314281853026,2.6993796147
90,148,238,Th,0,1,,,1.2213944,0.2206502,40,unmeasured_target_40_models,extrapolation_model_estimate,0.713469396966,0.507925003034,1.93486379697,1.84718224811,0,3.06857664811
92,122,214,U,0,1,,,0.5491898,0.17149824,40,unmeasured_target_40_models,extrapolation_model_estimate,0.12703913578,0.42215066422,0.67622893578,0.319098420825,0.230091379175,0.868288220825
92,124,216,U,0,1,,,0.27762976,0.12691015,40,unmeasured_target_40_models,extrapolation_model_estimate,0.111646428621,0.165983331379,0.389276188621,0.298525791946,0,0.576155551946
92,126,218,U,0,1,,,0.0035971429,0.0038048765,40,unmeasured_target_40_models,extrapolation_model_estimate,0.0722893855969,0,0.0758865284969,0.182778660122,0,0.186375803022
92,130,222,U,0,1,,,0.15852769,0.03356525,40,unmeasured_target_40_models,extrapolation_model_estimate,0.131957579448,0.0265701105517,0.290485269448,0.336339986829,0,0.494867676829
92,132,224,U,0,1,,,0.39244628,0.07910471,40,unmeasured_target_40_models,extrapolation_model_estimate,0.161877476039,0.230568803961,0.554323756039,0.403096475362,0,0.795542755362
92,134,226,U,0,1,,,0.9281653,0.0948849,40,unmeasured_target_40_models,extrapolation_model_estimate,0.233162891508,0.695002408492,1.16132819151,0.564823252985,0.363342047015,1.49298855299
92,136,228,U,0,1,,,1.3032262,0.14876883,40,unmeasured_target_40_models,extrapolation_model_estimate,0.241585899416,1.06164030058,1.54481209942,0.588433297981,0.714792902019,1.89165949798
92,138,230,U,0,1,1.9,0.22,1.7799058,0.03354166,4,measured_target_oof_4_models,heldout_test_aggregate,0.194309188141,1.58559661186,1.97421498814,0.498426101028,1.28147969897,2.27833190103
92,140,232,U,0,1,1.982,0.158,1.9842575,0.022721982,4,measured_target_oof_4_models,heldout_test_aggregate,0.352982353843,1.63127514616,2.33723985384,0.789959343141,1.19429815686,2.77421684314
92,142,234,U,0,1,2.044,0.1,2.8565965,0.014186779,4,measured_target_oof_4_models,heldout_test_aggregate,0.192875864209,2.66372063579,3.04947236421,0.464429870613,2.39216662939,3.32102637061
92,144,236,U,0,1,2.192,0.056,2.2335846,0.011379792,4,measured_target_oof_4_models,heldout_test_aggregate,0.516575371084,1.71700922892,2.75015997108,1.21804509262,1.01553950738,3.45162969262
92,146,238,U,0,1,2.438,0.124,1.7366325,0.028334359,4,measured_target_oof_4_models,heldout_test_aggregate,0.473466026164,1.26316647384,2.21009852616,1.31915515918,0.417477340822,3.05578765918
92,148,240,U,0,1,,,1.8592209,0.22312763,40,unmeasured_target_40_models,extrapolation_model_estimate,0.754477368677,1.10474353132,2.61369826868,1.97779337804,0,3.83701427804
92,150,242,U,0,1,,,1.62373,0.24793462,40,unmeasured_target_40_models,extrapolation_model_estimate,0.844930639811,0.778799360189,2.46866063981,2.21642661592,0,3.84015661592
92,152,244,U,0,1,,,1.1410583,0.32358426,40,unmeasured_target_40_models,extrapolation_model_estimate,0.921699607956,0.219358692044,2.06275790796,2.29650201293,0,3.43756031293
92,154,246,U,0,1,,,0.7416083,0.43062282,40,unmeasured_target_40_models,extrapolation_model_estimate,0.943312082942,0,1.68492038294,2.53345808917,0,3.27506638917
92,156,248,U,0,1,,,0.5948751,0.5362397,40,unmeasured_target_40_models,extrapolation_model_estimate,1.04659397377,0,1.64146907377,2.69949586805,0,3.29437096805
92,158,250,U,0,1,,,0.557722,0.5327627,40,unmeasured_target_40_models,extrapolation_model_estimate,1.04663840929,0,1.60436040929,2.70205712487,0,3.25977912487
92,162,254,U,0,1,,,0.17229818,0.3387619,40,unmeasured_target_40_models,extrapolation_model_estimate,0.963083349863,0,1.13538152986,2.42979201124,0,2.60209019124
93,141,234,Np,0,1,,,4.320384,1.5128647,40,unmeasured_target_40_models,extrapolation_model_estimate,0.3372686966,3.9831153034,4.6576526966,0.765581577686,3.55480242231,5.08596557769
94,134,228,Pu,0,1,,,1.0650369,0.1511533,40,unmeasured_target_40_models,extrapolation_model_estimate,0.256898278074,0.808138621926,1.32193517807,0.644065393162,0.420971506838,1.70910229316
94,138,232,Pu,0,1,,,2.2422626,0.23656999,40,unmeasured_target_40_models,extrapolation_model_estimate,0.178308884151,2.06395371585,2.42057148415,0.480859727792,1.76140287221,2.72312232779
94,140,234,Pu,0,1,,,2.5471444,0.22566622,40,unmeasured_target_40_models,extrapolation_model_estimate,0.223540386846,2.32360401315,2.77068478685,0.550121725801,1.9970226742,3.0972661258
94,142,236,Pu,0,1,,,2.7656355,0.33202845,40,unmeasured_target_40_models,extrapolation_model_estimate,0.267799358688,2.49783614131,3.03343485869,0.669636066419,2.09599943358,3.43527156642
94,144,238,Pu,0,1,2.452,0.068,2.679645,0.04877861,4,measured_target_oof_4_models,heldout_test_aggregate,0.584711784098,2.0949332159,3.2643567841,1.52048282814,1.15916217186,4.20012782814
94,146,240,Pu,0,1,2.626,0.078,3.8518946,0.071491614,4,measured_target_oof_4_models,heldout_test_aggregate,0.693150598158,3.15874400184,4.54504519816,1.83242674988,2.01946785012,5.68432134988
94,148,242,Pu,0,1,2.802,0.15,2.063012,0.060237993,4,measured_target_oof_4_models,heldout_test_aggregate,1.13989120507,0.923120794934,3.20290320507,2.6280804932,0,4.6910924932
94,150,244,Pu,0,1,2.722,0.136,1.9243085,0.11186302,4,measured_target_oof_4_models,heldout_test_aggregate,1.03567890582,0.888629594176,2.95998740582,2.69036317489,0,4.61467167489
94,152,246,Pu,0,1,,,1.7905531,0.32296693,40,unmeasured_target_40_models,extrapolation_model_estimate,1.14699962661,0.643553473385,2.93755272661,2.73713892393,0,4.52769202393
96,138,234,Cm,0,1,,,2.6041298,0.32029358,40,unmeasured_target_40_models,extrapolation_model_estimate,0.238771321166,2.36535847883,2.84290112117,0.565279117512,2.03885068249,3.16940891751
96,140,236,Cm,0,1,,,2.8586245,0.290169,40,unmeasured_target_40_models,extrapolation_model_estimate,0.174978743931,2.68364575607,3.03360324393,0.436078665791,2.42254583421,3.29470316579
96,142,238,Cm,0,1,,,3.1140156,0.32876396,40,unmeasured_target_40_models,extrapolation_model_estimate,0.339465535008,2.77455006499,3.45348113501,0.887086801905,2.22692879809,4.00110240191
96,144,240,Cm,0,1,2.852,0.196,3.182361,0.08930553,4,measured_target_oof_4_models,heldout_test_aggregate,0.231469469439,2.95089153056,3.41383046944,0.565060007255,2.61730099275,3.74742100725
96,146,242,Cm,0,1,,,3.5674338,0.34905374,40,unmeasured_target_40_models,extrapolation_model_estimate,0.457776836843,3.10965696316,4.02521063684,1.16736851021,2.40006528979,4.73480231021
96,148,244,Cm,0,1,2.916,0.146,3.3583674,0.059354126,4,measured_target_oof_4_models,heldout_test_aggregate,1.10606536511,2.25230203489,4.46443276511,3.03054802452,0.32781937548,6.38891542452
96,150,246,Cm,0,1,2.988,0.15,2.6696548,0.039244432,4,measured_target_oof_4_models,heldout_test_aggregate,1.28583729795,1.38381750205,3.95549209795,3.08255557612,0,5.75221037612
96,152,248,Cm,0,1,2.886,0.15,2.0529032,0.029991025,4,measured_target_oof_4_models,heldout_test_aggregate,1.27886004429,0.774043155711,3.33176324429,3.14751037569,0,5.20041357569
96,154,250,Cm,0,1,,,2.0515494,0.48662773,40,unmeasured_target_40_models,extrapolation_model_estimate,1.47747727967,0.574072120331,3.52902667967,3.52111988947,0,5.57266928947
98,140,238,Cf,0,1,,,3.5459695,0.5176003,40,unmeasured_target_40_models,extrapolation_model_estimate,0.259153422035,3.28681607797,3.80512292203,0.675578948933,2.87039055107,4.22154844893
98,142,240,Cf,0,1,,,3.822493,0.5882195,40,unmeasured_target_40_models,extrapolation_model_estimate,0.353775392367,3.46871760763,4.17626839237,0.920925846219,2.90156715378,4.74341884622
98,144,242,Cf,0,1,,,3.7508876,0.47929597,40,unmeasured_target_40_models,extrapolation_model_estimate,0.312959819535,3.43792778046,4.06384741954,0.823796137921,2.92709146208,4.57468373792
98,146,244,Cf,0,1,,,4.4080586,0.75023824,40,unmeasured_target_40_models,extrapolation_model_estimate,0.474301588393,3.93375701161,4.88236018839,1.21744964884,3.19060895116,5.62550824884
98,148,246,Cf,0,1,,,3.933749,0.53426,40,unmeasured_target_40_models,extrapolation_model_estimate,0.539359433992,3.39438956601,4.47310843399,1.28536518746,2.64838381254,5.21911418746
98,150,248,Cf,0,1,,,3.8970923,0.45263276,40,unmeasured_target_40_models,extrapolation_model_estimate,0.818155746273,3.07893655373,4.71524804627,2.04987710913,1.84721519087,5.94696940913
98,152,250,Cf,0,1,3.2,0.32,3.626037,0.081989326,4,measured_target_oof_4_models,heldout_test_aggregate,1.39215320511,2.23388379489,5.01819020511,3.45260615646,0.173430843539,7.07864315646
98,154,252,Cf,0,1,3.34,0.22,0.97004354,0.035277978,4,measured_target_oof_4_models,heldout_test_aggregate,0.893927574969,0.0761159650306,1.86397111497,2.38431409256,0,3.35435763256
98,156,254,Cf,0,1,,,1.8052776,0.7017388,40,unmeasured_target_40_models,extrapolation_model_estimate,1.69941220747,0.105865392525,3.50468980747,4.32231138206,0,6.12758898206
98,158,256,Cf,0,1,,,1.6788423,0.6599287,40,unmeasured_target_40_models,extrapolation_model_estimate,1.59663474993,0.0822075500736,3.27547704993,3.94778979992,0,5.62663209992
100,142,242,Fm,0,1,,,2.5115867,0.3959935,40,unmeasured_target_40_models,extrapolation_model_estimate,0.335951360672,2.17563533933,2.84753806067,0.848099749456,1.66348695054,3.35968644946
100,144,244,Fm,0,1,,,2.468403,0.3535806,40,unmeasured_target_40_models,extrapolation_model_estimate,0.358621733047,2.10978126695,2.82702473305,0.959367859688,1.50903514031,3.42777085969
100,146,246,Fm,0,1,,,2.9794753,0.5594379,40,unmeasured_target_40_models,extrapolation_model_estimate,0.397506539243,2.58196876076,3.37698183924,0.980718316443,1.99875698356,3.96019361644
100,148,248,Fm,0,1,,,2.7026343,0.44887757,40,unmeasured_target_40_models,extrapolation_model_estimate,0.445887252983,2.25674704702,3.14852155298,1.15648140166,1.54615289834,3.85911570166
100,150,250,Fm,0,1,,,2.7294867,0.4316704,40,unmeasured_target_40_models,extrapolation_model_estimate,0.530592834629,2.19889386537,3.26007953463,1.33997486035,1.38951183965,4.06946156035
100,152,252,Fm,0,1,,,2.53893,0.29183462,40,unmeasured_target_40_models,extrapolation_model_estimate,0.499789252193,2.03914074781,3.03871925219,1.22711592841,1.31181407159,3.76604592841
100,154,254,Fm,0,1,,,1.9533088,0.43468294,40,unmeasured_target_40_models,extrapolation_model_estimate,1.17517630945,0.778132490549,3.12848510945,3.00167404217,0,4.95498284217
100,156,256,Fm,0,1,,,1.2138507,0.38170752,40,unmeasured_target_40_models,extrapolation_model_estimate,1.41520461633,0,2.62905531633,3.54711641498,0,4.76096711498
100,158,258,Fm,0,1,,,1.166445,0.35473707,40,unmeasured_target_40_models,extrapolation_model_estimate,1.53586853608,0,2.70231353608,3.82571017961,0,4.99215517961
102,148,250,No,0,1,,,1.968845,0.2671149,40,unmeasured_target_40_models,extrapolation_model_estimate,0.478719552367,1.49012544763,2.44756455237,1.17997564101,0.788869358992,3.14882064101
102,150,252,No,0,1,,,1.9752556,0.32925805,40,unmeasured_target_40_models,extrapolation_model_estimate,0.44201111803,1.53324448197,2.41726671803,1.15129998694,0.82395561306,3.12655558694
102,152,254,No,0,1,,,1.9514208,0.35913995,40,unmeasured_target_40_models,extrapolation_model_estimate,0.556578746436,1.39484205356,2.50799954644,1.35485208389,0.596568716108,3.30627288389
102,154,256,No,0,1,,,1.6420481,0.34939802,40,unmeasured_target_40_models,extrapolation_model_estimate,0.579667884094,1.06238021591,2.22171598409,1.49889298156,0.143155118436,3.14094108156
102,156,258,No,0,1,,,1.021562,0.2432328,40,unmeasured_target_40_models,extrapolation_model_estimate,0.835367393269,0.186194606731,1.85692939327,2.08163235391,0,3.10319435391
102,158,260,No,0,1,,,1.0379201,0.23107986,40,unmeasured_target_40_models,extrapolation_model_estimate,1.19968161391,0,2.23760171391,2.97689354625,0,4.01481364625
102,160,262,No,0,1,,,0.91272324,0.21438083,40,unmeasured_target_40_models,extrapolation_model_estimate,1.5729048901,0,2.4856281301,4.06052350307,0,4.97324674307
104,150,254,Rf,0,1,,,2.0016217,0.29907036,40,unmeasured_target_40_models,extrapolation_model_estimate,0.585768386932,1.41585331307,2.58739008693,1.48401460503,0.517607094974,3.48563630503
104,152,256,Rf,0,1,,,1.9818957,0.2645306,40,unmeasured_target_40_models,extrapolation_model_estimate,0.521320549649,1.46057515035,2.50321624965,1.32017328232,0.661722417677,3.30206898232
104,154,258,Rf,0,1,,,1.7161642,0.33213505,40,unmeasured_target_40_models,extrapolation_model_estimate,0.508154047388,1.20801015261,2.22431824739,1.26908685418,0.447077345819,2.98525105418
104,156,260,Rf,0,1,,,1.1264015,0.25885856,40,unmeasured_target_40_models,extrapolation_model_estimate,0.538336760513,0.588064739487,1.66473826051,1.39407192555,0,2.52047342555
104,158,262,Rf,0,1,,,1.1924511,0.22526641,40,unmeasured_target_40_models,extrapolation_model_estimate,0.574618163636,0.617832936364,1.76706926364,1.47164411801,0,2.66409521801
106,152,258,Sg,0,1,,,3.7007873,0.57581216,40,unmeasured_target_40_models,extrapolation_model_estimate,0.560080415694,3.14070688431,4.26086771569,1.37898083538,2.32180646462,5.07976813538
106,154,260,Sg,0,1,,,3.6983306,1.0176584,40,unmeasured_target_40_models,extrapolation_model_estimate,0.626057703301,3.0722728967,4.3243883033,1.59130850386,2.10702209614,5.28963910386
106,156,262,Sg,0,1,,,2.643829,0.72820926,40,unmeasured_target_40_models,extrapolation_model_estimate,0.592374680621,2.05145431938,3.23620368062,1.55589937948,1.08792962052,4.19972837948
106,158,264,Sg,0,1,,,2.7888534,0.6052021,40,unmeasured_target_40_models,extrapolation_model_estimate,0.495281381289,2.29357201871,3.28413478129,1.22522419296,1.56362920704,4.01407759296
106,160,266,Sg,0,1,,,2.7814674,0.66893554,40,unmeasured_target_40_models,extrapolation_model_estimate,0.537228739999,2.24423866,3.31869614,1.29305299771,1.48841440229,4.07452039771
108,156,264,Hs,0,1,,,3.4023483,1.2546195,40,unmeasured_target_40_models,extrapolation_model_estimate,0.607596073568,2.79475222643,4.00994437357,1.51931106514,1.88303723486,4.92165936514
108,158,266,Hs,0,1,,,3.4984908,1.1874286,40,unmeasured_target_40_models,extrapolation_model_estimate,0.656865789577,2.84162501042,4.15535658958,1.6507761176,1.8477146824,5.1492669176
108,160,268,Hs,0,1,,,3.5232308,1.4085776,40,unmeasured_target_40_models,extrapolation_model_estimate,0.577655463958,2.94557533604,4.10088626396,1.42368189634,2.09954890366,4.94691269634
108,162,270,Hs,0,1,,,2.5220056,1.2433382,40,unmeasured_target_40_models,extrapolation_model_estimate,0.517471537617,2.00453406238,3.03947713762,1.30156400133,1.22044159867,3.82356960133
108,170,278,Hs,0,1,,,1.1527818,0.45015657,40,unmeasured_target_40_models,extrapolation_model_estimate,1.22313230643,0,2.37591410643,3.05248434588,0,4.20526614588
110,160,270,Ds,0,1,,,4.8955755,1.745507,40,unmeasured_target_40_models,extrapolation_model_estimate,0.611415222259,4.28416027774,5.50699072226,1.48354846905,3.41202703095,6.37912396905
110,170,280,Ds,0,1,,,2.3809087,0.6484577,40,unmeasured_target_40_models,extrapolation_model_estimate,0.929996594241,1.45091210576,3.31090529424,2.47128357058,0,4.85219227058
110,172,282,Ds,0,1,,,1.1357789,0.4376025,40,unmeasured_target_40_models,extrapolation_model_estimate,1.01897089363,0.116808006366,2.15474979363,2.59734308881,0,3.73312198881
112,170,282,Cn,0,1,,,5.608557,1.77481,40,unmeasured_target_40_models,extrapolation_model_estimate,0.490391027101,5.1181659729,6.0989480271,1.21404023869,4.39451676131,6.82259723869
112,172,284,Cn,0,1,,,3.3252869,1.1035925,40,unmeasured_target_40_models,extrapolation_model_estimate,0.82366866451,2.50161823549,4.14895556451,2.02454250218,1.30074439782,5.34982940218
112,174,286,Cn,0,1,,,1.8445104,0.7029897,40,unmeasured_target_40_models,extrapolation_model_estimate,0.741024300073,1.10348609993,2.58553470007,1.88334794551,0,3.72785834551
114,170,284,Fl,0,1,,,8.674509,3.0567284,40,unmeasured_target_40_models,extrapolation_model_estimate,0.630276074569,8.04423292543,9.30478507457,1.73830562271,6.93620337729,10.4128146227
114,172,286,Fl,0,1,,,5.0386496,2.01985,40,unmeasured_target_40_models,extrapolation_model_estimate,0.427452523488,4.61119707651,5.46610212349,1.05268405658,3.98596554342,6.09133365658
114,174,288,Fl,0,1,,,2.8877087,1.2465171,40,unmeasured_target_40_models,extrapolation_model_estimate,0.565052703461,2.32265599654,3.45276140346,1.47525558243,1.41245311757,4.36296428243
114,176,290,Fl,0,1,,,1.6143506,1.2127234,40,unmeasured_target_40_models,extrapolation_model_estimate,0.748655809009,0.865694790991,2.36300640901,1.93172618854,0,3.54607678854
116,174,290,Lv,0,1,,,4.6481314,1.9915106,40,unmeasured_target_40_models,extrapolation_model_estimate,0.535348668849,4.11278273115,5.18348006885,1.38144529516,3.26668610484,6.02957669516
116,176,292,Lv,0,1,,,2.635641,1.3226848,40,unmeasured_target_40_models,extrapolation_model_estimate,0.383493217338,2.25214778266,3.01913421734,0.948203234245,1.68743776575,3.58384423425
116,178,294,Lv,0,1,,,5.207875,2.5663943,40,unmeasured_target_40_models,extrapolation_model_estimate,0.551480402759,4.65639459724,5.75935540276,1.33848260514,3.86939239486,6.54635760514
118,176,294,Og,0,1,,,4.254743,1.947605,40,unmeasured_target_40_models,extrapolation_model_estimate,0.474628271055,3.78011472894,4.72937127106,1.1322399725,3.1225030275,5.3869829725
