z,n,a,symbol,training_measurement_fm,training_measurement_unc_fm,nuclr_prediction_fm,nuclr_seed_std_fm,nuclr_model_count,nuclr_prediction_kind,interval_kind,interval68_half_width_fm,interval68_lower_fm,interval68_upper_fm,interval95_half_width_fm,interval95_lower_fm,interval95_upper_fm,external_measurement_fm,external_measurement_unc_fm,external_source_key,external_source_doi,training_status
11,11,22,Na,2.9852,0.0169,3.051706,0.0011240935,4,measured_target_oof_4_models,heldout_test_aggregate,0.01674748151,3.034958518,3.068453482,0.03358784421,3.018118156,3.085293844,,,,,
11,12,23,Na,2.9936,0.0021,3.0313146,0.0015325126,4,measured_target_oof_4_models,heldout_test_aggregate,0.01743151029,3.01388309,3.04874611,0.03863544679,2.992679153,3.069950047,,,,,
11,13,24,Na,2.9735,0.0169,2.9912233,0.00046361,4,measured_target_oof_4_models,heldout_test_aggregate,0.01586347631,2.975359824,3.007086776,0.03487631266,2.956346987,3.026099613,,,,,
11,14,25,Na,2.9769,0.0252,2.987834,0.0008242636,4,measured_target_oof_4_models,heldout_test_aggregate,0.01741672425,2.970417276,3.005250724,0.03894218152,2.948891818,3.026776182,,,,,
11,15,26,Na,2.9928,0.0331,2.9936786,0.00060656277,4,measured_target_oof_4_models,heldout_test_aggregate,0.02472554175,2.968953058,3.018404142,0.0580608218,2.935617778,3.051739422,,,,,
11,16,27,Na,3.0136,0.0467,3.0437005,0.0013517654,4,measured_target_oof_4_models,heldout_test_aggregate,0.02087519031,3.02282531,3.06457569,0.04559051471,2.998109985,3.089291015,,,,,
11,17,28,Na,3.04,0.0581,3.0275097,0.0012887149,4,measured_target_oof_4_models,heldout_test_aggregate,0.02670766854,3.000802031,3.054217369,0.05931228403,2.968197416,3.086821984,,,,,
11,18,29,Na,3.0922,0.0723,3.06008,0.0008438991,4,measured_target_oof_4_models,heldout_test_aggregate,0.04168549365,3.018394506,3.101765494,0.09159396608,2.968486034,3.151673966,,,,,
11,19,30,Na,3.118,0.0884,3.066813,0.000697905,4,measured_target_oof_4_models,heldout_test_aggregate,0.03023989695,3.036573103,3.097052897,0.06658037734,3.000232623,3.133393377,,,,,
11,20,31,Na,3.1704,0.0893,3.0812993,0.0019237472,4,measured_target_oof_4_models,heldout_test_aggregate,0.05910426588,3.022195034,3.140403566,0.1260535034,2.955245797,3.207352803,,,,,
11,21,32,Na,,,3.111441,0.0083088735,40,unmeasured_target_40_models,extrapolation_model_estimate,0.07449955232,3.036941448,3.185940552,0.1547158163,2.956725184,3.266156816,,,,,
11,22,33,Na,,,3.1145215,0.008376632,40,unmeasured_target_40_models,extrapolation_model_estimate,0.06227811618,3.052243384,3.176799616,0.1362710158,2.978250484,3.250792516,,,,,
11,23,34,Na,,,3.108028,0.007455746,40,unmeasured_target_40_models,extrapolation_model_estimate,0.0526026032,3.055425397,3.160630603,0.1101752134,2.997852787,3.218203213,,,,,
11,24,35,Na,,,3.121424,0.008623432,40,unmeasured_target_40_models,extrapolation_model_estimate,0.05171464886,3.069709351,3.173138649,0.1108993103,3.01052469,3.23232331,,,,,
11,25,36,Na,,,3.1190555,0.007804488,40,unmeasured_target_40_models,extrapolation_model_estimate,0.05113907318,3.067916427,3.170194573,0.1107660649,3.008289435,3.229821565,,,,,
11,26,37,Na,,,3.1338792,0.00858569,40,unmeasured_target_40_models,extrapolation_model_estimate,0.05396449729,3.079914703,3.187843697,0.1149766142,3.018902586,3.248855814,,,,,
12,11,23,Mg,,,3.065339,0.007084678,40,unmeasured_target_40_models,extrapolation_model_estimate,0.01017099513,3.055168005,3.075509995,0.0218979938,3.043441006,3.087236994,,,,,
12,12,24,Mg,3.057,0.0016,3.0691006,0.0024531365,4,measured_target_oof_4_models,heldout_test_aggregate,0.01136331178,3.057737288,3.080463912,0.02757333225,3.041527268,3.096673932,,,,,
12,13,25,Mg,3.0284,0.0022,3.0292745,0.0012294838,4,measured_target_oof_4_models,heldout_test_aggregate,0.02124812348,3.008026377,3.050522623,0.04751349835,2.981761002,3.076787998,,,,,
12,14,26,Mg,3.0337,0.0018,3.0295253,0.0012772434,4,measured_target_oof_4_models,heldout_test_aggregate,0.01549824026,3.01402706,3.04502354,0.03140055782,2.998124742,3.060925858,,,,,
12,15,27,Mg,,,3.0443401,0.0022082657,40,unmeasured_target_40_models,extrapolation_model_estimate,0.01082812959,3.03351197,3.05516823,0.02344584837,3.020894252,3.067785948,,,,,
12,16,28,Mg,,,3.076591,0.0028747031,40,unmeasured_target_40_models,extrapolation_model_estimate,0.01466897421,3.061922026,3.091259974,0.03101597032,3.04557503,3.10760697,,,,,
12,17,29,Mg,,,3.083664,0.0025180152,40,unmeasured_target_40_models,extrapolation_model_estimate,0.01541490418,3.068249096,3.099078904,0.03264553685,3.051018463,3.116309537,,,,,
12,18,30,Mg,,,3.1097977,0.0047142883,40,unmeasured_target_40_models,extrapolation_model_estimate,0.0153891635,3.094408536,3.125186864,0.03166113431,3.078136566,3.141458834,,,,,
12,19,31,Mg,,,3.11737,0.003944519,40,unmeasured_target_40_models,extrapolation_model_estimate,0.02163761596,3.095732384,3.139007616,0.04538786399,3.071982136,3.162757864,,,,,
12,20,32,Mg,,,3.1437783,0.006852471,40,unmeasured_target_40_models,extrapolation_model_estimate,0.02853493541,3.115243365,3.172313235,0.06020232995,3.08357597,3.20398063,,,,,
12,21,33,Mg,,,3.1472595,0.005499246,40,unmeasured_target_40_models,extrapolation_model_estimate,0.03568976377,3.111569736,3.182949264,0.07507799718,3.072181503,3.222337497,,,,,
12,22,34,Mg,,,3.1539886,0.005453507,40,unmeasured_target_40_models,extrapolation_model_estimate,0.03589787572,3.118090724,3.189886476,0.07706924469,3.076919355,3.231057845,,,,,
12,23,35,Mg,,,3.1436226,0.0047516054,40,unmeasured_target_40_models,extrapolation_model_estimate,0.03138186259,3.112240737,3.175004463,0.06829308244,3.075329518,3.211915682,,,,,
12,24,36,Mg,,,3.1565967,0.005741012,40,unmeasured_target_40_models,extrapolation_model_estimate,0.03348178884,3.123114911,3.190078489,0.07098991954,3.08560678,3.22758662,,,,,
12,25,37,Mg,,,3.1515658,0.0052137473,40,unmeasured_target_40_models,extrapolation_model_estimate,0.03184298069,3.119722819,3.183408781,0.06872431072,3.082841489,3.220290111,,,,,
12,26,38,Mg,,,3.1689851,0.0056765852,40,unmeasured_target_40_models,extrapolation_model_estimate,0.03583326037,3.13315184,3.20481836,0.07489300448,3.094092096,3.243878104,,,,,
12,27,39,Mg,,,3.1629477,0.0075492053,40,unmeasured_target_40_models,extrapolation_model_estimate,0.03441466464,3.128533035,3.197362365,0.07332239897,3.089625301,3.236270099,,,,,
12,28,40,Mg,,,3.1710858,0.006474989,40,unmeasured_target_40_models,extrapolation_model_estimate,0.03262303481,3.138462765,3.203708835,0.06908848995,3.10199731,3.24017429,,,,,
13,11,24,Al,,,3.1080222,0.0082883295,40,unmeasured_target_40_models,extrapolation_model_estimate,0.01003785035,3.09798435,3.11806005,0.02152964316,3.086492557,3.129551843,,,,,
13,12,25,Al,,,3.107086,0.0040890174,40,unmeasured_target_40_models,extrapolation_model_estimate,0.01141157884,3.095674421,3.118497579,0.02383181013,3.08325419,3.13091781,,,,,
13,13,26,Al,,,3.0693848,0.00434042,40,unmeasured_target_40_models,extrapolation_model_estimate,0.01612877855,3.053256021,3.085513579,0.03391401005,3.03547079,3.10329881,,,,,
13,14,27,Al,3.061,0.0031,3.0742717,0.0018367665,4,measured_target_oof_4_models,heldout_test_aggregate,0.02063135801,3.053640342,3.094903058,0.04598065471,3.028291045,3.120252355,,,,,
13,15,28,Al,,,3.0799208,0.0027786542,40,unmeasured_target_40_models,extrapolation_model_estimate,0.01552282843,3.064397972,3.095443628,0.03304153444,3.046879266,3.112962334,,,,,
13,16,29,Al,,,3.1100764,0.002457842,40,unmeasured_target_40_models,extrapolation_model_estimate,0.01418303635,3.095893364,3.124259436,0.03008611966,3.07999028,3.14016252,,,,,
13,17,30,Al,,,3.1167243,0.0028688759,40,unmeasured_target_40_models,extrapolation_model_estimate,0.01571942136,3.101004879,3.132443721,0.03368674857,3.083037551,3.150411049,,,,,
13,18,31,Al,,,3.1458154,0.0045833113,40,unmeasured_target_40_models,extrapolation_model_estimate,0.01916677023,3.12664863,3.16498217,0.040217927,3.105597473,3.186033327,,,,,
13,19,32,Al,,,3.1499522,0.0033151202,40,unmeasured_target_40_models,extrapolation_model_estimate,0.01748195551,3.132470244,3.167434156,0.03752483744,3.112427363,3.187477037,,,,,
13,20,33,Al,,,3.1799788,0.0062509486,40,unmeasured_target_40_models,extrapolation_model_estimate,0.01657827829,3.163400522,3.196557078,0.03423239694,3.145746403,3.214211197,,,,,
13,21,34,Al,,,3.1809897,0.0047856485,40,unmeasured_target_40_models,extrapolation_model_estimate,0.02164735909,3.159342341,3.202637059,0.04648130901,3.134508391,3.227471009,,,,,
13,22,35,Al,,,3.185654,0.0052353186,40,unmeasured_target_40_models,extrapolation_model_estimate,0.03000199944,3.155652001,3.215655999,0.06324376874,3.122410231,3.248897769,,,,,
13,23,36,Al,,,3.1784968,0.004577605,40,unmeasured_target_40_models,extrapolation_model_estimate,0.03313135638,3.145365444,3.211628156,0.06920248281,3.109294317,3.247699283,,,,,
13,24,37,Al,,,3.1916447,0.0053827404,40,unmeasured_target_40_models,extrapolation_model_estimate,0.0333756598,3.15826904,3.22502036,0.06933430432,3.122310396,3.260979004,,,,,
13,25,38,Al,,,3.1846347,0.0058079804,40,unmeasured_target_40_models,extrapolation_model_estimate,0.0319142789,3.152720421,3.216548979,0.06920706183,3.115427638,3.253841762,,,,,
13,26,39,Al,,,3.203916,0.0057526357,40,unmeasured_target_40_models,extrapolation_model_estimate,0.03796807208,3.165947928,3.241884072,0.07961682607,3.124299174,3.283532826,,,,,
13,27,40,Al,,,3.1957645,0.007628906,40,unmeasured_target_40_models,extrapolation_model_estimate,0.03576741569,3.159997084,3.231531916,0.07604085104,3.119723649,3.271805351,,,,,
13,28,41,Al,,,3.2032528,0.0065948055,40,unmeasured_target_40_models,extrapolation_model_estimate,0.03686462394,3.166388176,3.240117424,0.07748505106,3.125767749,3.280737851,,,,,
13,29,42,Al,,,3.2149925,0.007770142,40,unmeasured_target_40_models,extrapolation_model_estimate,0.03270958097,3.182282919,3.247702081,0.06819226947,3.146800231,3.283184769,,,,,
13,30,43,Al,,,3.2382789,0.0076785213,40,unmeasured_target_40_models,extrapolation_model_estimate,0.03224643955,3.20603246,3.27052534,0.0660765238,3.172202376,3.304355424,,,,,
14,11,25,Si,,,3.140819,0.008054967,40,unmeasured_target_40_models,extrapolation_model_estimate,0.008342735149,3.132476265,3.149161735,0.01741435213,3.123404648,3.158233352,,,,,
14,12,26,Si,,,3.1363678,0.005576588,40,unmeasured_target_40_models,extrapolation_model_estimate,0.00869134256,3.127676457,3.145059143,0.01833342831,3.118034372,3.154701228,,,,,
14,13,27,Si,,,3.1022015,0.004437558,40,unmeasured_target_40_models,extrapolation_model_estimate,0.01229140425,3.089910096,3.114492904,0.02641747546,3.075784025,3.128618975,,,,,
14,14,28,Si,3.1224,0.0024,3.104994,0.0015171084,4,measured_target_oof_4_models,heldout_test_aggregate,0.01658633154,3.088407668,3.121580332,0.03827488062,3.066719119,3.143268881,,,,,
14,15,29,Si,3.1176,0.0052,3.123693,0.0011598578,4,measured_target_oof_4_models,heldout_test_aggregate,0.01599625958,3.10769674,3.13968926,0.03463663797,3.089056362,3.158329638,,,,,
14,16,30,Si,3.1336,0.004,3.160131,0.00045044554,4,measured_target_oof_4_models,heldout_test_aggregate,0.01410597653,3.146025023,3.174236977,0.0304834764,3.129647524,3.190614476,,,,,
14,17,31,Si,,,3.1595225,0.0030737843,40,unmeasured_target_40_models,extrapolation_model_estimate,0.01560150351,3.143920996,3.175124004,0.03319774581,3.126324754,3.192720246,,,,,
14,18,32,Si,,,3.1896513,0.004721537,40,unmeasured_target_40_models,extrapolation_model_estimate,0.01699567966,3.17265562,3.20664698,0.03731670996,3.15233459,3.22696801,,,,,
14,19,33,Si,,,3.1954234,0.002993794,40,unmeasured_target_40_models,extrapolation_model_estimate,0.01445267659,3.180970723,3.209876077,0.0303059441,3.165117456,3.225729344,,,,,
14,20,34,Si,,,3.2212048,0.0057322485,40,unmeasured_target_40_models,extrapolation_model_estimate,0.01531451287,3.205890287,3.236519313,0.03247248603,3.188732314,3.253677286,,,,,
14,21,35,Si,,,3.2190425,0.0047918595,40,unmeasured_target_40_models,extrapolation_model_estimate,0.01183933493,3.207203165,3.230881835,0.02516029609,3.193882204,3.244202796,,,,,
14,22,36,Si,,,3.2270305,0.00506892,40,unmeasured_target_40_models,extrapolation_model_estimate,0.01448202006,3.21254848,3.24151252,0.03047293497,3.196557565,3.257503435,,,,,
14,23,37,Si,,,3.2178783,0.0043188506,40,unmeasured_target_40_models,extrapolation_model_estimate,0.02256050874,3.195317791,3.240438809,0.04907957131,3.168798729,3.266957871,,,,,
14,24,38,Si,,,3.2333512,0.005614046,40,unmeasured_target_40_models,extrapolation_model_estimate,0.02949755974,3.20385364,3.26284876,0.06482087038,3.16853033,3.29817207,,,,,
14,25,39,Si,,,3.226907,0.0054802406,40,unmeasured_target_40_models,extrapolation_model_estimate,0.0310379931,3.195869007,3.257944993,0.06464408291,3.162262917,3.291551083,,,,,
14,26,40,Si,,,3.2420337,0.005589336,40,unmeasured_target_40_models,extrapolation_model_estimate,0.03394635217,3.208087348,3.275980052,0.07148113273,3.170552567,3.313514833,,,,,
14,27,41,Si,,,3.2333012,0.007076589,40,unmeasured_target_40_models,extrapolation_model_estimate,0.03409689979,3.1992043,3.2673981,0.0739979777,3.159303222,3.307299178,,,,,
14,28,42,Si,,,3.2421613,0.0060814256,40,unmeasured_target_40_models,extrapolation_model_estimate,0.0347539102,3.20740739,3.27691521,0.07296367026,3.16919763,3.31512497,,,,,
14,29,43,Si,,,3.2520072,0.0070996354,40,unmeasured_target_40_models,extrapolation_model_estimate,0.03316378958,3.21884341,3.28517099,0.07002332544,3.181983875,3.322030525,,,,,
14,30,44,Si,,,3.2756462,0.007616593,40,unmeasured_target_40_models,extrapolation_model_estimate,0.03145041769,3.244195782,3.307096618,0.06408840531,3.211557795,3.339734605,,,,,
15,11,26,P,,,3.1874118,0.0084443735,40,unmeasured_target_40_models,extrapolation_model_estimate,0.01037723714,3.177034563,3.197789037,0.02191477253,3.165497027,3.209326573,,,,,
15,12,27,P,,,3.1801422,0.004344647,40,unmeasured_target_40_models,extrapolation_model_estimate,0.01248187508,3.167660325,3.192624075,0.02684697464,3.153295225,3.206989175,,,,,
15,13,28,P,,,3.1481445,0.0037337262,40,unmeasured_target_40_models,extrapolation_model_estimate,0.009416524811,3.138727975,3.157561025,0.02006286806,3.128081632,3.168207368,,,,,
15,14,29,P,,,3.1498666,0.0026597788,40,unmeasured_target_40_models,extrapolation_model_estimate,0.01917273947,3.130693861,3.169039339,0.0413185495,3.108548051,3.191185149,,,,,
15,15,30,P,,,3.1608024,0.002781395,40,unmeasured_target_40_models,extrapolation_model_estimate,0.02010579276,3.140696607,3.180908193,0.04269566198,3.118106738,3.203498062,,,,,
15,16,31,P,3.1889,0.0019,3.1963677,0.002591378,4,measured_target_oof_4_models,heldout_test_aggregate,0.02337834185,3.172989358,3.219746042,0.05230057175,3.144067128,3.248668272,,,,,
15,17,32,P,,,3.2001877,0.002864284,40,unmeasured_target_40_models,extrapolation_model_estimate,0.01601924723,3.184168453,3.216206947,0.03397988171,3.166207818,3.234167582,,,,,
15,18,33,P,,,3.2309055,0.0045179524,40,unmeasured_target_40_models,extrapolation_model_estimate,0.01773165822,3.213173842,3.248637158,0.03910265577,3.191802844,3.270008156,,,,,
15,19,34,P,,,3.2356904,0.0027939165,40,unmeasured_target_40_models,extrapolation_model_estimate,0.01226376048,3.22342664,3.24795416,0.02636346608,3.209326934,3.262053866,,,,,
15,20,35,P,,,3.262387,0.0048539834,40,unmeasured_target_40_models,extrapolation_model_estimate,0.01618647106,3.246200529,3.278573471,0.03489958549,3.227487415,3.297286585,,,,,
15,21,36,P,,,3.2563102,0.0036947457,40,unmeasured_target_40_models,extrapolation_model_estimate,0.01533444285,3.240975757,3.271644643,0.03317149983,3.2231387,3.2894817,,,,,
15,22,37,P,,,3.2632287,0.0033090098,40,unmeasured_target_40_models,extrapolation_model_estimate,0.01423366254,3.248995037,3.277462363,0.03051652746,3.232712173,3.293745227,,,,,
15,23,38,P,,,3.2543778,0.0027630592,40,unmeasured_target_40_models,extrapolation_model_estimate,0.01327668702,3.241101113,3.267654487,0.0278501853,3.226527615,3.282227985,,,,,
15,24,39,P,,,3.2702675,0.0029698403,40,unmeasured_target_40_models,extrapolation_model_estimate,0.01786304482,3.252404455,3.288130545,0.03707131895,3.233196181,3.307338819,,,,,
15,25,40,P,,,3.2632442,0.002457369,40,unmeasured_target_40_models,extrapolation_model_estimate,0.03113840738,3.232105793,3.294382607,0.06416990637,3.199074294,3.327414106,,,,,
15,26,41,P,,,3.275727,0.0037039164,40,unmeasured_target_40_models,extrapolation_model_estimate,0.03483932973,3.24088767,3.31056633,0.0750453059,3.200681694,3.350772306,,,,,
15,27,42,P,,,3.2671769,0.0052806037,40,unmeasured_target_40_models,extrapolation_model_estimate,0.03641847709,3.230758423,3.303595377,0.07723120688,3.189945693,3.344408107,,,,,
15,28,43,P,,,3.278101,0.004278088,40,unmeasured_target_40_models,extrapolation_model_estimate,0.0385275496,3.23957345,3.31662855,0.08500691441,3.193094086,3.363107914,,,,,
15,29,44,P,,,3.2903125,0.0056492607,40,unmeasured_target_40_models,extrapolation_model_estimate,0.03692865559,3.253383844,3.327241156,0.07960139901,3.210711101,3.369913899,,,,,
15,30,45,P,,,3.3139892,0.0060464316,40,unmeasured_target_40_models,extrapolation_model_estimate,0.03279556437,3.281193636,3.346784764,0.06952318717,3.244466013,3.383512387,,,,,
15,31,46,P,,,3.3064563,0.0058243005,40,unmeasured_target_40_models,extrapolation_model_estimate,0.03020055931,3.276255741,3.336656859,0.06442231903,3.242033981,3.370878619,,,,,
16,11,27,S,,,3.253818,0.008967388,40,unmeasured_target_40_models,extrapolation_model_estimate,0.01243462013,3.24138338,3.26625262,0.02701463827,3.226803362,3.280832638,,,,,
16,12,28,S,,,3.2412872,0.0049620876,40,unmeasured_target_40_models,extrapolation_model_estimate,0.0143598927,3.226927307,3.255647093,0.03068567189,3.210601528,3.271972872,,,,,
16,13,29,S,,,3.2061222,0.004576247,40,unmeasured_target_40_models,extrapolation_model_estimate,0.01052684962,3.19559535,3.21664905,0.0229505015,3.183171698,3.229072702,,,,,
16,14,30,S,,,3.2055326,0.003773133,40,unmeasured_target_40_models,extrapolation_model_estimate,0.01264547591,3.192887124,3.218178076,0.02634812874,3.179184471,3.231880729,,,,,
16,15,31,S,,,3.2207522,0.0028497807,40,unmeasured_target_40_models,extrapolation_model_estimate,0.01645625374,3.204295946,3.237208454,0.03510586048,3.18564634,3.25585806,,,,,
16,16,32,S,3.2611,0.0018,3.249778,0.0016055026,4,measured_target_oof_4_models,heldout_test_aggregate,0.01841371762,3.231364282,3.268191718,0.03779514859,3.211982851,3.287573149,,,,,
16,17,33,S,,,3.258263,0.002033338,40,unmeasured_target_40_models,extrapolation_model_estimate,0.01665457426,3.241608426,3.274917574,0.03497018846,3.223292812,3.293233188,,,,,
16,18,34,S,3.2847,0.0021,3.2830317,0.0010712185,4,measured_target_oof_4_models,heldout_test_aggregate,0.01893841152,3.264093288,3.301970112,0.03914194285,3.243889757,3.322173643,,,,,
16,19,35,S,,,3.2863147,0.0029957902,40,unmeasured_target_40_models,extrapolation_model_estimate,0.0152292831,3.271085417,3.301543983,0.03257705151,3.253737648,3.318891752,,,,,
16,20,36,S,3.2985,0.0024,3.319621,0.0006815181,4,measured_target_oof_4_models,heldout_test_aggregate,0.01081140827,3.308809592,3.330432408,0.02252315769,3.297097842,3.342144158,,,,,
16,21,37,S,,,3.306951,0.0028844106,40,unmeasured_target_40_models,extrapolation_model_estimate,0.01368132074,3.293269679,3.320632321,0.02882973972,3.27812126,3.33578074,,,,,
16,22,38,S,,,3.3145497,0.0023307404,40,unmeasured_target_40_models,extrapolation_model_estimate,0.01482346346,3.299726237,3.329373163,0.03069667878,3.283853021,3.345246379,,,,,
16,23,39,S,,,3.3080335,0.0021077357,40,unmeasured_target_40_models,extrapolation_model_estimate,0.01285186788,3.295181632,3.320885368,0.02718473832,3.280848762,3.335218238,,,,,
16,24,40,S,,,3.318625,0.002395839,40,unmeasured_target_40_models,extrapolation_model_estimate,0.0106101358,3.308014864,3.329235136,0.02270908403,3.295915916,3.341334084,,,,,
16,25,41,S,,,3.3115017,0.0035649638,40,unmeasured_target_40_models,extrapolation_model_estimate,0.01103200726,3.300469693,3.322533707,0.02408213035,3.28741957,3.33558383,,,,,
16,26,42,S,,,3.3248627,0.002246455,40,unmeasured_target_40_models,extrapolation_model_estimate,0.01689414656,3.307968553,3.341756847,0.03747511526,3.287387585,3.362337815,,,,,
16,27,43,S,,,3.310803,0.00480677,40,unmeasured_target_40_models,extrapolation_model_estimate,0.0334838079,3.277319192,3.344286808,0.07101694116,3.239786059,3.381819941,,,,,
16,28,44,S,,,3.324458,0.002765534,40,unmeasured_target_40_models,extrapolation_model_estimate,0.03452141442,3.289936586,3.358979414,0.0754776877,3.248980312,3.399935688,,,,,
16,29,45,S,,,3.331644,0.0045195706,40,unmeasured_target_40_models,extrapolation_model_estimate,0.03476898948,3.296875011,3.366412989,0.07409098581,3.257553014,3.405734986,,,,,
16,30,46,S,,,3.3569493,0.004927239,40,unmeasured_target_40_models,extrapolation_model_estimate,0.03418968505,3.322759615,3.391138985,0.07236814878,3.284581151,3.429317449,,,,,
16,32,48,S,,,3.371069,0.003748147,40,unmeasured_target_40_models,extrapolation_model_estimate,0.02987597966,3.34119302,3.40094498,0.06382570181,3.307243298,3.434894702,,,,,
17,12,29,Cl,,,3.312753,0.0057420614,40,unmeasured_target_40_models,extrapolation_model_estimate,0.01881873939,3.293934261,3.331571739,0.04064864418,3.272104356,3.353401644,,,,,
17,13,30,Cl,,,3.2736306,0.006338972,40,unmeasured_target_40_models,extrapolation_model_estimate,0.01783843579,3.255792164,3.291469036,0.03789570009,3.2357349,3.3115263,,,,,
17,14,31,Cl,,,3.2678216,0.0048490395,40,unmeasured_target_40_models,extrapolation_model_estimate,0.0186519092,3.249169691,3.286473509,0.040197658,3.227623942,3.308019258,,,,,
17,15,32,Cl,,,3.2807593,0.0043859477,40,unmeasured_target_40_models,extrapolation_model_estimate,0.01243210982,3.26832719,3.29319141,0.02647402247,3.254285278,3.307233322,,,,,
17,16,33,Cl,,,3.3114305,0.0036770208,40,unmeasured_target_40_models,extrapolation_model_estimate,0.0243475775,3.287082922,3.335778078,0.05316741534,3.258263085,3.364597915,,,,,
17,17,34,Cl,,,3.3202903,0.004150075,40,unmeasured_target_40_models,extrapolation_model_estimate,0.02317509738,3.297115203,3.343465397,0.05106291099,3.269227389,3.371353211,,,,,
17,18,35,Cl,3.3654,0.0191,3.3323512,0.0013565458,4,measured_target_oof_4_models,heldout_test_aggregate,0.02227061491,3.310080585,3.354621815,0.04354099853,3.288810201,3.375892199,,,,,
17,19,36,Cl,,,3.3471293,0.003901149,40,unmeasured_target_40_models,extrapolation_model_estimate,0.01939096598,3.327738334,3.366520266,0.04282965928,3.304299641,3.389958959,,,,,
17,20,37,Cl,3.384,0.017,3.363673,0.0011859523,4,measured_target_oof_4_models,heldout_test_aggregate,0.01718961791,3.346483382,3.380862618,0.0354025568,3.328270443,3.399075557,,,,,
17,21,38,Cl,,,3.3640041,0.0026880212,40,unmeasured_target_40_models,extrapolation_model_estimate,0.0153977652,3.348606335,3.379401865,0.03351944014,3.33048466,3.39752354,,,,,
17,22,39,Cl,,,3.376477,0.0024398451,40,unmeasured_target_40_models,extrapolation_model_estimate,0.01718909022,3.35928791,3.39366609,0.03631065623,3.340166344,3.412787656,,,,,
17,23,40,Cl,,,3.367,0.0028740927,40,unmeasured_target_40_models,extrapolation_model_estimate,0.01478770518,3.352212295,3.381787705,0.03292626967,3.33407373,3.39992627,,,,,
17,24,41,Cl,,,3.3799424,0.0025992105,40,unmeasured_target_40_models,extrapolation_model_estimate,0.0159632379,3.363979162,3.395905638,0.03472817131,3.345214229,3.414670571,,,,,
17,25,42,Cl,,,3.3692303,0.0033794243,40,unmeasured_target_40_models,extrapolation_model_estimate,0.01221382816,3.357016472,3.381444128,0.02571776788,3.343512532,3.394948068,,,,,
17,26,43,Cl,,,3.3834386,0.0033793428,40,unmeasured_target_40_models,extrapolation_model_estimate,0.01197393987,3.37146466,3.39541254,0.02536166744,3.358076933,3.408800267,,,,,
17,27,44,Cl,,,3.37291,0.0040007583,40,unmeasured_target_40_models,extrapolation_model_estimate,0.02312070989,3.34978929,3.39603071,0.05030731232,3.322602688,3.423217312,,,,,
17,28,45,Cl,,,3.382159,0.0032983865,40,unmeasured_target_40_models,extrapolation_model_estimate,0.03874618008,3.34341282,3.42090518,0.08211592622,3.300043074,3.464274926,,,,,
17,29,46,Cl,,,3.3908906,0.0034424686,40,unmeasured_target_40_models,extrapolation_model_estimate,0.03885942068,3.352031179,3.429750021,0.08249746044,3.30839314,3.47338806,,,,,
17,30,47,Cl,,,3.4146104,0.003522704,40,unmeasured_target_40_models,extrapolation_model_estimate,0.0385264698,3.37608393,3.45313687,0.08138280659,3.333227593,3.495993207,,,,,
17,31,48,Cl,,,3.4054031,0.0034289977,40,unmeasured_target_40_models,extrapolation_model_estimate,0.0355690904,3.36983401,3.44097219,0.07700221383,3.328400886,3.482405314,,,,,
17,32,49,Cl,,,3.4268818,0.003663329,40,unmeasured_target_40_models,extrapolation_model_estimate,0.03427016337,3.392611637,3.461151963,0.07356682377,3.353314976,3.500448624,,,,,
17,33,50,Cl,,,3.4244206,0.0042313314,40,unmeasured_target_40_models,extrapolation_model_estimate,0.03265668504,3.391763915,3.457077285,0.07067861641,3.353741984,3.495099216,,,,,
17,34,51,Cl,,,3.441539,0.003923942,40,unmeasured_target_40_models,extrapolation_model_estimate,0.03202895076,3.409510049,3.473567951,0.06896252649,3.372576474,3.510501526,,,,,
17,35,52,Cl,,,3.4562078,0.0041442784,40,unmeasured_target_40_models,extrapolation_model_estimate,0.0284387555,3.427769044,3.484646556,0.0601839235,3.396023877,3.516391723,,,,,
18,12,30,Ar,,,3.3658233,0.005931256,40,unmeasured_target_40_models,extrapolation_model_estimate,0.01343700353,3.352386296,3.379260304,0.02965823075,3.336165069,3.395481531,,,,,
18,13,31,Ar,,,3.333964,0.005545612,40,unmeasured_target_40_models,extrapolation_model_estimate,0.01512815005,3.31883585,3.34909215,0.0333402357,3.300623764,3.367304236,,,,,
18,14,32,Ar,3.3468,0.0062,3.3115637,0.0010749312,4,measured_target_oof_4_models,heldout_test_aggregate,0.008582847892,3.302980852,3.320146548,0.01918108609,3.292382614,3.330744786,,,,,
18,15,33,Ar,3.3438,0.0058,3.3404179,0.0006611753,4,measured_target_oof_4_models,heldout_test_aggregate,0.01997359878,3.320444301,3.360391499,0.0441243279,3.296293572,3.384542228,,,,,
18,16,34,Ar,3.3654,0.004,3.366363,0.0012256735,4,measured_target_oof_4_models,heldout_test_aggregate,0.02153789552,3.344825104,3.387900896,0.04423943321,3.322123567,3.410602433,,,,,
18,17,35,Ar,3.3636,0.0042,3.3805265,0.0015091996,4,measured_target_oof_4_models,heldout_test_aggregate,0.01452709378,3.365999406,3.395053594,0.03146595398,3.349060546,3.411992454,,,,,
18,18,36,Ar,3.3905,0.0023,3.405196,0.001236992,4,measured_target_oof_4_models,heldout_test_aggregate,0.01880128006,3.38639472,3.42399728,0.04089228911,3.364303711,3.446088289,,,,,
18,19,37,Ar,3.3908,0.0022,3.3965976,0.0017104512,4,measured_target_oof_4_models,heldout_test_aggregate,0.01735332154,3.379244278,3.413950922,0.03744951042,3.35914809,3.43404711,,,,,
18,20,38,Ar,3.4028,0.0019,3.430253,0.0014198021,4,measured_target_oof_4_models,heldout_test_aggregate,0.01680597675,3.413447023,3.447058977,0.03564765894,3.394605341,3.465900659,,,,,
18,21,39,Ar,3.4093,0.0031,3.418378,0.00071006373,4,measured_target_oof_4_models,heldout_test_aggregate,0.01493857644,3.403439424,3.433316576,0.03125371657,3.387124283,3.449631717,,,,,
18,22,40,Ar,3.4274,0.0026,3.430305,0.0006838134,4,measured_target_oof_4_models,heldout_test_aggregate,0.01714095131,3.413164049,3.447445951,0.03840487697,3.391900123,3.468709877,,,,,
18,23,41,Ar,3.4251,0.003,3.4197087,0.0006622004,4,measured_target_oof_4_models,heldout_test_aggregate,0.01395097878,3.405757721,3.433659679,0.0284922753,3.391216425,3.448200975,,,,,
18,24,42,Ar,3.4414,0.0041,3.4319205,0.0009932311,4,measured_target_oof_4_models,heldout_test_aggregate,0.01400283853,3.417917661,3.445923339,0.03013243115,3.401788069,3.462052931,,,,,
18,25,43,Ar,3.4354,0.0039,3.4258063,0.00079948787,4,measured_target_oof_4_models,heldout_test_aggregate,0.01093550295,3.414870797,3.436741803,0.02250642067,3.403299879,3.448312721,,,,,
18,26,44,Ar,3.4454,0.0046,3.4360979,0.00077212724,4,measured_target_oof_4_models,heldout_test_aggregate,0.01310294526,3.422994955,3.449200845,0.02955193863,3.406545961,3.465649839,,,,,
18,27,45,Ar,,,3.4300282,0.00397902,40,unmeasured_target_40_models,extrapolation_model_estimate,0.008207485387,3.421820715,3.438235685,0.01754499701,3.412483203,3.447573197,,,,,
18,28,46,Ar,3.4377,0.0044,3.438886,0.0017235165,4,measured_target_oof_4_models,heldout_test_aggregate,0.02372845877,3.415157541,3.462614459,0.05153639389,3.387349606,3.490422394,,,,,
18,29,47,Ar,,,3.442925,0.0040095807,40,unmeasured_target_40_models,extrapolation_model_estimate,0.03301674234,3.409908258,3.475941742,0.07028516366,3.372639836,3.513210164,,,,,
18,30,48,Ar,,,3.4680095,0.004313582,40,unmeasured_target_40_models,extrapolation_model_estimate,0.03432257881,3.433686921,3.502332079,0.07430799757,3.393701502,3.542317498,,,,,
18,31,49,Ar,,,3.457714,0.0041407873,40,unmeasured_target_40_models,extrapolation_model_estimate,0.03213419548,3.425579805,3.489848195,0.06697179026,3.39074221,3.52468579,,,,,
18,32,50,Ar,,,3.4807,0.0038417552,40,unmeasured_target_40_models,extrapolation_model_estimate,0.03371556733,3.446984433,3.514415567,0.07258777485,3.408112225,3.553287775,,,,,
18,33,51,Ar,,,3.4799237,0.004252144,40,unmeasured_target_40_models,extrapolation_model_estimate,0.03151977219,3.448403928,3.511443472,0.06632146324,3.413602237,3.546245163,,,,,
18,34,52,Ar,,,3.4947267,0.004298149,40,unmeasured_target_40_models,extrapolation_model_estimate,0.02913883578,3.465587864,3.523865536,0.06162963838,3.433097062,3.556356338,,,,,
18,35,53,Ar,,,3.5124402,0.004297435,40,unmeasured_target_40_models,extrapolation_model_estimate,0.02760148205,3.484838718,3.540041682,0.05876395194,3.453676248,3.571204152,,,,,
19,12,31,K,,,3.3944263,0.0067550554,40,unmeasured_target_40_models,extrapolation_model_estimate,0.02528884179,3.369137458,3.419715142,0.05357292581,3.340853374,3.447999226,,,,,
19,14,33,K,,,3.3594756,0.0052970876,40,unmeasured_target_40_models,extrapolation_model_estimate,0.01718173835,3.342293862,3.376657338,0.03520524865,3.324270351,3.394680849,,,,,
19,15,34,K,,,3.3677154,0.0038770535,40,unmeasured_target_40_models,extrapolation_model_estimate,0.01293543188,3.354779968,3.380650832,0.02660381154,3.341111588,3.394319212,,,,,
19,16,35,K,,,3.3953774,0.0035018018,40,unmeasured_target_40_models,extrapolation_model_estimate,0.01297801659,3.382399383,3.408355417,0.02932336009,3.36605404,3.42470076,,,,,
19,17,36,K,,,3.402907,0.0033135638,40,unmeasured_target_40_models,extrapolation_model_estimate,0.01400194334,3.388905057,3.416908943,0.03003274005,3.37287426,3.43293974,,,,,
19,18,37,K,,,3.431685,0.004240834,40,unmeasured_target_40_models,extrapolation_model_estimate,0.02422369765,3.407461302,3.455908698,0.05210377342,3.379581227,3.483788773,,,,,
19,19,38,K,3.4264,0.0051,3.4308584,0.001780606,4,measured_target_oof_4_models,heldout_test_aggregate,0.03122802552,3.399630374,3.462086426,0.06677088448,3.364087516,3.497629284,,,,,
19,20,39,K,3.4349,0.0019,3.4529774,0.00096148043,4,measured_target_oof_4_models,heldout_test_aggregate,0.01958410374,3.433393296,3.472561504,0.04135895148,3.411618449,3.494336351,,,,,
19,21,40,K,3.4381,0.0028,3.4445398,0.0014135189,4,measured_target_oof_4_models,heldout_test_aggregate,0.02111375574,3.423426044,3.465653556,0.04591066492,3.398629135,3.490450465,,,,,
19,22,41,K,3.4518,0.0055,3.4566207,0.0016012257,4,measured_target_oof_4_models,heldout_test_aggregate,0.01635533489,3.440265365,3.472976035,0.03408763043,3.42253307,3.49070833,,,,,
19,23,42,K,3.4517,0.007,3.4392288,0.0008511904,4,measured_target_oof_4_models,heldout_test_aggregate,0.01608694222,3.423141858,3.455315742,0.03605551287,3.403173287,3.475284313,,,,,
19,24,43,K,3.4556,0.0086,3.4520783,0.0008436077,4,measured_target_oof_4_models,heldout_test_aggregate,0.01375651523,3.438321785,3.465834815,0.02606749841,3.426010802,3.478145798,,,,,
19,25,44,K,3.4563,0.0101,3.4453115,0.0012308969,4,measured_target_oof_4_models,heldout_test_aggregate,0.01459593967,3.43071556,3.45990744,0.03025009053,3.415061409,3.475561591,,,,,
19,26,45,K,3.4605,0.0118,3.4578247,0.00038187712,4,measured_target_oof_4_models,heldout_test_aggregate,0.01797601315,3.439848687,3.475800713,0.03790192274,3.419922777,3.495726623,,,,,
19,27,46,K,3.4558,0.0126,3.4466946,0.0008480735,4,measured_target_oof_4_models,heldout_test_aggregate,0.01405014596,3.432644454,3.460744746,0.03224643915,3.414448161,3.478941039,,,,,
19,28,47,K,3.4534,0.0138,3.4592023,0.002329482,4,measured_target_oof_4_models,heldout_test_aggregate,0.0102469789,3.448955321,3.469449279,0.02331701537,3.435885285,3.482519315,,,,,
19,29,48,K,,,3.4628716,0.002402553,40,unmeasured_target_40_models,extrapolation_model_estimate,0.01067870696,3.452192893,3.473550307,0.02317684002,3.43969476,3.48604844,,,,,
19,30,49,K,,,3.484045,0.0029541824,40,unmeasured_target_40_models,extrapolation_model_estimate,0.0192275495,3.46481745,3.50327255,0.04052980907,3.443515191,3.524574809,,,,,
19,31,50,K,,,3.4772239,0.0031462165,40,unmeasured_target_40_models,extrapolation_model_estimate,0.03505298001,3.44217092,3.51227688,0.07430682197,3.402917078,3.551530722,,,,,
19,32,51,K,,,3.4974422,0.0028854278,40,unmeasured_target_40_models,extrapolation_model_estimate,0.03732368823,3.460118512,3.534765888,0.07866038726,3.418781813,3.576102587,,,,,
19,33,52,K,,,3.495417,0.0031585179,40,unmeasured_target_40_models,extrapolation_model_estimate,0.03363714004,3.46177986,3.52905414,0.07403688514,3.421380115,3.569453885,,,,,
19,34,53,K,,,3.510011,0.0029285476,40,unmeasured_target_40_models,extrapolation_model_estimate,0.03611633185,3.473894668,3.546127332,0.07630253719,3.433708463,3.586313537,,,,,
19,35,54,K,,,3.5265145,0.0028228993,40,unmeasured_target_40_models,extrapolation_model_estimate,0.032387089,3.494127411,3.558901589,0.06871070616,3.457803794,3.595225206,,,,,
19,36,55,K,,,3.5535016,0.0040023173,40,unmeasured_target_40_models,extrapolation_model_estimate,0.03147270138,3.522028899,3.584974301,0.06789003686,3.485611563,3.621391637,,,,,
19,37,56,K,,,3.5490289,0.0037860433,40,unmeasured_target_40_models,extrapolation_model_estimate,0.0284446887,3.520584211,3.577473589,0.05904331371,3.489985586,3.608072214,,,,,
20,14,34,Ca,,,3.388286,0.0055182613,40,unmeasured_target_40_models,extrapolation_model_estimate,0.01490899104,3.373377009,3.403194991,0.03156348315,3.356722517,3.419849483,,,,,
20,15,35,Ca,,,3.4005942,0.003795289,40,unmeasured_target_40_models,extrapolation_model_estimate,0.01317078429,3.387423416,3.413764984,0.02781280813,3.372781392,3.428407008,,,,,
20,16,36,Ca,,,3.4285042,0.0031902061,40,unmeasured_target_40_models,extrapolation_model_estimate,0.01395949412,3.414544706,3.442463694,0.02923059976,3.3992736,3.4577348,3.44930453,0.00427962,Miller2019,10.1038/s41567-019-0416-9,absent_from_training_table
20,17,37,Ca,,,3.4398751,0.003428122,40,unmeasured_target_40_models,extrapolation_model_estimate,0.01265050972,3.42722459,3.45252561,0.02760115469,3.412273945,3.467476255,3.44799968,0.00380537,Miller2019,10.1038/s41567-019-0416-9,absent_from_training_table
20,18,38,Ca,,,3.466966,0.0042078923,40,unmeasured_target_40_models,extrapolation_model_estimate,0.0139269815,3.453039018,3.480892982,0.03069461426,3.436271386,3.497660614,3.46612201,0.00211779,Miller2019,10.1038/s41567-019-0416-9,absent_from_training_table
20,19,39,Ca,3.4595,0.0025,3.4706502,0.0015827589,4,measured_target_oof_4_models,heldout_test_aggregate,0.01844581012,3.45220439,3.48909601,0.03824448407,3.432405716,3.508894684,,,,,
20,20,40,Ca,3.4776,0.0019,3.481081,0.00072037464,4,measured_target_oof_4_models,heldout_test_aggregate,0.02503982015,3.45604118,3.50612082,0.05218867499,3.428892325,3.533269675,,,,,
20,21,41,Ca,3.478,0.0019,3.4840114,0.0013131199,4,measured_target_oof_4_models,heldout_test_aggregate,0.01702406689,3.466987333,3.501035467,0.03619389857,3.447817501,3.520205299,,,,,
20,22,42,Ca,3.5081,0.0021,3.4939973,0.0010461252,4,measured_target_oof_4_models,heldout_test_aggregate,0.01875643535,3.475240865,3.512753735,0.04020139592,3.453795904,3.534198696,,,,,
20,23,43,Ca,3.4954,0.0019,3.4844086,0.0007455422,4,measured_target_oof_4_models,heldout_test_aggregate,0.01474938613,3.469659214,3.499157986,0.03286748655,3.451541113,3.517276087,,,,,
20,24,44,Ca,3.5179,0.0021,3.4926918,0.0015290979,4,measured_target_oof_4_models,heldout_test_aggregate,0.01656315511,3.476128645,3.509254955,0.03712242099,3.455569379,3.529814221,,,,,
20,25,45,Ca,3.4944,0.0021,3.4924397,0.00046528238,4,measured_target_oof_4_models,heldout_test_aggregate,0.01431074898,3.478128951,3.506750449,0.03161575943,3.460823941,3.524055459,,,,,
20,26,46,Ca,3.4953,0.002,3.5034456,0.0011311381,4,measured_target_oof_4_models,heldout_test_aggregate,0.01528554763,3.488160052,3.518731148,0.03559766795,3.467847932,3.539043268,,,,,
20,27,47,Ca,3.4783,0.0024,3.4977198,0.00012256112,4,measured_target_oof_4_models,heldout_test_aggregate,0.01423279546,3.483487005,3.511952595,0.03017405667,3.467545743,3.527893857,,,,,
20,28,48,Ca,3.4771,0.002,3.4973547,0.0015801815,4,measured_target_oof_4_models,heldout_test_aggregate,0.01307297304,3.484281727,3.510427673,0.02886313093,3.468491569,3.526217831,,,,,
20,29,49,Ca,,,3.502911,0.0021100412,40,unmeasured_target_40_models,extrapolation_model_estimate,0.01350211762,3.489408882,3.516413118,0.02839948691,3.474511513,3.531310487,3.49166175,0.00261952,GarciaRuiz2016,10.1038/nphys3645,absent_from_training_table
20,30,50,Ca,3.5168,0.0064,3.5294762,0.0015349403,4,measured_target_oof_4_models,heldout_test_aggregate,0.008513594679,3.520962605,3.537989795,0.01925938238,3.510216818,3.548735582,,,,,
20,31,51,Ca,,,3.5162823,0.0028290427,40,unmeasured_target_40_models,extrapolation_model_estimate,0.01720834433,3.499073956,3.533490644,0.03593773946,3.480344561,3.552220039,3.53351125,0.0026572,GarciaRuiz2016,10.1038/nphys3645,absent_from_training_table
20,32,52,Ca,,,3.5374718,0.0024470612,40,unmeasured_target_40_models,extrapolation_model_estimate,0.02836648202,3.509105318,3.565838282,0.06077151051,3.476700289,3.598243311,3.55312563,0.00289979,GarciaRuiz2016,10.1038/nphys3645,absent_from_training_table
20,33,53,Ca,,,3.5329242,0.0028890346,40,unmeasured_target_40_models,extrapolation_model_estimate,0.03172823558,3.501195964,3.564652436,0.06980272801,3.463121472,3.602726928,,,,,
20,34,54,Ca,,,3.546423,0.0025766552,40,unmeasured_target_40_models,extrapolation_model_estimate,0.03548731434,3.510935686,3.581910314,0.07417335845,3.472249642,3.620596358,,,,,
20,35,55,Ca,,,3.5604198,0.00261183,40,unmeasured_target_40_models,extrapolation_model_estimate,0.03436869872,3.526051101,3.594788499,0.07245353549,3.487966265,3.632873335,,,,,
20,36,56,Ca,,,3.5884964,0.0038074234,40,unmeasured_target_40_models,extrapolation_model_estimate,0.03337375797,3.555122642,3.621870158,0.06902007801,3.519476322,3.657516478,,,,,
20,37,57,Ca,,,3.5829864,0.0037077672,40,unmeasured_target_40_models,extrapolation_model_estimate,0.02973294092,3.553253459,3.612719341,0.06501447569,3.517971924,3.648000876,,,,,
20,38,58,Ca,,,3.6062818,0.004102648,40,unmeasured_target_40_models,extrapolation_model_estimate,0.03239740253,3.573884397,3.638679203,0.06988360517,3.536398195,3.676165405,,,,,
21,17,38,Sc,,,3.5071564,0.0056306235,40,unmeasured_target_40_models,extrapolation_model_estimate,0.01473063988,3.49242576,3.52188704,0.03115614694,3.476000253,3.538312547,,,,,
21,18,39,Sc,,,3.534914,0.00605348,40,unmeasured_target_40_models,extrapolation_model_estimate,0.01376966085,3.521144339,3.548683661,0.02925787813,3.505656122,3.564171878,,,,,
21,19,40,Sc,,,3.5331795,0.0054045357,40,unmeasured_target_40_models,extrapolation_model_estimate,0.01453870149,3.518640799,3.547718201,0.03183834094,3.501341159,3.565017841,,,,,
21,20,41,Sc,,,3.5518234,0.003959425,40,unmeasured_target_40_models,extrapolation_model_estimate,0.02233565746,3.529487743,3.574159057,0.04760641915,3.504216981,3.599429819,,,,,
21,21,42,Sc,3.5702,0.0238,3.5339117,0.0014624016,4,measured_target_oof_4_models,heldout_test_aggregate,0.0204635861,3.513448114,3.554375286,0.04168695578,3.492224744,3.575598656,,,,,
21,22,43,Sc,3.5575,0.0147,3.56819,0.0009557714,4,measured_target_oof_4_models,heldout_test_aggregate,0.01817073439,3.550019266,3.586360734,0.03885525076,3.529334749,3.607045251,,,,,
21,23,44,Sc,3.5432,0.0016,3.5566916,0.000788733,4,measured_target_oof_4_models,heldout_test_aggregate,0.01667606091,3.540015539,3.573367661,0.03468028734,3.522011313,3.591371887,,,,,
21,24,45,Sc,3.5459,0.0025,3.5658133,0.0025095022,4,measured_target_oof_4_models,heldout_test_aggregate,0.01618664758,3.549626652,3.581999948,0.03535550122,3.530457799,3.601168801,,,,,
21,25,46,Sc,3.5243,0.0089,3.5642467,0.0013795665,4,measured_target_oof_4_models,heldout_test_aggregate,0.01609185524,3.548154845,3.580338555,0.03533849193,3.528908208,3.599585192,,,,,
21,26,47,Sc,,,3.5589657,0.0037715936,40,unmeasured_target_40_models,extrapolation_model_estimate,0.01824595173,3.540719748,3.577211652,0.03860587526,3.520359825,3.597571575,,,,,
21,27,48,Sc,,,3.5498848,0.0031012245,40,unmeasured_target_40_models,extrapolation_model_estimate,0.01657434523,3.533310455,3.566459145,0.03526594805,3.514618852,3.585150748,,,,,
21,28,49,Sc,,,3.55104,0.0035499965,40,unmeasured_target_40_models,extrapolation_model_estimate,0.01637461419,3.534665386,3.567414614,0.03551864899,3.515521351,3.586558649,,,,,
21,29,50,Sc,,,3.5587296,0.0028261796,40,unmeasured_target_40_models,extrapolation_model_estimate,0.01529710076,3.543432499,3.574026701,0.03288933888,3.525840261,3.591618939,,,,,
21,30,51,Sc,,,3.582356,0.0029801659,40,unmeasured_target_40_models,extrapolation_model_estimate,0.01610877073,3.566247229,3.598464771,0.03436793302,3.547988067,3.616723933,,,,,
21,31,52,Sc,,,3.576223,0.0039965324,40,unmeasured_target_40_models,extrapolation_model_estimate,0.007027446786,3.569195553,3.583250447,0.0154073912,3.560815609,3.591630391,,,,,
21,32,53,Sc,,,3.59617,0.0027129247,40,unmeasured_target_40_models,extrapolation_model_estimate,0.01133597476,3.584834025,3.607505975,0.02381488958,3.57235511,3.61998489,,,,,
21,33,54,Sc,,,3.5942345,0.002729449,40,unmeasured_target_40_models,extrapolation_model_estimate,0.02299241526,3.571242085,3.617226915,0.04843991063,3.545794589,3.642674411,,,,,
21,34,55,Sc,,,3.6063583,0.0029290458,40,unmeasured_target_40_models,extrapolation_model_estimate,0.0332765486,3.573081751,3.639634849,0.06959488553,3.536763414,3.675953186,,,,,
21,35,56,Sc,,,3.6221042,0.0024449716,40,unmeasured_target_40_models,extrapolation_model_estimate,0.0323482332,3.589755967,3.654452433,0.07115519084,3.550949009,3.693259391,,,,,
21,36,57,Sc,,,3.6466122,0.0029067479,40,unmeasured_target_40_models,extrapolation_model_estimate,0.03447803131,3.612134169,3.681090231,0.07188582894,3.574726371,3.718498029,,,,,
21,37,58,Sc,,,3.642652,0.0028483353,40,unmeasured_target_40_models,extrapolation_model_estimate,0.0326675122,3.609984488,3.675319512,0.06820338568,3.574448614,3.710855386,,,,,
21,38,59,Sc,,,3.6631722,0.0031054155,40,unmeasured_target_40_models,extrapolation_model_estimate,0.03449556937,3.628676631,3.697667769,0.07257058951,3.59060161,3.73574279,,,,,
21,40,61,Sc,,,3.6881275,0.0049160225,40,unmeasured_target_40_models,extrapolation_model_estimate,0.03025190612,3.657875594,3.718379406,0.06482302027,3.62330448,3.75295052,,,,,
22,16,38,Ti,,,3.5240123,0.0030229157,40,unmeasured_target_40_models,extrapolation_model_estimate,0.01685517321,3.507157127,3.540867473,0.03454761306,3.489464687,3.558559913,,,,,
22,17,39,Ti,,,3.5432162,0.0038604725,40,unmeasured_target_40_models,extrapolation_model_estimate,0.01434255468,3.528873645,3.557558755,0.02966567752,3.513550522,3.572881878,,,,,
22,18,40,Ti,,,3.5672112,0.0039634677,40,unmeasured_target_40_models,extrapolation_model_estimate,0.01330687005,3.55390433,3.58051807,0.02776715735,3.539444043,3.594978357,,,,,
22,19,41,Ti,,,3.5745559,0.0030825622,40,unmeasured_target_40_models,extrapolation_model_estimate,0.01039766324,3.564158237,3.584953563,0.02088359961,3.5536723,3.5954395,,,,,
22,20,42,Ti,,,3.5903313,0.0041511017,40,unmeasured_target_40_models,extrapolation_model_estimate,0.01178063128,3.578550669,3.602111931,0.02440882324,3.565922477,3.614740123,,,,,
22,21,43,Ti,,,3.588457,0.0026827962,40,unmeasured_target_40_models,extrapolation_model_estimate,0.01741124687,3.571045753,3.605868247,0.03768585751,3.550771142,3.626142858,,,,,
22,22,44,Ti,3.6115,0.0051,3.6029873,0.00090863754,4,measured_target_oof_4_models,heldout_test_aggregate,0.02061499636,3.582372304,3.623602296,0.04347956011,3.55950774,3.64646686,,,,,
22,23,45,Ti,3.5939,0.0032,3.5931008,0.0011253759,4,measured_target_oof_4_models,heldout_test_aggregate,0.01980276423,3.573298036,3.612903564,0.04191849354,3.551182306,3.635019294,,,,,
22,24,46,Ti,3.607,0.0022,3.600819,0.0006555838,4,measured_target_oof_4_models,heldout_test_aggregate,0.01719316649,3.583625834,3.618012166,0.03795576973,3.56286323,3.63877477,,,,,
22,25,47,Ti,3.5962,0.0019,3.5975542,0.0011438067,4,measured_target_oof_4_models,heldout_test_aggregate,0.01604191336,3.581512287,3.613596113,0.0358219762,3.561732224,3.633376176,,,,,
22,26,48,Ti,3.5921,0.0017,3.605987,0.00080999796,4,measured_target_oof_4_models,heldout_test_aggregate,0.01316958499,3.592817415,3.619156585,0.02843393643,3.577553064,3.634420936,,,,,
22,27,49,Ti,3.5733,0.0021,3.599627,0.0015966562,4,measured_target_oof_4_models,heldout_test_aggregate,0.01478072097,3.584846279,3.614407721,0.03222841027,3.56739859,3.63185541,,,,,
22,28,50,Ti,3.5704,0.0022,3.6060271,0.0004543231,4,measured_target_oof_4_models,heldout_test_aggregate,0.01088363446,3.595143466,3.616910734,0.02366688724,3.582360213,3.629693987,,,,,
22,29,51,Ti,,,3.610557,0.0024625012,40,unmeasured_target_40_models,extrapolation_model_estimate,0.01382874099,3.596728259,3.624385741,0.02898801772,3.581568982,3.639545018,,,,,
22,30,52,Ti,,,3.6319115,0.0022728802,40,unmeasured_target_40_models,extrapolation_model_estimate,0.01229911273,3.619612387,3.644210613,0.02582415405,3.606087346,3.657735654,,,,,
22,31,53,Ti,,,3.6240344,0.004114057,40,unmeasured_target_40_models,extrapolation_model_estimate,0.01141917973,3.61261522,3.63545358,0.02452514222,3.599509258,3.648559542,,,,,
22,32,54,Ti,,,3.644029,0.0029835613,40,unmeasured_target_40_models,extrapolation_model_estimate,0.01065586841,3.633373132,3.654684868,0.02234562957,3.62168337,3.66637463,,,,,
22,33,55,Ti,,,3.6413944,0.0033080236,40,unmeasured_target_40_models,extrapolation_model_estimate,0.007468408494,3.633925992,3.648862808,0.01560145744,3.625792943,3.656995857,,,,,
22,34,56,Ti,,,3.6541703,0.003798016,40,unmeasured_target_40_models,extrapolation_model_estimate,0.007831160943,3.646339139,3.662001461,0.01560587291,3.638564427,3.669776173,,,,,
22,35,57,Ti,,,3.671938,0.003258835,40,unmeasured_target_40_models,extrapolation_model_estimate,0.02282165098,3.649116349,3.694759651,0.04687314192,3.625064858,3.718811142,,,,,
22,36,58,Ti,,,3.6955655,0.0042051673,40,unmeasured_target_40_models,extrapolation_model_estimate,0.02886419093,3.666701309,3.724429691,0.06010538372,3.635460116,3.755670884,,,,,
22,37,59,Ti,,,3.6907609,0.0036767474,40,unmeasured_target_40_models,extrapolation_model_estimate,0.02574252278,3.665018377,3.716503423,0.05331870564,3.637442194,3.744079606,,,,,
22,38,60,Ti,,,3.711387,0.0037291665,40,unmeasured_target_40_models,extrapolation_model_estimate,0.03048441314,3.680902587,3.741871413,0.06568541202,3.645701588,3.777072412,,,,,
22,39,61,Ti,,,3.722324,0.006185636,40,unmeasured_target_40_models,extrapolation_model_estimate,0.02957022172,3.692753778,3.751894222,0.06434745849,3.657976542,3.786671458,,,,,
22,40,62,Ti,,,3.7340493,0.005437856,40,unmeasured_target_40_models,extrapolation_model_estimate,0.0278721643,3.706177136,3.761921464,0.0603639226,3.673685377,3.794413223,,,,,
22,41,63,Ti,,,3.7429643,0.0045594163,40,unmeasured_target_40_models,extrapolation_model_estimate,0.0224340031,3.720530297,3.765398303,0.04962963655,3.693334663,3.792593937,,,,,
22,42,64,Ti,,,3.7402718,0.0050105695,40,unmeasured_target_40_models,extrapolation_model_estimate,0.02441302982,3.71585877,3.76468483,0.05234578447,3.687926016,3.792617584,,,,,
23,19,42,V,,,3.5853996,0.0065143313,40,unmeasured_target_40_models,extrapolation_model_estimate,0.01348931529,3.571910285,3.598888915,0.02876683945,3.556632761,3.614166439,,,,,
23,20,43,V,,,3.602695,0.0058939545,40,unmeasured_target_40_models,extrapolation_model_estimate,0.01235220671,3.590342793,3.615047207,0.02669426223,3.576000738,3.629389262,,,,,
23,21,44,V,,,3.600144,0.0053524924,40,unmeasured_target_40_models,extrapolation_model_estimate,0.01298528937,3.587158711,3.613129289,0.0282349008,3.571909099,3.628378901,,,,,
23,22,45,V,,,3.6181254,0.004682912,40,unmeasured_target_40_models,extrapolation_model_estimate,0.01916182229,3.598963578,3.637287222,0.0422249358,3.575900464,3.660350336,,,,,
23,23,46,V,,,3.6038456,0.0041139484,40,unmeasured_target_40_models,extrapolation_model_estimate,0.0233093495,3.580536251,3.627154949,0.04894463954,3.55490096,3.65279024,,,,,
23,24,47,V,,,3.6199334,0.0040819733,40,unmeasured_target_40_models,extrapolation_model_estimate,0.01980965074,3.600123749,3.639743051,0.04204599771,3.577887402,3.661979398,,,,,
23,25,48,V,,,3.61119,0.0048847357,40,unmeasured_target_40_models,extrapolation_model_estimate,0.01729017273,3.593899827,3.628480173,0.03764674397,3.573543256,3.648836744,,,,,
23,26,49,V,,,3.6184502,0.0034311712,40,unmeasured_target_40_models,extrapolation_model_estimate,0.01652283926,3.601927361,3.634973039,0.03632137221,3.582128828,3.654771572,,,,,
23,27,50,V,,,3.6090024,0.003190119,40,unmeasured_target_40_models,extrapolation_model_estimate,0.01548394739,3.593518453,3.624486347,0.03281513505,3.576187265,3.641817535,,,,,
23,28,51,V,3.6002,0.0022,3.6170485,0.0012324653,4,measured_target_oof_4_models,heldout_test_aggregate,0.01806590528,3.598982595,3.635114405,0.03700873198,3.580039768,3.654057232,,,,,
23,29,52,V,,,3.6204712,0.002419897,40,unmeasured_target_40_models,extrapolation_model_estimate,0.01185609965,3.6086151,3.6323273,0.02501962663,3.595451573,3.645490827,,,,,
23,30,53,V,,,3.6424186,0.0031874694,40,unmeasured_target_40_models,extrapolation_model_estimate,0.01419742494,3.628221175,3.656616025,0.03042966523,3.611988935,3.672848265,,,,,
23,31,54,V,,,3.6346488,0.004330311,40,unmeasured_target_40_models,extrapolation_model_estimate,0.01198131766,3.622667482,3.646630118,0.02543968472,3.609209115,3.660088485,,,,,
23,32,55,V,,,3.6574008,0.0028662623,40,unmeasured_target_40_models,extrapolation_model_estimate,0.01235372609,3.645047074,3.669754526,0.02660402378,3.630796776,3.684004824,,,,,
23,33,56,V,,,3.6518657,0.0029726215,40,unmeasured_target_40_models,extrapolation_model_estimate,0.01121263719,3.640653063,3.663078337,0.02415569616,3.627710004,3.676021396,,,,,
23,34,57,V,,,3.6661503,0.002632227,40,unmeasured_target_40_models,extrapolation_model_estimate,0.007370712998,3.658779587,3.673521013,0.01532884532,3.650821455,3.681479145,,,,,
23,35,58,V,,,3.6834292,0.0020403834,40,unmeasured_target_40_models,extrapolation_model_estimate,0.0124274805,3.671001719,3.695856681,0.02603820512,3.657390995,3.709467405,,,,,
23,36,59,V,,,3.7057118,0.0026811492,40,unmeasured_target_40_models,extrapolation_model_estimate,0.02048106744,3.685230733,3.726192867,0.04421713371,3.661494666,3.749928934,,,,,
23,37,60,V,,,3.6993403,0.0028079716,40,unmeasured_target_40_models,extrapolation_model_estimate,0.025104438,3.674235862,3.724444738,0.05441736613,3.644922934,3.753757666,,,,,
23,38,61,V,,,3.7189934,0.0035200538,40,unmeasured_target_40_models,extrapolation_model_estimate,0.03151152195,3.687481878,3.750504922,0.06840296045,3.65059044,3.78739636,,,,,
23,39,62,V,,,3.7308197,0.0066794828,40,unmeasured_target_40_models,extrapolation_model_estimate,0.0307534036,3.700066296,3.761573104,0.06786863344,3.662951067,3.798688333,,,,,
23,40,63,V,,,3.740932,0.0046992265,40,unmeasured_target_40_models,extrapolation_model_estimate,0.02956286851,3.711369131,3.770494869,0.0623899914,3.678542009,3.803321991,,,,,
23,41,64,V,,,3.7519927,0.0044142273,40,unmeasured_target_40_models,extrapolation_model_estimate,0.02554805942,3.726444641,3.777540759,0.05520642774,3.696786272,3.807199128,,,,,
23,42,65,V,,,3.7504818,0.0041405144,40,unmeasured_target_40_models,extrapolation_model_estimate,0.02611215717,3.724369643,3.776593957,0.05564745243,3.694834348,3.806129252,,,,,
23,43,66,V,,,3.7496657,0.0041666212,40,unmeasured_target_40_models,extrapolation_model_estimate,0.02543845195,3.724227248,3.775104152,0.05239593232,3.697269768,3.802061632,,,,,
23,44,67,V,,,3.7591336,0.004512168,40,unmeasured_target_40_models,extrapolation_model_estimate,0.02467176999,3.73446183,3.78380537,0.05297345228,3.706160148,3.812107052,,,,,
24,18,42,Cr,,,3.597709,0.0057788747,40,unmeasured_target_40_models,extrapolation_model_estimate,0.01727232541,3.580436675,3.614981325,0.03711181402,3.560597186,3.634820814,,,,,
24,19,43,Cr,,,3.6064858,0.006094924,40,unmeasured_target_40_models,extrapolation_model_estimate,0.01194763093,3.594538169,3.618433431,0.024833213,3.581652587,3.631319013,,,,,
24,20,44,Cr,,,3.6258755,0.005731858,40,unmeasured_target_40_models,extrapolation_model_estimate,0.01069438516,3.615181115,3.636569885,0.0224283116,3.603447188,3.648303812,,,,,
24,21,45,Cr,,,3.625492,0.004541054,40,unmeasured_target_40_models,extrapolation_model_estimate,0.009420849495,3.616071151,3.634912849,0.01972790229,3.605764098,3.645219902,,,,,
24,22,46,Cr,,,3.6431732,0.0039606835,40,unmeasured_target_40_models,extrapolation_model_estimate,0.01116558554,3.632007614,3.654338786,0.02502193523,3.618151265,3.668195135,,,,,
24,23,47,Cr,,,3.6340091,0.0029487854,40,unmeasured_target_40_models,extrapolation_model_estimate,0.01410870203,3.619900398,3.648117802,0.03061154308,3.603397557,3.664620643,,,,,
24,24,48,Cr,,,3.650828,0.0030144572,40,unmeasured_target_40_models,extrapolation_model_estimate,0.01894176456,3.631886235,3.669769765,0.04026552441,3.610562476,3.691093524,,,,,
24,25,49,Cr,,,3.6412036,0.003964919,40,unmeasured_target_40_models,extrapolation_model_estimate,0.0160661777,3.625137422,3.657269778,0.03371294516,3.607490655,3.674916545,,,,,
24,26,50,Cr,3.6588,0.0065,3.6463475,0.0005220385,4,measured_target_oof_4_models,heldout_test_aggregate,0.0144930443,3.631854456,3.660840544,0.0302397696,3.61610773,3.67658727,,,,,
24,27,51,Cr,,,3.6420944,0.0029655078,40,unmeasured_target_40_models,extrapolation_model_estimate,0.01181885275,3.630275547,3.653913253,0.02518161606,3.616912784,3.667276016,,,,,
24,28,52,Cr,3.6452,0.0042,3.646543,0.0006756547,4,measured_target_oof_4_models,heldout_test_aggregate,0.01287481751,3.633668182,3.659417818,0.02617305488,3.620369945,3.672716055,,,,,
24,29,53,Cr,3.6511,0.0075,3.6576614,0.0023006562,4,measured_target_oof_4_models,heldout_test_aggregate,0.01196710359,3.645694296,3.669628504,0.02556530852,3.632096091,3.683226709,,,,,
24,30,54,Cr,3.6885,0.0074,3.6672382,0.0011000349,4,measured_target_oof_4_models,heldout_test_aggregate,0.01118067844,3.656057522,3.678418878,0.02370814631,3.643530054,3.690946346,,,,,
24,31,55,Cr,,,3.6706002,0.0035825588,40,unmeasured_target_40_models,extrapolation_model_estimate,0.01054989801,3.660050302,3.681150098,0.0222158855,3.648384315,3.692816085,,,,,
24,32,56,Cr,,,3.6907914,0.002278691,40,unmeasured_target_40_models,extrapolation_model_estimate,0.01076867194,3.680022728,3.701560072,0.02314461921,3.667646781,3.713936019,,,,,
24,33,57,Cr,,,3.6884582,0.002534462,40,unmeasured_target_40_models,extrapolation_model_estimate,0.01063804439,3.677820156,3.699096244,0.0225756622,3.665882538,3.711033862,,,,,
24,34,58,Cr,,,3.6996212,0.0021487533,40,unmeasured_target_40_models,extrapolation_model_estimate,0.01119442262,3.688426777,3.710815623,0.02387685819,3.675744342,3.723498058,,,,,
24,35,59,Cr,,,3.7179668,0.0023172325,40,unmeasured_target_40_models,extrapolation_model_estimate,0.009117673608,3.708849126,3.727084474,0.01966264501,3.698304155,3.737629445,,,,,
24,36,60,Cr,,,3.7388752,0.0027177185,40,unmeasured_target_40_models,extrapolation_model_estimate,0.00815718504,3.730718015,3.747032385,0.01678375471,3.722091445,3.755658955,,,,,
24,37,61,Cr,,,3.7333407,0.0026229054,40,unmeasured_target_40_models,extrapolation_model_estimate,0.01341174119,3.719928959,3.746752441,0.02864558611,3.704695114,3.761986286,,,,,
24,38,62,Cr,,,3.749963,0.003331806,40,unmeasured_target_40_models,extrapolation_model_estimate,0.02169785156,3.728265148,3.771660852,0.04587768266,3.704085317,3.795840683,,,,,
24,39,63,Cr,,,3.7630239,0.0069533866,40,unmeasured_target_40_models,extrapolation_model_estimate,0.02769116543,3.735332735,3.790715065,0.05976170221,3.703262198,3.822785602,,,,,
24,40,64,Cr,,,3.771534,0.0045073046,40,unmeasured_target_40_models,extrapolation_model_estimate,0.02758695019,3.74394705,3.79912095,0.05797500722,3.713558993,3.829509007,,,,,
24,41,65,Cr,,,3.7805533,0.0045015737,40,unmeasured_target_40_models,extrapolation_model_estimate,0.02367041304,3.756882887,3.804223713,0.04950794517,3.731045355,3.830061245,,,,,
24,42,66,Cr,,,3.7771823,0.004020946,40,unmeasured_target_40_models,extrapolation_model_estimate,0.0237707871,3.753411513,3.800953087,0.05002966102,3.727152639,3.827211961,,,,,
24,43,67,Cr,,,3.7772136,0.0038868082,40,unmeasured_target_40_models,extrapolation_model_estimate,0.02205523153,3.755158368,3.799268832,0.04638976212,3.730823838,3.823603362,,,,,
24,44,68,Cr,,,3.7843366,0.0042132423,40,unmeasured_target_40_models,extrapolation_model_estimate,0.0214423259,3.762894274,3.805778926,0.04492633312,3.739410267,3.829262933,,,,,
24,45,69,Cr,,,3.7778544,0.0041969325,40,unmeasured_target_40_models,extrapolation_model_estimate,0.02052888289,3.757325517,3.798383283,0.04328776086,3.734566639,3.821142161,,,,,
24,46,70,Cr,,,3.7854438,0.004643881,40,unmeasured_target_40_models,extrapolation_model_estimate,0.0212507872,3.764193013,3.806694587,0.04510083152,3.740342968,3.830544632,,,,,
25,19,44,Mn,,,3.6353416,0.006394411,40,unmeasured_target_40_models,extrapolation_model_estimate,0.02100227629,3.614339324,3.656343876,0.04493289072,3.590408709,3.680274491,,,,,
25,20,45,Mn,,,3.6536267,0.0061630546,40,unmeasured_target_40_models,extrapolation_model_estimate,0.01609568101,3.637531019,3.669722381,0.03201945205,3.621607248,3.685646152,,,,,
25,21,46,Mn,,,3.6569018,0.0052876864,40,unmeasured_target_40_models,extrapolation_model_estimate,0.01355358006,3.64334822,3.67045538,0.02915107043,3.62775073,3.68605287,,,,,
25,22,47,Mn,,,3.6742473,0.0047931434,40,unmeasured_target_40_models,extrapolation_model_estimate,0.0117941077,3.662453192,3.686041408,0.02460852565,3.649638774,3.698855826,,,,,
25,23,48,Mn,,,3.6658082,0.004178048,40,unmeasured_target_40_models,extrapolation_model_estimate,0.01330913348,3.652499067,3.679117333,0.0290168256,3.636791374,3.694825026,,,,,
25,24,49,Mn,,,3.6851654,0.0043675094,40,unmeasured_target_40_models,extrapolation_model_estimate,0.02241019355,3.662755206,3.707575594,0.04833295636,3.636832444,3.733498356,,,,,
25,25,50,Mn,3.712,0.0196,3.664045,0.0025447153,4,measured_target_oof_4_models,heldout_test_aggregate,0.01915096011,3.64489404,3.68319596,0.03743253845,3.626612462,3.701477538,,,,,
25,26,51,Mn,3.7026,0.0212,3.6777284,0.0015411209,4,measured_target_oof_4_models,heldout_test_aggregate,0.02018836898,3.657540031,3.697916769,0.04345396721,3.634274433,3.721182367,,,,,
25,27,52,Mn,3.6706,0.0128,3.6679745,0.0012232605,4,measured_target_oof_4_models,heldout_test_aggregate,0.01805924945,3.649915251,3.686033749,0.03895662949,3.629017871,3.706931129,,,,,
25,28,53,Mn,3.6662,0.0076,3.6700776,0.0011011815,4,measured_target_oof_4_models,heldout_test_aggregate,0.01611489275,3.653962707,3.686192493,0.03604479966,3.6340328,3.7061224,,,,,
25,29,54,Mn,3.6834,0.0049,3.6842206,0.001633695,4,measured_target_oof_4_models,heldout_test_aggregate,0.01441739559,3.669803204,3.698637996,0.02933068591,3.654889914,3.713551286,,,,,
25,30,55,Mn,3.7057,0.0022,3.7072976,0.0021342165,4,measured_target_oof_4_models,heldout_test_aggregate,0.01476493182,3.692532668,3.722062532,0.03275129202,3.674546308,3.740048892,,,,,
25,31,56,Mn,3.7146,0.0052,3.6934874,0.0022702524,4,measured_target_oof_4_models,heldout_test_aggregate,0.01184734038,3.68164006,3.70533474,0.02611477323,3.667372627,3.719602173,,,,,
25,32,57,Mn,,,3.728548,0.0025673509,40,unmeasured_target_40_models,extrapolation_model_estimate,0.009957597224,3.718590403,3.738505597,0.0208766647,3.707671335,3.749424665,,,,,
25,33,58,Mn,,,3.7220936,0.003865108,40,unmeasured_target_40_models,extrapolation_model_estimate,0.0122369625,3.709856638,3.734330562,0.02646781597,3.695625784,3.748561416,,,,,
25,34,59,Mn,,,3.7360702,0.0029149642,40,unmeasured_target_40_models,extrapolation_model_estimate,0.01303390216,3.723036298,3.749104102,0.02697884999,3.70909135,3.76304905,,,,,
25,35,60,Mn,,,3.754947,0.0026418383,40,unmeasured_target_40_models,extrapolation_model_estimate,0.01211858751,3.742828412,3.767065588,0.02599740651,3.728949593,3.780944407,,,,,
25,36,61,Mn,,,3.7736213,0.0029386454,40,unmeasured_target_40_models,extrapolation_model_estimate,0.01103630506,3.762584995,3.784657605,0.02394675291,3.749674547,3.797568053,,,,,
25,37,62,Mn,,,3.7682948,0.002224273,40,unmeasured_target_40_models,extrapolation_model_estimate,0.007152556767,3.761142243,3.775447357,0.01527498735,3.753019813,3.783569787,,,,,
25,38,63,Mn,,,3.7853482,0.0030941954,40,unmeasured_target_40_models,extrapolation_model_estimate,0.01305324126,3.772294959,3.798401441,0.02766695239,3.757681248,3.813015152,,,,,
25,39,64,Mn,,,3.800177,0.0058461106,40,unmeasured_target_40_models,extrapolation_model_estimate,0.02191149794,3.778265502,3.822088498,0.04530739337,3.754869607,3.845484393,,,,,
25,40,65,Mn,,,3.806467,0.0029544574,40,unmeasured_target_40_models,extrapolation_model_estimate,0.02572977531,3.780737225,3.832196775,0.05539731569,3.751069684,3.861864316,,,,,
25,41,66,Mn,,,3.8152778,0.0030414236,40,unmeasured_target_40_models,extrapolation_model_estimate,0.02592267797,3.789355122,3.841200478,0.05524166054,3.760036139,3.870519461,,,,,
25,42,67,Mn,,,3.812205,0.0037435878,40,unmeasured_target_40_models,extrapolation_model_estimate,0.02624989242,3.785955108,3.838454892,0.05762201085,3.754582989,3.869827011,,,,,
25,43,68,Mn,,,3.807115,0.003779051,40,unmeasured_target_40_models,extrapolation_model_estimate,0.02414128157,3.782973718,3.831256282,0.05151728998,3.75559771,3.85863229,,,,,
25,44,69,Mn,,,3.8180804,0.0044881566,40,unmeasured_target_40_models,extrapolation_model_estimate,0.0252893078,3.792791092,3.843369708,0.05474488797,3.763335512,3.872825288,,,,,
25,45,70,Mn,,,3.804666,0.004053151,40,unmeasured_target_40_models,extrapolation_model_estimate,0.02388797079,3.780778029,3.828553971,0.05091836944,3.753747631,3.855584369,,,,,
25,47,72,Mn,,,3.7984333,0.003865903,40,unmeasured_target_40_models,extrapolation_model_estimate,0.0239536641,3.774479636,3.822386964,0.05009873966,3.74833456,3.84853204,,,,,
25,48,73,Mn,,,3.8078418,0.0037323486,40,unmeasured_target_40_models,extrapolation_model_estimate,0.02766618705,3.780175613,3.835507987,0.05925518214,3.748586618,3.867096982,,,,,
26,19,45,Fe,,,3.6539142,0.007008414,40,unmeasured_target_40_models,extrapolation_model_estimate,0.01900838747,3.634905813,3.672922587,0.04222970199,3.611684498,3.696143902,,,,,
26,20,46,Fe,,,3.6718895,0.006202757,40,unmeasured_target_40_models,extrapolation_model_estimate,0.0199443048,3.651945195,3.691833805,0.04168989292,3.630199607,3.713579393,,,,,
26,21,47,Fe,,,3.676957,0.005207833,40,unmeasured_target_40_models,extrapolation_model_estimate,0.0165735282,3.660383472,3.693530528,0.03473704449,3.642219956,3.711694044,,,,,
26,22,48,Fe,,,3.6955452,0.0049267258,40,unmeasured_target_40_models,extrapolation_model_estimate,0.01523293622,3.680312264,3.710778136,0.03241531602,3.663129884,3.727960516,,,,,
26,23,49,Fe,,,3.6907458,0.00422468,40,unmeasured_target_40_models,extrapolation_model_estimate,0.01035464227,3.680391158,3.701100442,0.02294767502,3.667798125,3.713693475,,,,,
26,24,50,Fe,,,3.7104888,0.0043506594,40,unmeasured_target_40_models,extrapolation_model_estimate,0.01313263767,3.697356162,3.723621438,0.02746517446,3.683023626,3.737953974,,,,,
26,25,51,Fe,,,3.7061248,0.0055258577,40,unmeasured_target_40_models,extrapolation_model_estimate,0.01873754546,3.687387255,3.724862345,0.04040499648,3.665719804,3.746529796,,,,,
26,26,52,Fe,,,3.7157254,0.0039475644,40,unmeasured_target_40_models,extrapolation_model_estimate,0.01908195628,3.696643444,3.734807356,0.0411990811,3.674526319,3.756924481,,,,,
26,27,53,Fe,,,3.70604,0.0045592766,40,unmeasured_target_40_models,extrapolation_model_estimate,0.01646030437,3.689579696,3.722500304,0.03446975867,3.671570241,3.740509759,,,,,
26,28,54,Fe,3.6933,0.0019,3.7138326,0.0021894504,4,measured_target_oof_4_models,heldout_test_aggregate,0.01249669848,3.701335902,3.726329298,0.0275730455,3.686259555,3.741405645,,,,,
26,29,55,Fe,,,3.7184262,0.0026363805,40,unmeasured_target_40_models,extrapolation_model_estimate,0.01374816878,3.704678031,3.732174369,0.02911985321,3.689306347,3.747546053,,,,,
26,30,56,Fe,3.7377,0.0016,3.7392766,0.0010610126,4,measured_target_oof_4_models,heldout_test_aggregate,0.01479339264,3.724483207,3.754069993,0.03157119849,3.707705402,3.770847798,,,,,
26,31,57,Fe,3.7532,0.0017,3.7224164,0.0010569753,4,measured_target_oof_4_models,heldout_test_aggregate,0.01111044158,3.711305958,3.733526842,0.023187713,3.699228687,3.745604113,,,,,
26,32,58,Fe,3.7745,0.0014,3.755528,0.0012906061,4,measured_target_oof_4_models,heldout_test_aggregate,0.01325770181,3.742270298,3.768785702,0.02844095736,3.727087043,3.783968957,,,,,
26,33,59,Fe,,,3.7517705,0.0034271595,40,unmeasured_target_40_models,extrapolation_model_estimate,0.0106901741,3.741080326,3.762460674,0.02295299276,3.728817507,3.774723493,,,,,
26,34,60,Fe,,,3.764412,0.0034676944,40,unmeasured_target_40_models,extrapolation_model_estimate,0.01310082797,3.751311172,3.777512828,0.02709995222,3.737312048,3.791511952,,,,,
26,35,61,Fe,,,3.7836804,0.0030002312,40,unmeasured_target_40_models,extrapolation_model_estimate,0.01125119668,3.772429203,3.794931597,0.02384763964,3.75983276,3.80752804,,,,,
26,36,62,Fe,,,3.8041775,0.0027097494,40,unmeasured_target_40_models,extrapolation_model_estimate,0.01133948362,3.792838016,3.815516984,0.02414620844,3.780031292,3.828323708,,,,,
26,37,63,Fe,,,3.8008454,0.00265758,40,unmeasured_target_40_models,extrapolation_model_estimate,0.009544292752,3.791301107,3.810389693,0.02074457207,3.780100828,3.821589972,,,,,
26,38,64,Fe,,,3.813311,0.0023376835,40,unmeasured_target_40_models,extrapolation_model_estimate,0.00828119534,3.805029805,3.821592195,0.01666662219,3.796644378,3.829977622,,,,,
26,39,65,Fe,,,3.831366,0.005909946,40,unmeasured_target_40_models,extrapolation_model_estimate,0.009781553263,3.821584447,3.841147553,0.01987775721,3.811488243,3.851243757,,,,,
26,40,66,Fe,,,3.8340118,0.0033346636,40,unmeasured_target_40_models,extrapolation_model_estimate,0.0175458131,3.816465987,3.851557613,0.03643983937,3.797571961,3.870451639,,,,,
26,41,67,Fe,,,3.8447964,0.003130273,40,unmeasured_target_40_models,extrapolation_model_estimate,0.01843662667,3.826359773,3.863233027,0.03770326927,3.807093131,3.882499669,,,,,
26,42,68,Fe,,,3.8422768,0.0030422409,40,unmeasured_target_40_models,extrapolation_model_estimate,0.02472787873,3.817548921,3.867004679,0.05222433257,3.790052467,3.894501133,,,,,
26,43,69,Fe,,,3.8384407,0.003153782,40,unmeasured_target_40_models,extrapolation_model_estimate,0.02476236355,3.813678336,3.863203064,0.05294745937,3.785493241,3.891388159,,,,,
26,44,70,Fe,,,3.8490014,0.0038511977,40,unmeasured_target_40_models,extrapolation_model_estimate,0.02574651427,3.823254886,3.874747914,0.05477743702,3.794223963,3.903778837,,,,,
26,45,71,Fe,,,3.8386045,0.003832809,40,unmeasured_target_40_models,extrapolation_model_estimate,0.02332225525,3.815282245,3.861926755,0.05027726369,3.788327236,3.888881764,,,,,
26,46,72,Fe,,,3.845862,0.0036848832,40,unmeasured_target_40_models,extrapolation_model_estimate,0.02421153717,3.821650463,3.870073537,0.05172185703,3.794140143,3.897583857,,,,,
26,47,73,Fe,,,3.8306262,0.0036623022,40,unmeasured_target_40_models,extrapolation_model_estimate,0.02247605117,3.808150149,3.853102251,0.04938115035,3.78124505,3.88000735,,,,,
26,48,74,Fe,,,3.840566,0.003272574,40,unmeasured_target_40_models,extrapolation_model_estimate,0.02894506676,3.811620933,3.869511067,0.06169510645,3.778870894,3.902261106,,,,,
26,49,75,Fe,,,3.836024,0.0038501655,40,unmeasured_target_40_models,extrapolation_model_estimate,0.02890126324,3.807122737,3.864925263,0.06263612816,3.773387872,3.898660128,,,,,
26,50,76,Fe,,,3.8415604,0.0038237025,40,unmeasured_target_40_models,extrapolation_model_estimate,0.03066833728,3.810892063,3.872228737,0.06478807279,3.776772327,3.906348473,,,,,
27,21,48,Co,,,3.708273,0.0056259003,40,unmeasured_target_40_models,extrapolation_model_estimate,0.01900354321,3.689269457,3.727276543,0.04178487203,3.666488128,3.750057872,,,,,
27,23,50,Co,,,3.7212176,0.004290191,40,unmeasured_target_40_models,extrapolation_model_estimate,0.01609601989,3.70512158,3.73731362,0.03476077833,3.686456822,3.755978378,,,,,
27,24,51,Co,,,3.7417035,0.004384941,40,unmeasured_target_40_models,extrapolation_model_estimate,0.01208813787,3.729615362,3.753791638,0.02603920865,3.715664291,3.767742709,,,,,
27,25,52,Co,,,3.7364755,0.0051649595,40,unmeasured_target_40_models,extrapolation_model_estimate,0.0135178997,3.7229576,3.7499934,0.02856929553,3.707906204,3.765044796,,,,,
27,26,53,Co,,,3.746027,0.003320448,40,unmeasured_target_40_models,extrapolation_model_estimate,0.02061775522,3.725409245,3.766644755,0.04605958158,3.699967418,3.792086582,,,,,
27,27,54,Co,,,3.7365031,0.0036659602,40,unmeasured_target_40_models,extrapolation_model_estimate,0.02177762715,3.714725473,3.758280727,0.04822417694,3.688278923,3.784727277,,,,,
27,28,55,Co,,,3.7391658,0.0028166268,40,unmeasured_target_40_models,extrapolation_model_estimate,0.01925327665,3.719912523,3.758419077,0.0423606484,3.696805152,3.781526448,,,,,
27,29,56,Co,,,3.7483234,0.0027057119,40,unmeasured_target_40_models,extrapolation_model_estimate,0.02001462103,3.728308779,3.768338021,0.04361746045,3.70470594,3.79194086,,,,,
27,30,57,Co,,,3.7697234,0.0023604226,40,unmeasured_target_40_models,extrapolation_model_estimate,0.01764510388,3.752078296,3.787368504,0.03719601339,3.732527387,3.806919413,,,,,
27,31,58,Co,,,3.7670307,0.0032222806,40,unmeasured_target_40_models,extrapolation_model_estimate,0.01437486684,3.752655833,3.781405567,0.03091340799,3.736117292,3.797944108,,,,,
27,32,59,Co,3.7875,0.0021,3.792515,0.0013823493,4,measured_target_oof_4_models,heldout_test_aggregate,0.01429186836,3.778223132,3.806806868,0.02973887144,3.762776129,3.822253871,,,,,
27,33,60,Co,,,3.7845006,0.0027639056,40,unmeasured_target_40_models,extrapolation_model_estimate,0.01479344291,3.769707157,3.799294043,0.03099139698,3.753509203,3.815491997,,,,,
27,34,61,Co,,,3.7993665,0.0021292083,40,unmeasured_target_40_models,extrapolation_model_estimate,0.01548389877,3.783882601,3.814850399,0.03287616664,3.766490333,3.832242667,,,,,
27,35,62,Co,,,3.8175483,0.0022558765,40,unmeasured_target_40_models,extrapolation_model_estimate,0.01378438098,3.803763919,3.831332681,0.02944094467,3.788107355,3.846989245,,,,,
27,36,63,Co,,,3.8364577,0.0021619685,40,unmeasured_target_40_models,extrapolation_model_estimate,0.01289279803,3.823564902,3.849350498,0.02693471775,3.809522982,3.863392418,,,,,
27,37,64,Co,,,3.833794,0.0020356467,40,unmeasured_target_40_models,extrapolation_model_estimate,0.01143099811,3.822363002,3.845224998,0.02469589618,3.809098104,3.858489896,,,,,
27,38,65,Co,,,3.8464622,0.0023363498,40,unmeasured_target_40_models,extrapolation_model_estimate,0.01294910924,3.833513091,3.859411309,0.0280041756,3.818458024,3.874466376,,,,,
27,39,66,Co,,,3.864404,0.0054281247,40,unmeasured_target_40_models,extrapolation_model_estimate,0.01230890191,3.852095098,3.876712902,0.02684692281,3.837557077,3.891250923,,,,,
27,40,67,Co,,,3.8681965,0.0032525044,40,unmeasured_target_40_models,extrapolation_model_estimate,0.007944074374,3.860252426,3.876140574,0.01769994305,3.850496557,3.885896443,,,,,
27,41,68,Co,,,3.8780227,0.0027779057,40,unmeasured_target_40_models,extrapolation_model_estimate,0.006484389455,3.871538311,3.884507089,0.01417891398,3.863843786,3.892201614,,,,,
27,42,69,Co,,,3.8781352,0.0027836033,40,unmeasured_target_40_models,extrapolation_model_estimate,0.01859824272,3.859536957,3.896733443,0.03908224396,3.839052956,3.917217444,,,,,
27,43,70,Co,,,3.8711543,0.0026848966,40,unmeasured_target_40_models,extrapolation_model_estimate,0.02259656136,3.848557739,3.893750861,0.04924720715,3.821907093,3.920401507,,,,,
27,44,71,Co,,,3.8811746,0.0034003085,40,unmeasured_target_40_models,extrapolation_model_estimate,0.02938732246,3.851787278,3.910561922,0.06298556885,3.818189031,3.944160169,,,,,
27,45,72,Co,,,3.8701603,0.0035228767,40,unmeasured_target_40_models,extrapolation_model_estimate,0.02895086103,3.841209439,3.899111161,0.06223996155,3.807920338,3.932400262,,,,,
27,46,73,Co,,,3.8802571,0.0035345717,40,unmeasured_target_40_models,extrapolation_model_estimate,0.0279672381,3.852289862,3.908224338,0.05993863407,3.820318466,3.940195734,,,,,
27,47,74,Co,,,3.864254,0.0032999888,40,unmeasured_target_40_models,extrapolation_model_estimate,0.03106643409,3.833187566,3.895320434,0.06748262844,3.796771372,3.931736628,,,,,
27,48,75,Co,,,3.8752785,0.0026813876,40,unmeasured_target_40_models,extrapolation_model_estimate,0.03290756199,3.842370938,3.908186062,0.06956399029,3.80571451,3.94484249,,,,,
27,49,76,Co,,,3.869716,0.0034625516,40,unmeasured_target_40_models,extrapolation_model_estimate,0.03177658329,3.837939417,3.901492583,0.06899404563,3.800721954,3.938710046,,,,,
27,50,77,Co,,,3.8750618,0.0038041843,40,unmeasured_target_40_models,extrapolation_model_estimate,0.0340132798,3.84104852,3.90907508,0.0722491178,3.802812682,3.947310918,,,,,
27,51,78,Co,,,3.8886313,0.0031551712,40,unmeasured_target_40_models,extrapolation_model_estimate,0.03138057227,3.857250728,3.920011872,0.06904654661,3.819584753,3.957677847,,,,,
28,20,48,Ni,,,3.7169971,0.0077085216,40,unmeasured_target_40_models,extrapolation_model_estimate,0.01301663453,3.703980465,3.730013735,0.02757673069,3.689420369,3.744573831,,,,,
28,21,49,Ni,,,3.727972,0.0062031625,40,unmeasured_target_40_models,extrapolation_model_estimate,0.01529138292,3.712680617,3.743263383,0.03339594584,3.694576054,3.761367946,,,,,
28,22,50,Ni,,,3.74304,0.006259286,40,unmeasured_target_40_models,extrapolation_model_estimate,0.01439378552,3.728646214,3.757433786,0.03001684645,3.713023154,3.773056846,,,,,
28,23,51,Ni,,,3.7407653,0.005370074,40,unmeasured_target_40_models,extrapolation_model_estimate,0.01430499664,3.726460303,3.755070297,0.02887089716,3.711894403,3.769636197,,,,,
28,24,52,Ni,,,3.761338,0.0059959176,40,unmeasured_target_40_models,extrapolation_model_estimate,0.01333163555,3.748006364,3.774669636,0.02835298763,3.732985012,3.789690988,,,,,
28,25,53,Ni,,,3.7596786,0.0056802,40,unmeasured_target_40_models,extrapolation_model_estimate,0.0120271573,3.747651443,3.771705757,0.0256970341,3.733981566,3.785375634,,,,,
28,26,54,Ni,,,3.7706437,0.0038031652,40,unmeasured_target_40_models,extrapolation_model_estimate,0.01468427075,3.755959429,3.785327971,0.03108380296,3.739559897,3.801727503,,,,,
28,27,55,Ni,,,3.765491,0.0040405304,40,unmeasured_target_40_models,extrapolation_model_estimate,0.01628859957,3.7492024,3.7817796,0.03629708564,3.729193914,3.801788086,,,,,
28,28,56,Ni,,,3.7654386,0.0030017046,40,unmeasured_target_40_models,extrapolation_model_estimate,0.01785883531,3.747579765,3.783297435,0.03803528412,3.727403316,3.803473884,,,,,
28,29,57,Ni,,,3.7776692,0.0021263487,40,unmeasured_target_40_models,extrapolation_model_estimate,0.01832912672,3.759340073,3.795998327,0.03857678539,3.739092415,3.816245985,,,,,
28,30,58,Ni,3.7757,0.002,3.8056734,0.0018230994,4,measured_target_oof_4_models,heldout_test_aggregate,0.01629590666,3.789377493,3.821969307,0.03555306057,3.770120339,3.841226461,,,,,
28,31,59,Ni,,,3.7978058,0.0041163657,40,unmeasured_target_40_models,extrapolation_model_estimate,0.01485103006,3.78295477,3.81265683,0.03322585097,3.764579949,3.831031651,,,,,
28,32,60,Ni,3.8118,0.0016,3.8208385,0.0015939568,4,measured_target_oof_4_models,heldout_test_aggregate,0.0154152627,3.805423237,3.836253763,0.03280115771,3.788037342,3.853639658,,,,,
28,33,61,Ni,3.8225,0.0019,3.818231,0.0017558635,4,measured_target_oof_4_models,heldout_test_aggregate,0.01395182316,3.804279177,3.832182823,0.02952745017,3.78870355,3.84775845,,,,,
28,34,62,Ni,3.8399,0.0021,3.8357284,0.0022798604,4,measured_target_oof_4_models,heldout_test_aggregate,0.01506729144,3.820661109,3.850795691,0.03122716378,3.804501236,3.866955564,,,,,
28,35,63,Ni,,,3.8534737,0.00211947,40,unmeasured_target_40_models,extrapolation_model_estimate,0.01459905651,3.838874643,3.868072757,0.03091647669,3.822557223,3.884390177,,,,,
28,36,64,Ni,3.8572,0.0023,3.875622,0.001093387,4,measured_target_oof_4_models,heldout_test_aggregate,0.01140515412,3.864216846,3.887027154,0.0262228321,3.849399168,3.901844832,,,,,
28,37,65,Ni,,,3.8671193,0.0016818001,40,unmeasured_target_40_models,extrapolation_model_estimate,0.01163483996,3.85548446,3.87875414,0.02501429034,3.84210501,3.89213359,,,,,
28,38,66,Ni,,,3.878532,0.002287238,40,unmeasured_target_40_models,extrapolation_model_estimate,0.01240078985,3.86613121,3.89093279,0.02672214525,3.851809855,3.905254145,,,,,
28,39,67,Ni,,,3.8940048,0.0052136886,40,unmeasured_target_40_models,extrapolation_model_estimate,0.01146759937,3.882537201,3.905472399,0.02494147387,3.869063326,3.918946274,,,,,
28,40,68,Ni,,,3.8989463,0.0036803023,40,unmeasured_target_40_models,extrapolation_model_estimate,0.01059122726,3.888355073,3.909537527,0.02278004531,3.876166255,3.921726345,,,,,
28,41,69,Ni,,,3.9075947,0.0027637514,40,unmeasured_target_40_models,extrapolation_model_estimate,0.006885505508,3.900709194,3.914480206,0.01412111953,3.89347358,3.92171582,,,,,
28,42,70,Ni,,,3.9067142,0.0026491433,40,unmeasured_target_40_models,extrapolation_model_estimate,0.01023496193,3.896479238,3.916949162,0.02114460417,3.885569596,3.927858804,,,,,
28,43,71,Ni,,,3.8991756,0.0023618087,40,unmeasured_target_40_models,extrapolation_model_estimate,0.01615357428,3.883022026,3.915329174,0.03403998678,3.865135613,3.933215587,,,,,
28,44,72,Ni,,,3.91011,0.0028061173,40,unmeasured_target_40_models,extrapolation_model_estimate,0.02142759914,3.888682401,3.931537599,0.04463102076,3.865478979,3.954741021,,,,,
28,45,73,Ni,,,3.8967712,0.0026841196,40,unmeasured_target_40_models,extrapolation_model_estimate,0.02537520103,3.871395999,3.922146401,0.05292584827,3.843845352,3.949697048,,,,,
28,46,74,Ni,,,3.9052956,0.0036468476,40,unmeasured_target_40_models,extrapolation_model_estimate,0.03311832285,3.872177277,3.938413923,0.06990852833,3.835387072,3.975204128,,,,,
28,47,75,Ni,,,3.8922145,0.003242652,40,unmeasured_target_40_models,extrapolation_model_estimate,0.03273561256,3.859478887,3.924950113,0.07173158096,3.820482919,3.963946081,,,,,
28,48,76,Ni,,,3.9037929,0.0027141052,40,unmeasured_target_40_models,extrapolation_model_estimate,0.03563393533,3.868158965,3.939426835,0.074531382,3.829261518,3.978324282,,,,,
28,49,77,Ni,,,3.8965118,0.0032072363,40,unmeasured_target_40_models,extrapolation_model_estimate,0.0350615825,3.861450218,3.931573382,0.07337333733,3.823138463,3.969885137,,,,,
28,50,78,Ni,,,3.9022725,0.0033917532,40,unmeasured_target_40_models,extrapolation_model_estimate,0.03250620404,3.869766296,3.934778704,0.06859291439,3.833679586,3.970865414,,,,,
28,51,79,Ni,,,3.9122283,0.0028946453,40,unmeasured_target_40_models,extrapolation_model_estimate,0.03103651208,3.881191788,3.943264812,0.0667997661,3.845428534,3.979028066,,,,,
28,52,80,Ni,,,3.9378772,0.0026421077,40,unmeasured_target_40_models,extrapolation_model_estimate,0.03131855496,3.906558645,3.969195755,0.06640708614,3.871470114,4.004284286,,,,,
28,53,81,Ni,,,3.936124,0.0031624653,40,unmeasured_target_40_models,extrapolation_model_estimate,0.02653987227,3.909584128,3.962663872,0.05697199801,3.879152002,3.993095998,,,,,
28,54,82,Ni,,,3.958144,0.003051084,40,unmeasured_target_40_models,extrapolation_model_estimate,0.03097323072,3.927170769,3.989117231,0.06306126208,3.895082738,4.021205262,,,,,
29,24,53,Cu,,,3.7993646,0.0062503917,40,unmeasured_target_40_models,extrapolation_model_estimate,0.01697913088,3.782385469,3.816343731,0.03641175171,3.762952848,3.835776352,,,,,
29,25,54,Cu,,,3.8021789,0.006517214,40,unmeasured_target_40_models,extrapolation_model_estimate,0.0145599676,3.787618932,3.816738868,0.0325862951,3.769592605,3.834765195,,,,,
29,26,55,Cu,,,3.8121974,0.0048760087,40,unmeasured_target_40_models,extrapolation_model_estimate,0.01598871607,3.796208684,3.828186116,0.03343760504,3.778759795,3.845635005,,,,,
29,27,56,Cu,,,3.8100808,0.0039200257,40,unmeasured_target_40_models,extrapolation_model_estimate,0.01339273844,3.796688062,3.823473538,0.02925003448,3.780830766,3.839330834,,,,,
29,28,57,Cu,,,3.813039,0.004176829,40,unmeasured_target_40_models,extrapolation_model_estimate,0.02024807401,3.792790926,3.833287074,0.04229574694,3.770743253,3.855334747,,,,,
29,29,58,Cu,,,3.8240428,0.0025939627,40,unmeasured_target_40_models,extrapolation_model_estimate,0.02146909196,3.802573708,3.845511892,0.046879347,3.777163453,3.870922147,,,,,
29,30,59,Cu,,,3.8421497,0.003133382,40,unmeasured_target_40_models,extrapolation_model_estimate,0.02198928805,3.820160412,3.864138988,0.04800936571,3.794140334,3.890159066,,,,,
29,31,60,Cu,,,3.8405128,0.0036169565,40,unmeasured_target_40_models,extrapolation_model_estimate,0.02051700204,3.819995798,3.861029802,0.04569611531,3.794816685,3.886208915,,,,,
29,32,61,Cu,,,3.8634071,0.0032830029,40,unmeasured_target_40_models,extrapolation_model_estimate,0.01957032141,3.843836779,3.882977421,0.04146184841,3.821945252,3.904868948,,,,,
29,33,62,Cu,,,3.8638966,0.0024131157,40,unmeasured_target_40_models,extrapolation_model_estimate,0.01347140496,3.850425195,3.877368005,0.02968786528,3.834208735,3.893584465,,,,,
29,34,63,Cu,3.8823,0.0015,3.8697588,0.0028874124,4,measured_target_oof_4_models,heldout_test_aggregate,0.01450050751,3.855258292,3.884259308,0.03122499002,3.83853381,3.90098379,,,,,
29,35,64,Cu,,,3.8970928,0.0023112174,40,unmeasured_target_40_models,extrapolation_model_estimate,0.01393936225,3.883153438,3.911032162,0.02969376465,3.867399035,3.926786565,,,,,
29,36,65,Cu,3.9022,0.0014,3.9223871,0.0008090157,4,measured_target_oof_4_models,heldout_test_aggregate,0.01451056976,3.90787653,3.93689767,0.03051519841,3.891871902,3.952902298,,,,,
29,37,66,Cu,,,3.9110322,0.001458314,40,unmeasured_target_40_models,extrapolation_model_estimate,0.01328903087,3.897743169,3.924321231,0.02847418933,3.882558011,3.939506389,,,,,
29,38,67,Cu,,,3.9259114,0.0018006542,40,unmeasured_target_40_models,extrapolation_model_estimate,0.01276835024,3.91314305,3.93867975,0.0273800364,3.898531364,3.953291436,,,,,
29,39,68,Cu,,,3.9403825,0.0044787438,40,unmeasured_target_40_models,extrapolation_model_estimate,0.01191336735,3.928469133,3.952295867,0.02546003033,3.91492247,3.96584253,,,,,
29,40,69,Cu,,,3.9457707,0.0033241026,40,unmeasured_target_40_models,extrapolation_model_estimate,0.01122926258,3.934541437,3.956999963,0.0246522601,3.92111844,3.97042296,,,,,
29,41,70,Cu,,,3.9524956,0.0026284703,40,unmeasured_target_40_models,extrapolation_model_estimate,0.01024190054,3.942253699,3.962737501,0.02169994072,3.930795659,3.974195541,,,,,
29,42,71,Cu,,,3.9514065,0.0021325138,40,unmeasured_target_40_models,extrapolation_model_estimate,0.01052031243,3.940886188,3.961926812,0.02242605792,3.928980442,3.973832558,,,,,
29,43,72,Cu,,,3.9429593,0.0024715269,40,unmeasured_target_40_models,extrapolation_model_estimate,0.007779848932,3.935179451,3.950739149,0.01619579363,3.926763506,3.959155094,,,,,
29,44,73,Cu,,,3.9512792,0.0025373062,40,unmeasured_target_40_models,extrapolation_model_estimate,0.01312812157,3.938151078,3.964407322,0.02866356959,3.92261563,3.97994277,,,,,
29,45,74,Cu,,,3.9425902,0.002335506,40,unmeasured_target_40_models,extrapolation_model_estimate,0.01974144982,3.92284875,3.96233165,0.04179396452,3.900796235,3.984384165,,,,,
29,46,75,Cu,,,3.9489179,0.002788753,40,unmeasured_target_40_models,extrapolation_model_estimate,0.02403162664,3.924886273,3.972949527,0.05117177863,3.897746121,4.000089679,,,,,
29,47,76,Cu,,,3.9341137,0.00209658,40,unmeasured_target_40_models,extrapolation_model_estimate,0.03133338518,3.902780315,3.965447085,0.06771270922,3.866400991,4.001826409,,,,,
29,48,77,Cu,,,3.9439216,0.0023249565,40,unmeasured_target_40_models,extrapolation_model_estimate,0.03536573414,3.908555866,3.979287334,0.07633082863,3.867590771,4.020252429,,,,,
29,49,78,Cu,,,3.9408238,0.0026596414,40,unmeasured_target_40_models,extrapolation_model_estimate,0.03335392449,3.907469876,3.974177724,0.07152156951,3.86930223,4.01234537,,,,,
29,50,79,Cu,,,3.9456189,0.0030966678,40,unmeasured_target_40_models,extrapolation_model_estimate,0.03168136761,3.913937532,3.977300268,0.06872126903,3.876897631,4.014340169,,,,,
29,51,80,Cu,,,3.9549117,0.0025229985,40,unmeasured_target_40_models,extrapolation_model_estimate,0.02915701695,3.925754683,3.984068717,0.06416768687,3.890744013,4.019079387,,,,,
29,52,81,Cu,,,3.9820027,0.0023759238,40,unmeasured_target_40_models,extrapolation_model_estimate,0.03041109121,3.951591609,4.012413791,0.06506594345,3.916936757,4.047068643,,,,,
29,53,82,Cu,,,3.9786663,0.0030456285,40,unmeasured_target_40_models,extrapolation_model_estimate,0.02749949449,3.951166806,4.006165794,0.05959011959,3.91907618,4.03825642,,,,,
29,54,83,Cu,,,4.0008006,0.0029904959,40,unmeasured_target_40_models,extrapolation_model_estimate,0.03040576278,3.970394837,4.031206363,0.06403933212,3.936761268,4.064839932,,,,,
30,24,54,Zn,,,3.826527,0.0064012883,40,unmeasured_target_40_models,extrapolation_model_estimate,0.01851503151,3.808011968,3.845042032,0.03992749372,3.786599506,3.866454494,,,,,
30,25,55,Zn,,,3.8326232,0.006822628,40,unmeasured_target_40_models,extrapolation_model_estimate,0.01699202704,3.815631173,3.849615227,0.03624909867,3.796374101,3.868872299,,,,,
30,26,56,Zn,,,3.845211,0.0049614552,40,unmeasured_target_40_models,extrapolation_model_estimate,0.01589168449,3.829319316,3.861102684,0.03265893841,3.812552062,3.877869938,,,,,
30,27,57,Zn,,,3.8459213,0.004536812,40,unmeasured_target_40_models,extrapolation_model_estimate,0.01422845508,3.831692845,3.860149755,0.03239917589,3.813522124,3.878320476,,,,,
30,28,58,Zn,,,3.8462803,0.0036326358,40,unmeasured_target_40_models,extrapolation_model_estimate,0.01176234786,3.834517952,3.858042648,0.02496476153,3.821315538,3.871245062,,,,,
30,29,59,Zn,,,3.8599877,0.0023744258,40,unmeasured_target_40_models,extrapolation_model_estimate,0.01585515029,3.84413255,3.87584285,0.03519623519,3.824791465,3.895183935,,,,,
30,30,60,Zn,,,3.8803437,0.0033318102,40,unmeasured_target_40_models,extrapolation_model_estimate,0.01911931491,3.861224385,3.899463015,0.04184342306,3.838500277,3.922187123,,,,,
30,31,61,Zn,,,3.8797088,0.0037739493,40,unmeasured_target_40_models,extrapolation_model_estimate,0.0179929797,3.86171582,3.89770178,0.03832156336,3.841387237,3.918030363,,,,,
30,32,62,Zn,,,3.9017653,0.0025843165,40,unmeasured_target_40_models,extrapolation_model_estimate,0.01955091762,3.882214382,3.921316218,0.04249936978,3.85926593,3.94426467,,,,,
30,33,63,Zn,,,3.903689,0.0021602972,40,unmeasured_target_40_models,extrapolation_model_estimate,0.01679273279,3.886896267,3.920481733,0.03632376151,3.867365238,3.940012762,,,,,
30,34,64,Zn,3.9283,0.0015,3.9116907,0.0020857875,4,measured_target_oof_4_models,heldout_test_aggregate,0.01053926299,3.901151437,3.922229963,0.02439412876,3.887296571,3.936084829,,,,,
30,35,65,Zn,,,3.9402957,0.0017442416,40,unmeasured_target_40_models,extrapolation_model_estimate,0.01163712977,3.92865857,3.95193283,0.02470993181,3.915585768,3.965005632,,,,,
30,36,66,Zn,3.9491,0.0014,3.9605846,0.0005898081,4,measured_target_oof_4_models,heldout_test_aggregate,0.01087960759,3.949704992,3.971464208,0.02425302558,3.936331574,3.984837626,,,,,
30,37,67,Zn,3.953,0.0027,3.9539294,0.0016021476,4,measured_target_oof_4_models,heldout_test_aggregate,0.01159492763,3.942334472,3.965524328,0.02347359648,3.930455804,3.977402996,,,,,
30,38,68,Zn,3.9658,0.0014,3.964863,0.0011623625,4,measured_target_oof_4_models,heldout_test_aggregate,0.01541402837,3.949448972,3.980277028,0.03157541404,3.933287586,3.996438414,,,,,
30,39,69,Zn,,,3.983218,0.005307754,40,unmeasured_target_40_models,extrapolation_model_estimate,0.008973780226,3.97424422,3.99219178,0.01893950831,3.964278492,4.002157508,,,,,
30,40,70,Zn,3.9845,0.0019,3.9851048,0.0016319097,4,measured_target_oof_4_models,heldout_test_aggregate,0.01271834092,3.972386459,3.997823141,0.02657958874,3.958525211,4.011684389,,,,,
30,41,71,Zn,,,3.9950821,0.0019713293,40,unmeasured_target_40_models,extrapolation_model_estimate,0.008858328949,3.986223771,4.003940429,0.01867481886,3.976407281,4.013756919,,,,,
30,42,72,Zn,,,3.9919574,0.0021479037,40,unmeasured_target_40_models,extrapolation_model_estimate,0.009699660592,3.982257739,4.001657061,0.02056447459,3.971392925,4.012521875,,,,,
30,43,73,Zn,,,3.9846928,0.0023805404,40,unmeasured_target_40_models,extrapolation_model_estimate,0.00928882897,3.975403971,3.993981629,0.01953088909,3.965161911,4.004223689,,,,,
30,44,74,Zn,,,3.9898503,0.0026088895,40,unmeasured_target_40_models,extrapolation_model_estimate,0.007838168551,3.982012131,3.997688469,0.0161213141,3.973728986,4.005971614,,,,,
30,45,75,Zn,,,3.9814286,0.00252045,40,unmeasured_target_40_models,extrapolation_model_estimate,0.0102961819,3.971132418,3.991724782,0.02111168539,3.960316915,4.002540285,,,,,
30,46,76,Zn,,,3.987452,0.002893073,40,unmeasured_target_40_models,extrapolation_model_estimate,0.01518412714,3.972267873,4.002636127,0.03178992374,3.955662076,4.019241924,,,,,
30,47,77,Zn,,,3.9727302,0.002831557,40,unmeasured_target_40_models,extrapolation_model_estimate,0.01916592653,3.953564273,3.991896127,0.03991122861,3.932818971,4.012641429,,,,,
30,48,78,Zn,,,3.9822872,0.0025599562,40,unmeasured_target_40_models,extrapolation_model_estimate,0.02632599708,3.955961203,4.008613197,0.05567594697,3.926611253,4.037963147,,,,,
30,49,79,Zn,,,3.979281,0.0029773624,40,unmeasured_target_40_models,extrapolation_model_estimate,0.03081594706,3.948465053,4.010096947,0.06607898985,3.91320201,4.04535999,,,,,
30,50,80,Zn,,,3.9828262,0.0028124289,40,unmeasured_target_40_models,extrapolation_model_estimate,0.03095141603,3.951874784,4.013777616,0.06532588772,3.917500312,4.048152088,,,,,
30,51,81,Zn,,,3.9940097,0.0025400994,40,unmeasured_target_40_models,extrapolation_model_estimate,0.0282822896,3.96572741,4.02229199,0.05909769793,3.934912002,4.053107398,,,,,
30,52,82,Zn,,,4.020789,0.002306528,40,unmeasured_target_40_models,extrapolation_model_estimate,0.02877505339,3.992013947,4.049564053,0.06197632004,3.95881268,4.08276532,,,,,
30,53,83,Zn,,,4.016173,0.0030807024,40,unmeasured_target_40_models,extrapolation_model_estimate,0.0236880959,3.992484904,4.039861096,0.05078990484,3.965383095,4.066962905,,,,,
30,54,84,Zn,,,4.0411854,0.0028625375,40,unmeasured_target_40_models,extrapolation_model_estimate,0.02665292752,4.014532472,4.067838328,0.05530681499,3.985878585,4.096492215,,,,,
30,55,85,Zn,,,4.0600157,0.0025833475,40,unmeasured_target_40_models,extrapolation_model_estimate,0.02817503223,4.031840668,4.088190732,0.060790692,3.999225008,4.120806392,,,,,
31,28,59,Ga,,,3.8733954,0.0048240996,40,unmeasured_target_40_models,extrapolation_model_estimate,0.0159767607,3.857418639,3.889372161,0.03451514986,3.83888025,3.90791055,,,,,
31,29,60,Ga,,,3.8874862,0.0032832855,40,unmeasured_target_40_models,extrapolation_model_estimate,0.01491750636,3.872568694,3.902403706,0.03234917251,3.855137027,3.919835373,,,,,
31,30,61,Ga,,,3.9086146,0.0038779892,40,unmeasured_target_40_models,extrapolation_model_estimate,0.02094735235,3.887667248,3.929561952,0.04566105594,3.862953544,3.954275656,,,,,
31,31,62,Ga,,,3.90496,0.0038996013,40,unmeasured_target_40_models,extrapolation_model_estimate,0.02195264398,3.883007356,3.926912644,0.04847353381,3.856486466,3.953433534,,,,,
31,32,63,Ga,,,3.9309783,0.0030214877,40,unmeasured_target_40_models,extrapolation_model_estimate,0.02208311928,3.908895181,3.953061419,0.04730004512,3.883678255,3.978278345,,,,,
31,33,64,Ga,,,3.9291534,0.0029801948,40,unmeasured_target_40_models,extrapolation_model_estimate,0.02034052272,3.908812877,3.949493923,0.04514688459,3.884006515,3.974300285,,,,,
31,34,65,Ga,,,3.9423587,0.0019981,40,unmeasured_target_40_models,extrapolation_model_estimate,0.01997377709,3.922384923,3.962332477,0.04328150022,3.8990772,3.9856402,,,,,
31,35,66,Ga,,,3.9668536,0.0027194165,40,unmeasured_target_40_models,extrapolation_model_estimate,0.01410339809,3.952750202,3.980956998,0.03076883104,3.936084769,3.997622431,,,,,
31,36,67,Ga,,,3.984367,0.002047214,40,unmeasured_target_40_models,extrapolation_model_estimate,0.01094981289,3.973417187,3.995316813,0.02394055638,3.960426444,4.008307556,,,,,
31,37,68,Ga,,,3.9757411,0.0017928623,40,unmeasured_target_40_models,extrapolation_model_estimate,0.0117827931,3.963958307,3.987523893,0.02485136959,3.95088973,4.00059247,,,,,
31,38,69,Ga,3.9973,0.0017,3.9866722,0.0010862659,4,measured_target_oof_4_models,heldout_test_aggregate,0.01287041891,3.973801781,3.999542619,0.02700853747,3.959663663,4.013680737,,,,,
31,39,70,Ga,,,4.010829,0.005619858,40,unmeasured_target_40_models,extrapolation_model_estimate,0.01374017139,3.997088829,4.024569171,0.0299134432,3.980915557,4.040742443,,,,,
31,40,71,Ga,4.0118,0.0018,4.0101604,0.0014626872,4,measured_target_oof_4_models,heldout_test_aggregate,0.01172562921,3.998434771,4.021886029,0.02784798562,3.982312414,4.038008386,,,,,
31,41,72,Ga,,,4.020047,0.0022468714,40,unmeasured_target_40_models,extrapolation_model_estimate,0.01026994285,4.009777057,4.030316943,0.02150618807,3.998540812,4.041553188,,,,,
31,42,73,Ga,,,4.016265,0.0020512457,40,unmeasured_target_40_models,extrapolation_model_estimate,0.01058592782,4.005679072,4.026850928,0.0221968204,3.99406818,4.03846182,,,,,
31,43,74,Ga,,,4.0094957,0.0024128205,40,unmeasured_target_40_models,extrapolation_model_estimate,0.01152194925,3.997973751,4.021017649,0.02491157986,3.98458412,4.03440728,,,,,
31,44,75,Ga,,,4.014437,0.0025799074,40,unmeasured_target_40_models,extrapolation_model_estimate,0.01184318192,4.002593818,4.026280182,0.02508075185,3.989356248,4.039517752,,,,,
31,45,76,Ga,,,4.004519,0.0028103802,40,unmeasured_target_40_models,extrapolation_model_estimate,0.01001353283,3.994505467,4.014532533,0.02086937968,3.98364962,4.02538838,,,,,
31,46,77,Ga,,,4.0109186,0.003022063,40,unmeasured_target_40_models,extrapolation_model_estimate,0.008339873812,4.002578726,4.019258474,0.01878527376,3.992133326,4.029703874,,,,,
31,47,78,Ga,,,3.9963136,0.0029713996,40,unmeasured_target_40_models,extrapolation_model_estimate,0.01273464323,3.983578957,4.009048243,0.02748528612,3.968828314,4.023798886,,,,,
31,48,79,Ga,,,4.0028505,0.00245406,40,unmeasured_target_40_models,extrapolation_model_estimate,0.01939313532,3.983457365,4.022243635,0.04070374149,3.962146759,4.043554241,,,,,
31,49,80,Ga,,,4.0012383,0.0027863516,40,unmeasured_target_40_models,extrapolation_model_estimate,0.02254908748,3.978689213,4.023787387,0.04819757483,3.953040725,4.049435875,,,,,
31,50,81,Ga,,,4.003936,0.00312992,40,unmeasured_target_40_models,extrapolation_model_estimate,0.03276924671,3.971166753,4.036705247,0.06973773312,3.934198267,4.073673733,,,,,
31,51,82,Ga,,,4.0129323,0.0023827017,40,unmeasured_target_40_models,extrapolation_model_estimate,0.03210740393,3.980824896,4.045039704,0.06935425554,3.943578044,4.082286556,,,,,
31,52,83,Ga,,,4.042064,0.002000599,40,unmeasured_target_40_models,extrapolation_model_estimate,0.03015077724,4.011913223,4.072214777,0.06522946595,3.976834534,4.107293466,,,,,
31,53,84,Ga,,,4.038459,0.0024797434,40,unmeasured_target_40_models,extrapolation_model_estimate,0.02690878889,4.011550211,4.065367789,0.05634525722,3.982113743,4.094804257,,,,,
31,54,85,Ga,,,4.062787,0.002322361,40,unmeasured_target_40_models,extrapolation_model_estimate,0.02791678114,4.034870219,4.090703781,0.05921038437,4.003576616,4.121997384,,,,,
31,55,86,Ga,,,4.0824194,0.0023617607,40,unmeasured_target_40_models,extrapolation_model_estimate,0.0303495685,4.052069831,4.112768969,0.06574148579,4.016677914,4.148160886,,,,,
31,56,87,Ga,,,4.0974345,0.0019451929,40,unmeasured_target_40_models,extrapolation_model_estimate,0.03095453909,4.066479961,4.128389039,0.06809863398,4.029335866,4.165533134,,,,,
32,27,59,Ge,,,3.9058082,0.004411449,40,unmeasured_target_40_models,extrapolation_model_estimate,0.01625211841,3.889556082,3.922060318,0.03474603898,3.871062161,3.940554239,,,,,
32,28,60,Ge,,,3.9095635,0.0034276214,40,unmeasured_target_40_models,extrapolation_model_estimate,0.01456330988,3.89500019,3.92412681,0.03217932468,3.877384175,3.941742825,,,,,
32,29,61,Ge,,,3.9274247,0.0026021951,40,unmeasured_target_40_models,extrapolation_model_estimate,0.01388149813,3.913543202,3.941306198,0.03158312948,3.895841571,3.959007829,,,,,
32,30,62,Ge,,,3.9492054,0.003310573,40,unmeasured_target_40_models,extrapolation_model_estimate,0.01310017909,3.936105221,3.962305579,0.02845336983,3.92075203,3.97765877,,,,,
32,31,63,Ge,,,3.9492383,0.0043238546,40,unmeasured_target_40_models,extrapolation_model_estimate,0.0148499978,3.934388302,3.964088298,0.03126122947,3.917977071,3.980499529,,,,,
32,32,64,Ge,,,3.974072,0.003124888,40,unmeasured_target_40_models,extrapolation_model_estimate,0.01640412867,3.957667871,3.990476129,0.03551282016,3.93855918,4.00958482,,,,,
32,33,65,Ge,,,3.9753296,0.002941711,40,unmeasured_target_40_models,extrapolation_model_estimate,0.01600978769,3.959319812,3.991339388,0.0347176448,3.940611955,4.010047245,,,,,
32,34,66,Ge,,,3.988337,0.0025671034,40,unmeasured_target_40_models,extrapolation_model_estimate,0.01731204078,3.971024959,4.005649041,0.03795972609,3.950377274,4.026296726,,,,,
32,35,67,Ge,,,4.012871,0.0026946878,40,unmeasured_target_40_models,extrapolation_model_estimate,0.01452061062,3.998350389,4.027391611,0.03049429767,3.982376702,4.043365298,,,,,
32,36,68,Ge,,,4.0313873,0.0031476247,40,unmeasured_target_40_models,extrapolation_model_estimate,0.01216521215,4.019222088,4.043552512,0.02595156191,4.005435738,4.057338862,,,,,
32,37,69,Ge,,,4.022914,0.0025652437,40,unmeasured_target_40_models,extrapolation_model_estimate,0.008232993495,4.014681007,4.031146993,0.0177730626,4.005140937,4.040687063,,,,,
32,38,70,Ge,4.0414,0.0012,4.0374594,0.0016448889,4,measured_target_oof_4_models,heldout_test_aggregate,0.01005341785,4.027405982,4.047512818,0.02252126892,4.014938131,4.059980669,,,,,
32,39,71,Ge,,,4.0560484,0.0053969664,40,unmeasured_target_40_models,extrapolation_model_estimate,0.01028113387,4.045767266,4.066329534,0.02191437772,4.034134022,4.077962778,,,,,
32,40,72,Ge,4.0576,0.0013,4.056917,0.0010516957,4,measured_target_oof_4_models,heldout_test_aggregate,0.01262127267,4.044295727,4.069538273,0.02856293186,4.028354068,4.085479932,,,,,
32,41,73,Ge,4.0632,0.0014,4.06573,0.0010958497,4,measured_target_oof_4_models,heldout_test_aggregate,0.01069674778,4.055033252,4.076426748,0.0232088355,4.042521164,4.088938836,,,,,
32,42,74,Ge,4.0742,0.0012,4.057425,0.0011514662,4,measured_target_oof_4_models,heldout_test_aggregate,0.007749231953,4.049675768,4.065174232,0.01877443755,4.038650562,4.076199438,,,,,
32,43,75,Ge,,,4.055779,0.0025116885,40,unmeasured_target_40_models,extrapolation_model_estimate,0.0097678885,4.046011111,4.065546889,0.02074225454,4.035036745,4.076521255,,,,,
32,44,76,Ge,4.0811,0.0012,4.0553827,0.0019677326,4,measured_target_oof_4_models,heldout_test_aggregate,0.008964289314,4.046418411,4.064346989,0.01914086889,4.036241831,4.074523569,,,,,
32,45,77,Ge,,,4.054651,0.0032385192,40,unmeasured_target_40_models,extrapolation_model_estimate,0.009970211685,4.044680788,4.064621212,0.02141065818,4.033240342,4.076061658,,,,,
32,46,78,Ge,,,4.0570726,0.002688856,40,unmeasured_target_40_models,extrapolation_model_estimate,0.00941923311,4.047653367,4.066491833,0.01968731242,4.037385288,4.076759912,,,,,
32,47,79,Ge,,,4.04437,0.0031145024,40,unmeasured_target_40_models,extrapolation_model_estimate,0.006337140809,4.038032859,4.050707141,0.012871296,4.031498704,4.057241296,,,,,
32,48,80,Ge,,,4.0514708,0.002726927,40,unmeasured_target_40_models,extrapolation_model_estimate,0.009513342662,4.041957457,4.060984143,0.02042912324,4.031041677,4.071899923,,,,,
32,49,81,Ge,,,4.0513344,0.0025844793,40,unmeasured_target_40_models,extrapolation_model_estimate,0.01398269067,4.037351709,4.065317091,0.02960748295,4.021726917,4.080941883,,,,,
32,50,82,Ge,,,4.053856,0.0026869122,40,unmeasured_target_40_models,extrapolation_model_estimate,0.01897860621,4.034877394,4.072834606,0.03906015769,4.014795842,4.092916158,,,,,
32,51,83,Ge,,,4.0638123,0.0023890433,40,unmeasured_target_40_models,extrapolation_model_estimate,0.02186869163,4.041943608,4.085680992,0.04660843588,4.017203864,4.110420736,,,,,
32,52,84,Ge,,,4.0917006,0.0026440795,40,unmeasured_target_40_models,extrapolation_model_estimate,0.02935908211,4.062341518,4.121059682,0.06209084591,4.029609754,4.153791446,,,,,
32,53,85,Ge,,,4.0879927,0.0026251038,40,unmeasured_target_40_models,extrapolation_model_estimate,0.02294452411,4.065048176,4.110937224,0.05082309649,4.037169604,4.138815796,,,,,
32,54,86,Ge,,,4.110965,0.0028849712,40,unmeasured_target_40_models,extrapolation_model_estimate,0.02551592619,4.085449074,4.136480926,0.05474602467,4.056218975,4.165711025,,,,,
32,55,87,Ge,,,4.130866,0.0025311566,40,unmeasured_target_40_models,extrapolation_model_estimate,0.02782863583,4.103037364,4.158694636,0.06013939677,4.070726603,4.191005397,,,,,
32,56,88,Ge,,,4.14624,0.0022129514,40,unmeasured_target_40_models,extrapolation_model_estimate,0.02767649556,4.118563504,4.173916496,0.05798864352,4.088251356,4.204228644,,,,,
32,57,89,Ge,,,4.1604986,0.0035771735,40,unmeasured_target_40_models,extrapolation_model_estimate,0.02628650236,4.134212098,4.186785102,0.05622550169,4.104273098,4.216724102,,,,,
32,58,90,Ge,,,4.17488,0.0030776244,40,unmeasured_target_40_models,extrapolation_model_estimate,0.02529752872,4.149582471,4.200177529,0.055009933,4.119870067,4.229889933,,,,,
33,30,63,As,,,3.9725773,0.0037308382,40,unmeasured_target_40_models,extrapolation_model_estimate,0.01923145733,3.953345843,3.991808757,0.04060877724,3.931968523,4.013186077,,,,,
33,31,64,As,,,3.9703841,0.0038361484,40,unmeasured_target_40_models,extrapolation_model_estimate,0.0135506586,3.956833441,3.983934759,0.02783547257,3.942548627,3.998219573,,,,,
33,32,65,As,,,3.9984398,0.0029635464,40,unmeasured_target_40_models,extrapolation_model_estimate,0.0167848775,3.981654923,4.015224677,0.03571457128,3.962725229,4.034154371,,,,,
33,33,66,As,,,4.0018263,0.0023755105,40,unmeasured_target_40_models,extrapolation_model_estimate,0.01877675951,3.98304954,4.02060306,0.04057168597,3.961254614,4.042397986,,,,,
33,34,67,As,,,4.0130563,0.0021906134,40,unmeasured_target_40_models,extrapolation_model_estimate,0.01867273006,3.99438357,4.03172903,0.03989228887,3.973164011,4.052948589,,,,,
33,35,68,As,,,4.03995,0.0028100053,40,unmeasured_target_40_models,extrapolation_model_estimate,0.01708125791,4.022868742,4.057031258,0.03675013866,4.003199861,4.076700139,,,,,
33,36,69,As,,,4.0563073,0.0026463615,40,unmeasured_target_40_models,extrapolation_model_estimate,0.01634457541,4.039962725,4.072651875,0.03473067267,4.021576627,4.091037973,,,,,
33,37,70,As,,,4.048603,0.0027782957,40,unmeasured_target_40_models,extrapolation_model_estimate,0.01393209043,4.03467091,4.06253509,0.02939396716,4.019209033,4.077996967,,,,,
33,38,71,As,,,4.062313,0.0021324933,40,unmeasured_target_40_models,extrapolation_model_estimate,0.01337034531,4.048942655,4.075683345,0.02909050857,4.033222491,4.091403509,,,,,
33,39,72,As,,,4.0827246,0.00517244,40,unmeasured_target_40_models,extrapolation_model_estimate,0.01205897907,4.070665621,4.094783579,0.02542062952,4.05730397,4.10814523,,,,,
33,40,73,As,,,4.086204,0.0038398542,40,unmeasured_target_40_models,extrapolation_model_estimate,0.01127340421,4.074930596,4.097477404,0.02386557718,4.062338423,4.110069577,,,,,
33,41,74,As,,,4.092309,0.0022566416,40,unmeasured_target_40_models,extrapolation_model_estimate,0.01048170835,4.081827292,4.102790708,0.02221589488,4.070093105,4.114524895,,,,,
33,42,75,As,4.0968,0.002,4.0846405,0.002095621,4,measured_target_oof_4_models,heldout_test_aggregate,0.01111312779,4.073527372,4.095753628,0.0237177614,4.060922739,4.108358261,,,,,
33,43,76,As,,,4.0836587,0.0019270766,40,unmeasured_target_40_models,extrapolation_model_estimate,0.01028522569,4.073373474,4.093943926,0.02171001935,4.061948681,4.105368719,,,,,
33,44,77,As,,,4.08706,0.002106126,40,unmeasured_target_40_models,extrapolation_model_estimate,0.01112042153,4.075939578,4.098180422,0.02343196667,4.063628033,4.110491967,,,,,
33,45,78,As,,,4.0776315,0.0023604676,40,unmeasured_target_40_models,extrapolation_model_estimate,0.01033896024,4.06729254,4.08797046,0.02192058933,4.055710911,4.099552089,,,,,
33,46,79,As,,,4.0828185,0.001898908,40,unmeasured_target_40_models,extrapolation_model_estimate,0.009738563669,4.073079936,4.092557064,0.02088537475,4.061933125,4.103703875,,,,,
33,47,80,As,,,4.069437,0.0023038567,40,unmeasured_target_40_models,extrapolation_model_estimate,0.009007133446,4.060429867,4.078444133,0.01893658699,4.050500413,4.088373587,,,,,
33,48,81,As,,,4.0746965,0.0021089003,40,unmeasured_target_40_models,extrapolation_model_estimate,0.007239717157,4.067456783,4.081936217,0.01511600372,4.059580496,4.089812504,,,,,
33,49,82,As,,,4.074394,0.0022974007,40,unmeasured_target_40_models,extrapolation_model_estimate,0.00833279353,4.066061206,4.082726794,0.01761996571,4.056774034,4.092013966,,,,,
33,50,83,As,,,4.074739,0.0022286237,40,unmeasured_target_40_models,extrapolation_model_estimate,0.01226066609,4.062478334,4.086999666,0.02645603415,4.048282966,4.101195034,,,,,
33,51,84,As,,,4.087842,0.0017600895,40,unmeasured_target_40_models,extrapolation_model_estimate,0.01560534265,4.072236657,4.103447343,0.03306751219,4.054774488,4.120909512,,,,,
33,52,85,As,,,4.116087,0.0019248581,40,unmeasured_target_40_models,extrapolation_model_estimate,0.02079928,4.09528772,4.13688628,0.04433538192,4.071751618,4.160422382,,,,,
33,53,86,As,,,4.1124735,0.0022418178,40,unmeasured_target_40_models,extrapolation_model_estimate,0.02237781504,4.090095685,4.134851315,0.04812927661,4.064344223,4.160602777,,,,,
33,54,87,As,,,4.1352267,0.002384085,40,unmeasured_target_40_models,extrapolation_model_estimate,0.02752745906,4.107699241,4.162754159,0.05895593529,4.076270765,4.194182635,,,,,
33,55,88,As,,,4.155522,0.0020754696,40,unmeasured_target_40_models,extrapolation_model_estimate,0.02946571482,4.126056285,4.184987715,0.06399463363,4.091527366,4.219516634,,,,,
33,56,89,As,,,4.1704106,0.0017187328,40,unmeasured_target_40_models,extrapolation_model_estimate,0.02992495545,4.140485645,4.200335555,0.06350477229,4.106905828,4.233915372,,,,,
33,57,90,As,,,4.1837783,0.002473586,40,unmeasured_target_40_models,extrapolation_model_estimate,0.02675134045,4.15702696,4.21052964,0.05633045288,4.127447847,4.240108753,,,,,
33,58,91,As,,,4.197845,0.0023152984,40,unmeasured_target_40_models,extrapolation_model_estimate,0.02627760084,4.171567399,4.224122601,0.05605372113,4.141791279,4.253898721,,,,,
33,59,92,As,,,4.2070527,0.001281395,40,unmeasured_target_40_models,extrapolation_model_estimate,0.02639178435,4.180660916,4.233444484,0.05547242443,4.151580276,4.262525124,,,,,
34,29,63,Se,,,3.9926581,0.0044549457,40,unmeasured_target_40_models,extrapolation_model_estimate,0.01650663325,3.976151467,4.009164733,0.03457636186,3.958081738,4.027234462,,,,,
34,30,64,Se,,,4.0155697,0.0048949053,40,unmeasured_target_40_models,extrapolation_model_estimate,0.0162613694,3.999308331,4.031831069,0.03394556545,3.981624135,4.049515265,,,,,
34,31,65,Se,,,4.017905,0.0053586205,40,unmeasured_target_40_models,extrapolation_model_estimate,0.01612513506,4.001779865,4.034030135,0.03625943941,3.981645561,4.054164439,,,,,
34,32,66,Se,,,4.0442348,0.00461271,40,unmeasured_target_40_models,extrapolation_model_estimate,0.01556602581,4.028668774,4.059800826,0.03389180902,4.010342991,4.078126609,,,,,
34,33,67,Se,,,4.050846,0.004578654,40,unmeasured_target_40_models,extrapolation_model_estimate,0.01448095209,4.036365048,4.065326952,0.03126453904,4.019581461,4.082110539,,,,,
34,34,68,Se,,,4.064869,0.0039155516,40,unmeasured_target_40_models,extrapolation_model_estimate,0.0157555055,4.049113494,4.080624506,0.0349459075,4.029923093,4.099814907,,,,,
34,35,69,Se,,,4.0898924,0.00408655,40,unmeasured_target_40_models,extrapolation_model_estimate,0.01553265696,4.074359743,4.105425057,0.03413076389,4.055761636,4.124023164,,,,,
34,36,70,Se,,,4.1051536,0.004528829,40,unmeasured_target_40_models,extrapolation_model_estimate,0.0161725139,4.088981086,4.121326114,0.0358403657,4.069313234,4.140993966,,,,,
34,37,71,Se,,,4.1011543,0.0040987404,40,unmeasured_target_40_models,extrapolation_model_estimate,0.01435331689,4.086800983,4.115507617,0.03041259525,4.070741705,4.131566895,,,,,
34,38,72,Se,,,4.1097226,0.0029137537,40,unmeasured_target_40_models,extrapolation_model_estimate,0.01571238963,4.09401021,4.12543499,0.03369685436,4.076025746,4.143419454,,,,,
34,39,73,Se,,,4.131444,0.006524148,40,unmeasured_target_40_models,extrapolation_model_estimate,0.01454676867,4.116897231,4.145990769,0.03126993908,4.100174061,4.162713939,,,,,
34,40,74,Se,4.07,0.02,4.1461673,0.0005254297,4,measured_target_oof_4_models,heldout_test_aggregate,0.009250116528,4.136917183,4.155417417,0.01961742473,4.126549875,4.165784725,,,,,
34,41,75,Se,,,4.139943,0.0037567196,40,unmeasured_target_40_models,extrapolation_model_estimate,0.009613593245,4.130329407,4.149556593,0.02010548181,4.119837518,4.160048482,,,,,
34,42,76,Se,4.1395,0.0016,4.1341076,0.0006081248,4,measured_target_oof_4_models,heldout_test_aggregate,0.01083015803,4.123277442,4.144937758,0.02338487813,4.110722722,4.157492478,,,,,
34,43,77,Se,4.1395,0.0018,4.1296463,0.0006233914,4,measured_target_oof_4_models,heldout_test_aggregate,0.0100545272,4.119591773,4.139700827,0.02273740447,4.106908896,4.152383704,,,,,
34,44,78,Se,4.1406,0.0017,4.1334023,0.0014545482,4,measured_target_oof_4_models,heldout_test_aggregate,0.01332096635,4.120081334,4.146723266,0.0284198435,4.104982456,4.161822144,,,,,
34,45,79,Se,,,4.127795,0.0032746405,40,unmeasured_target_40_models,extrapolation_model_estimate,0.009022850192,4.11877215,4.13681785,0.01884213707,4.108952863,4.146637137,,,,,
34,46,80,Se,4.14,0.0018,4.1308756,0.0010158962,4,measured_target_oof_4_models,heldout_test_aggregate,0.008945523825,4.121930076,4.139821124,0.01809097419,4.112784626,4.148966574,,,,,
34,47,81,Se,,,4.11911,0.00357208,40,unmeasured_target_40_models,extrapolation_model_estimate,0.00880201956,4.11030798,4.12791202,0.01808551176,4.101024488,4.137195512,,,,,
34,48,82,Se,4.14,0.0019,4.1231394,0.00123687,4,measured_target_oof_4_models,heldout_test_aggregate,0.00946007364,4.113679326,4.132599474,0.02158968353,4.101549716,4.144729084,,,,,
34,49,83,Se,,,4.12612,0.0031715478,40,unmeasured_target_40_models,extrapolation_model_estimate,0.009330018676,4.116789981,4.135450019,0.01987952514,4.106240475,4.145999525,,,,,
34,50,84,Se,,,4.125577,0.003486684,40,unmeasured_target_40_models,extrapolation_model_estimate,0.006557764159,4.119019236,4.132134764,0.01386491285,4.111712087,4.139441913,,,,,
34,51,85,Se,,,4.1365433,0.0032187027,40,unmeasured_target_40_models,extrapolation_model_estimate,0.009427128637,4.127116171,4.145970429,0.01964883827,4.116894462,4.156192138,,,,,
34,52,86,Se,,,4.163181,0.0040498176,40,unmeasured_target_40_models,extrapolation_model_estimate,0.01485861742,4.148322383,4.178039617,0.03199623389,4.131184766,4.195177234,,,,,
34,53,87,Se,,,4.1636567,0.0034361798,40,unmeasured_target_40_models,extrapolation_model_estimate,0.01611927547,4.147537425,4.179775975,0.03437847022,4.12927823,4.19803517,,,,,
34,54,88,Se,,,4.1850133,0.0038398902,40,unmeasured_target_40_models,extrapolation_model_estimate,0.02091894606,4.164094354,4.205932246,0.04460957666,4.140403723,4.229622877,,,,,
34,55,89,Se,,,4.2050014,0.00364932,40,unmeasured_target_40_models,extrapolation_model_estimate,0.02888434302,4.176117057,4.233885743,0.06286734364,4.142134056,4.267868744,,,,,
34,56,90,Se,,,4.220565,0.0030278936,40,unmeasured_target_40_models,extrapolation_model_estimate,0.02938061349,4.191184387,4.249945613,0.06071364342,4.159851357,4.281278643,,,,,
34,57,91,Se,,,4.234643,0.0034380693,40,unmeasured_target_40_models,extrapolation_model_estimate,0.02676531854,4.207877681,4.261408319,0.05641476951,4.17822823,4.29105777,,,,,
34,58,92,Se,,,4.2497873,0.003589021,40,unmeasured_target_40_models,extrapolation_model_estimate,0.02764260712,4.222144693,4.277429907,0.06032515986,4.18946214,4.31011246,,,,,
34,59,93,Se,,,4.2616377,0.0032759437,40,unmeasured_target_40_models,extrapolation_model_estimate,0.02503259401,4.236605106,4.286670294,0.05292629012,4.20871141,4.31456399,,,,,
34,60,94,Se,,,4.29371,0.0046111997,40,unmeasured_target_40_models,extrapolation_model_estimate,0.03303093716,4.260679063,4.326740937,0.07099127786,4.222718722,4.364701278,,,,,
34,61,95,Se,,,4.3138905,0.0045536268,40,unmeasured_target_40_models,extrapolation_model_estimate,0.03305821733,4.280832283,4.346948717,0.07217977,4.24171073,4.38607027,,,,,
35,32,67,Br,,,4.0708227,0.004374959,40,unmeasured_target_40_models,extrapolation_model_estimate,0.01542757649,4.055395124,4.086250276,0.03285429174,4.037968408,4.103676992,,,,,
35,33,68,Br,,,4.076962,0.004271893,40,unmeasured_target_40_models,extrapolation_model_estimate,0.01427364296,4.062688357,4.091235643,0.03041339476,4.046548605,4.107375395,,,,,
35,34,69,Br,,,4.0922294,0.0031765788,40,unmeasured_target_40_models,extrapolation_model_estimate,0.01585576568,4.076373634,4.108085166,0.0349365655,4.057292835,4.127165965,,,,,
35,35,70,Br,,,4.1186266,0.0038571197,40,unmeasured_target_40_models,extrapolation_model_estimate,0.01688016879,4.101746431,4.135506769,0.03642745496,4.082199145,4.155054055,,,,,
35,36,71,Br,,,4.1358004,0.0030420637,40,unmeasured_target_40_models,extrapolation_model_estimate,0.01831475704,4.117485643,4.154115157,0.03792044337,4.097879957,4.173720843,,,,,
35,37,72,Br,,,4.129779,0.0033087698,40,unmeasured_target_40_models,extrapolation_model_estimate,0.01719906841,4.112579932,4.146978068,0.03705980878,4.092719191,4.166838809,,,,,
35,38,73,Br,,,4.1389513,0.0027629072,40,unmeasured_target_40_models,extrapolation_model_estimate,0.01950670335,4.119444597,4.158458003,0.04119012434,4.097761176,4.180141424,,,,,
35,39,74,Br,,,4.159351,0.0063685286,40,unmeasured_target_40_models,extrapolation_model_estimate,0.02125836888,4.138092631,4.180609369,0.04598141632,4.113369584,4.205332416,,,,,
35,40,75,Br,,,4.160864,0.0036566574,40,unmeasured_target_40_models,extrapolation_model_estimate,0.01648137462,4.144382625,4.177345375,0.03624508174,4.124618918,4.197109082,,,,,
35,41,76,Br,,,4.1686025,0.0028238406,40,unmeasured_target_40_models,extrapolation_model_estimate,0.01102385884,4.157578641,4.179626359,0.02376961609,4.144832884,4.192372116,,,,,
35,42,77,Br,,,4.1645927,0.0017158893,40,unmeasured_target_40_models,extrapolation_model_estimate,0.01098309104,4.153609609,4.175575791,0.02356551824,4.141027182,4.188158218,,,,,
35,43,78,Br,,,4.159653,0.0018218902,40,unmeasured_target_40_models,extrapolation_model_estimate,0.01051961303,4.149133387,4.170172613,0.02234006287,4.137312937,4.181993063,,,,,
35,44,79,Br,4.1629,0.0021,4.1609473,0.001834952,4,measured_target_oof_4_models,heldout_test_aggregate,0.008968479159,4.151978821,4.169915779,0.01883349512,4.142113805,4.179780795,,,,,
35,45,80,Br,,,4.1562157,0.0016353173,40,unmeasured_target_40_models,extrapolation_model_estimate,0.01028519632,4.145930504,4.166500896,0.02153613033,4.13467957,4.17775183,,,,,
35,46,81,Br,4.1599,0.0021,4.159995,0.0021676435,4,measured_target_oof_4_models,heldout_test_aggregate,0.01163857094,4.148356429,4.171633571,0.02741621528,4.132578785,4.187411215,,,,,
35,47,82,Br,,,4.1460238,0.0021715637,40,unmeasured_target_40_models,extrapolation_model_estimate,0.008869848882,4.137153951,4.154893649,0.01897735996,4.12704644,4.16500116,,,,,
35,48,83,Br,,,4.1535583,0.0019764474,40,unmeasured_target_40_models,extrapolation_model_estimate,0.01033035474,4.143227945,4.163888655,0.02185544997,4.13170285,4.17541375,,,,,
35,49,84,Br,,,4.1491127,0.0015731171,40,unmeasured_target_40_models,extrapolation_model_estimate,0.010055857,4.139056843,4.159168557,0.02115546038,4.12795724,4.17026816,,,,,
35,50,85,Br,,,4.152003,0.0021023746,40,unmeasured_target_40_models,extrapolation_model_estimate,0.009305070846,4.142697929,4.161308071,0.01997375885,4.132029241,4.171976759,,,,,
35,51,86,Br,,,4.1652083,0.0022009313,40,unmeasured_target_40_models,extrapolation_model_estimate,0.006694896584,4.158513403,4.171903197,0.01418017295,4.151028127,4.179388473,,,,,
35,52,87,Br,,,4.191734,0.0021991793,40,unmeasured_target_40_models,extrapolation_model_estimate,0.008269034602,4.183464965,4.200003035,0.01772355325,4.174010447,4.209457553,,,,,
35,53,88,Br,,,4.1916156,0.001810528,40,unmeasured_target_40_models,extrapolation_model_estimate,0.01071844838,4.180897152,4.202334048,0.02246877895,4.169146821,4.214084379,,,,,
35,54,89,Br,,,4.2132735,0.0022796171,40,unmeasured_target_40_models,extrapolation_model_estimate,0.01473138835,4.198542112,4.228004888,0.03123578778,4.182037712,4.244509288,,,,,
35,55,90,Br,,,4.2326713,0.002321514,40,unmeasured_target_40_models,extrapolation_model_estimate,0.01884558272,4.213825717,4.251516883,0.04180239229,4.190868908,4.274473692,,,,,
35,56,91,Br,,,4.248929,0.0017790945,40,unmeasured_target_40_models,extrapolation_model_estimate,0.02270339179,4.226225608,4.271632392,0.0475935304,4.20133547,4.29652253,,,,,
35,57,92,Br,,,4.2632027,0.0021076258,40,unmeasured_target_40_models,extrapolation_model_estimate,0.03031019027,4.23289251,4.29351289,0.06619718812,4.197005512,4.329399888,,,,,
35,58,93,Br,,,4.279927,0.0025336447,40,unmeasured_target_40_models,extrapolation_model_estimate,0.02935480155,4.250572198,4.309281802,0.06153578074,4.218391219,4.341462781,,,,,
35,59,94,Br,,,4.2881956,0.002040641,40,unmeasured_target_40_models,extrapolation_model_estimate,0.0284610789,4.259734521,4.316656679,0.0584232015,4.229772398,4.346618802,,,,,
35,60,95,Br,,,4.3236117,0.0033325753,40,unmeasured_target_40_models,extrapolation_model_estimate,0.03515727311,4.288454427,4.358768973,0.0743848125,4.249226888,4.397996512,,,,,
35,61,96,Br,,,4.342904,0.0038509595,40,unmeasured_target_40_models,extrapolation_model_estimate,0.03657425114,4.306329749,4.379478251,0.07934697031,4.26355703,4.42225097,,,,,
35,62,97,Br,,,4.3481493,0.0023764982,40,unmeasured_target_40_models,extrapolation_model_estimate,0.03955271467,4.308596585,4.387702015,0.08377346535,4.264375835,4.431922765,,,,,
35,63,98,Br,,,4.354333,0.0040212166,40,unmeasured_target_40_models,extrapolation_model_estimate,0.0376783536,4.316654646,4.392011354,0.08032670514,4.274006295,4.434659705,,,,,
35,66,101,Br,,,4.3737516,0.002024927,40,unmeasured_target_40_models,extrapolation_model_estimate,0.03064866593,4.343102934,4.404400266,0.06506269982,4.3086889,4.4388143,,,,,
36,31,67,Kr,,,4.0619783,0.0046349103,40,unmeasured_target_40_models,extrapolation_model_estimate,0.0117558028,4.050222497,4.073734103,0.02514491577,4.036833384,4.087123216,,,,,
36,32,68,Kr,,,4.0940933,0.00425212,40,unmeasured_target_40_models,extrapolation_model_estimate,0.01515500358,4.078938296,4.109248304,0.0319527596,4.06214054,4.12604606,,,,,
36,33,69,Kr,,,4.101143,0.0033927192,40,unmeasured_target_40_models,extrapolation_model_estimate,0.01441172541,4.086731275,4.115554725,0.03141117513,4.069731825,4.132554175,,,,,
36,34,70,Kr,,,4.1161985,0.0027947167,40,unmeasured_target_40_models,extrapolation_model_estimate,0.01540257607,4.100795924,4.131601076,0.03443220245,4.081766298,4.150630702,,,,,
36,35,71,Kr,,,4.1445165,0.0030274312,40,unmeasured_target_40_models,extrapolation_model_estimate,0.01689397554,4.127622524,4.161410476,0.03527159275,4.109244907,4.179788093,,,,,
36,36,72,Kr,4.1635,0.006,4.161351,0.0014008445,4,measured_target_oof_4_models,heldout_test_aggregate,0.0265143157,4.134836684,4.187865316,0.05681517079,4.104535829,4.218166171,,,,,
36,37,73,Kr,,,4.158548,0.0023900836,40,unmeasured_target_40_models,extrapolation_model_estimate,0.01650351617,4.142044484,4.175051516,0.0346226882,4.123925312,4.193170688,,,,,
36,38,74,Kr,4.187,0.0041,4.1634083,0.0007311021,4,measured_target_oof_4_models,heldout_test_aggregate,0.0192611983,4.144147102,4.182669498,0.0415334646,4.121874835,4.204941765,,,,,
36,39,75,Kr,4.2097,0.0041,4.1749763,0.0018381967,4,measured_target_oof_4_models,heldout_test_aggregate,0.01527928994,4.15969701,4.19025559,0.03332087271,4.141655427,4.208297173,,,,,
36,40,76,Kr,4.202,0.0036,4.1853657,0.0010339404,4,measured_target_oof_4_models,heldout_test_aggregate,0.01901638743,4.166349313,4.204382087,0.03857450267,4.146791197,4.223940203,,,,,
36,41,77,Kr,4.2082,0.0037,4.1958885,0.0016890896,4,measured_target_oof_4_models,heldout_test_aggregate,0.009802691599,4.186085808,4.205691192,0.01951213723,4.176376363,4.215400637,,,,,
36,42,78,Kr,4.2038,0.0033,4.195334,0.0007260548,4,measured_target_oof_4_models,heldout_test_aggregate,0.01146368918,4.183870311,4.206797689,0.02322262997,4.17211137,4.21855663,,,,,
36,43,79,Kr,4.2034,0.0032,4.191987,0.00043603007,4,measured_target_oof_4_models,heldout_test_aggregate,0.008391405366,4.183595595,4.200378405,0.01756865169,4.174418348,4.209555652,,,,,
36,44,80,Kr,4.197,0.0029,4.1957874,0.0009229883,4,measured_target_oof_4_models,heldout_test_aggregate,0.00958492841,4.186202472,4.205372328,0.02095514624,4.174832254,4.216742546,,,,,
36,45,81,Kr,4.1952,0.0026,4.191457,0.00079735357,4,measured_target_oof_4_models,heldout_test_aggregate,0.008132553465,4.183324447,4.199589553,0.01763305865,4.173823941,4.209090059,,,,,
36,46,82,Kr,4.1919,0.0025,4.1944084,0.00045450102,4,measured_target_oof_4_models,heldout_test_aggregate,0.01067922867,4.183729171,4.205087629,0.0221727489,4.172235651,4.216581149,,,,,
36,47,83,Kr,4.1871,0.0023,4.1799626,0.00048739093,4,measured_target_oof_4_models,heldout_test_aggregate,0.01057203397,4.169390566,4.190534634,0.02242142697,4.157541173,4.202384027,,,,,
36,48,84,Kr,4.1884,0.0022,4.1856093,0.0015404898,4,measured_target_oof_4_models,heldout_test_aggregate,0.01089917155,4.174710128,4.196508472,0.02303764706,4.162571653,4.208646947,,,,,
36,49,85,Kr,4.1846,0.0022,4.185887,0.00040917192,4,measured_target_oof_4_models,heldout_test_aggregate,0.01023284893,4.175654151,4.196119849,0.0219793693,4.163907631,4.207866369,,,,,
36,50,86,Kr,4.1835,0.0021,4.1856165,0.00089763355,4,measured_target_oof_4_models,heldout_test_aggregate,0.01059383778,4.175022662,4.196210338,0.02208712772,4.163529372,4.207703628,,,,,
36,51,87,Kr,4.1984,0.0027,4.1962676,0.0009357421,4,measured_target_oof_4_models,heldout_test_aggregate,0.01127565426,4.184991946,4.207543254,0.02346081295,4.172806787,4.219728413,,,,,
36,52,88,Kr,4.2171,0.0043,4.223605,0.00041024023,4,measured_target_oof_4_models,heldout_test_aggregate,0.00974485586,4.213860144,4.233349856,0.02104527452,4.202559725,4.244650275,,,,,
36,53,89,Kr,4.2286,0.0054,4.2217283,0.0016024875,4,measured_target_oof_4_models,heldout_test_aggregate,0.005275892464,4.216452408,4.227004192,0.01184020311,4.209888097,4.233568503,,,,,
36,54,90,Kr,4.2423,0.0069,4.244892,0.00020713147,4,measured_target_oof_4_models,heldout_test_aggregate,0.01041030763,4.234481692,4.255302308,0.02155390063,4.223338099,4.266445901,,,,,
36,55,91,Kr,4.2543,0.0081,4.265088,0.00045810634,4,measured_target_oof_4_models,heldout_test_aggregate,0.01398145718,4.251106543,4.279069457,0.03042729753,4.234660702,4.295515298,,,,,
36,56,92,Kr,4.2724,0.0099,4.2850533,0.00016369179,4,measured_target_oof_4_models,heldout_test_aggregate,0.0211640124,4.263889288,4.306217312,0.04901046525,4.236042835,4.334063765,,,,,
36,57,93,Kr,4.2794,0.0107,4.301552,0.0007994431,4,measured_target_oof_4_models,heldout_test_aggregate,0.02515766281,4.276394337,4.326709663,0.05586511047,4.24568689,4.35741711,,,,,
36,58,94,Kr,4.3002,0.0129,4.3176813,0.00059357134,4,measured_target_oof_4_models,heldout_test_aggregate,0.03342824667,4.284253053,4.351109547,0.07209980426,4.245581496,4.389781104,,,,,
36,59,95,Kr,4.3067,0.0136,4.3237925,0.00060265313,4,measured_target_oof_4_models,heldout_test_aggregate,0.03201081747,4.291781683,4.355803317,0.07041164411,4.253380856,4.394204144,,,,,
36,60,96,Kr,4.3267,0.0158,4.3625293,0.0010579814,4,measured_target_oof_4_models,heldout_test_aggregate,0.03563028075,4.326899019,4.398159581,0.07359881581,4.288930484,4.436128116,,,,,
36,61,97,Kr,,,4.3777785,0.0038698828,40,unmeasured_target_40_models,extrapolation_model_estimate,0.0427372216,4.335041278,4.420515722,0.09160365863,4.286174841,4.469382159,,,,,
36,62,98,Kr,,,4.383388,0.0019929213,40,unmeasured_target_40_models,extrapolation_model_estimate,0.04083732758,4.342550672,4.424225328,0.08786571105,4.295522289,4.471253711,,,,,
36,63,99,Kr,,,4.3877363,0.0031303326,40,unmeasured_target_40_models,extrapolation_model_estimate,0.03949739151,4.348238908,4.427233692,0.08335573234,4.304380568,4.471092032,,,,,
36,64,100,Kr,,,4.392022,0.0027424095,40,unmeasured_target_40_models,extrapolation_model_estimate,0.03778760463,4.354234395,4.429809605,0.07778473199,4.314237268,4.469806732,,,,,
36,65,101,Kr,,,4.395245,0.0030681652,40,unmeasured_target_40_models,extrapolation_model_estimate,0.03734063367,4.357904366,4.432585634,0.07602169304,4.319223307,4.471266693,,,,,
36,66,102,Kr,,,4.402873,0.0015241045,40,unmeasured_target_40_models,extrapolation_model_estimate,0.03281340559,4.370059594,4.435686406,0.06772641654,4.335146583,4.470599417,,,,,
37,35,72,Rb,,,4.173455,0.0034184426,40,unmeasured_target_40_models,extrapolation_model_estimate,0.01694681387,4.156508186,4.190401814,0.03720349448,4.136251506,4.210658494,,,,,
37,36,73,Rb,,,4.192578,0.0029284528,40,unmeasured_target_40_models,extrapolation_model_estimate,0.02229034677,4.170287653,4.214868347,0.04728052233,4.145297478,4.239858522,,,,,
37,37,74,Rb,,,4.187814,0.0028310565,40,unmeasured_target_40_models,extrapolation_model_estimate,0.02146162484,4.166352375,4.209275625,0.04713047976,4.14068352,4.23494448,,,,,
37,38,75,Rb,,,4.197188,0.0030903977,40,unmeasured_target_40_models,extrapolation_model_estimate,0.02416751722,4.173020483,4.221355517,0.05267662145,4.144511379,4.249864621,,,,,
37,39,76,Rb,4.2273,0.007,4.217112,0.0010166083,4,measured_target_oof_4_models,heldout_test_aggregate,0.02889929995,4.1882127,4.2460113,0.06206455521,4.155047445,4.279176555,,,,,
37,40,77,Rb,4.2356,0.008,4.2121468,0.0014523319,4,measured_target_oof_4_models,heldout_test_aggregate,0.02029258491,4.191854215,4.232439385,0.04447770588,4.167669094,4.256624506,,,,,
37,41,78,Rb,4.2385,0.0083,4.228272,0.00039924248,4,measured_target_oof_4_models,heldout_test_aggregate,0.01566742218,4.212604578,4.243939422,0.03595216078,4.192319839,4.264224161,,,,,
37,42,79,Rb,4.2284,0.0065,4.228905,0.00036790397,4,measured_target_oof_4_models,heldout_test_aggregate,0.01640481706,4.212500183,4.245309817,0.03279969808,4.196105302,4.261704698,,,,,
37,43,80,Rb,4.2271,0.0061,4.2279034,0.00042717974,4,measured_target_oof_4_models,heldout_test_aggregate,0.01359273944,4.214310661,4.241496139,0.02930094335,4.198602457,4.257204343,,,,,
37,44,81,Rb,4.2213,0.0051,4.230667,0.00042491255,4,measured_target_oof_4_models,heldout_test_aggregate,0.008537828741,4.222129171,4.239204829,0.0185666118,4.212100388,4.249233612,,,,,
37,45,82,Rb,4.216,0.0042,4.2225194,0.0010193251,4,measured_target_oof_4_models,heldout_test_aggregate,0.008340947116,4.214178453,4.230860347,0.01809904481,4.204420355,4.240618445,,,,,
37,46,83,Rb,4.2058,0.0028,4.2245255,0.0010739932,4,measured_target_oof_4_models,heldout_test_aggregate,0.009321491596,4.215204008,4.233846992,0.0205222618,4.204003238,4.245047762,,,,,
37,47,84,Rb,4.1999,0.0023,4.2085543,0.001046929,4,measured_target_oof_4_models,heldout_test_aggregate,0.009781556789,4.198772743,4.218335857,0.02150986226,4.187044438,4.230064162,,,,,
37,48,85,Rb,4.2036,0.0024,4.2184286,0.00084473094,4,measured_target_oof_4_models,heldout_test_aggregate,0.01240034498,4.206028255,4.230828945,0.02522471691,4.193203883,4.243653317,,,,,
37,49,86,Rb,4.2025,0.0023,4.2143497,0.000610661,4,measured_target_oof_4_models,heldout_test_aggregate,0.009811716073,4.204537984,4.224161416,0.02213397594,4.192215724,4.236483676,,,,,
37,50,87,Rb,4.1989,0.0021,4.2157197,0.0005253678,4,measured_target_oof_4_models,heldout_test_aggregate,0.01117509374,4.204544606,4.226894794,0.02436317167,4.191356528,4.240082872,,,,,
37,51,88,Rb,4.217,0.0038,4.2236805,0.0006846721,4,measured_target_oof_4_models,heldout_test_aggregate,0.01109339104,4.212587109,4.234773891,0.02368188021,4.19999862,4.24736238,,,,,
37,52,89,Rb,4.2391,0.0074,4.2538743,0.0011348823,4,measured_target_oof_4_models,heldout_test_aggregate,0.01022310343,4.243651197,4.264097403,0.02195661914,4.231917681,4.275830919,,,,,
37,53,90,Rb,4.2554,0.0102,4.254172,0.0010990095,4,measured_target_oof_4_models,heldout_test_aggregate,0.0100375544,4.244134446,4.264209554,0.02161769214,4.232554308,4.275789692,,,,,
37,54,91,Rb,4.2723,0.0131,4.273064,0.0006043122,4,measured_target_oof_4_models,heldout_test_aggregate,0.008500313973,4.264563686,4.281564314,0.01809039766,4.254973602,4.291154398,,,,,
37,55,92,Rb,4.2903,0.0163,4.2965775,0.00050584914,4,measured_target_oof_4_models,heldout_test_aggregate,0.00936904371,4.287208456,4.305946544,0.02058372708,4.275993773,4.317161227,,,,,
37,56,93,Rb,4.3048,0.0187,4.309621,0.0012276613,4,measured_target_oof_4_models,heldout_test_aggregate,0.01691738607,4.292703614,4.326538386,0.03623896347,4.273382037,4.345859963,,,,,
37,57,94,Rb,4.3184,0.0211,4.327835,0.00033146644,4,measured_target_oof_4_models,heldout_test_aggregate,0.01955720536,4.308277795,4.347392205,0.04351282943,4.284322171,4.371347829,,,,,
37,58,95,Rb,4.3391,0.0248,4.3401403,0.00057144463,4,measured_target_oof_4_models,heldout_test_aggregate,0.02880196138,4.311338339,4.368942261,0.06462095202,4.275519348,4.404761252,,,,,
37,59,96,Rb,4.3501,0.0267,4.352248,0.0003141691,4,measured_target_oof_4_models,heldout_test_aggregate,0.03647094855,4.315777051,4.388718949,0.08410467621,4.268143324,4.436352676,,,,,
37,60,97,Rb,4.4231,0.0395,4.3782334,0.0010256866,4,measured_target_oof_4_models,heldout_test_aggregate,0.04510124957,4.33313215,4.42333465,0.09526898207,4.282964418,4.473502382,,,,,
37,61,98,Rb,4.4336,0.0414,4.393477,0.0006852723,4,measured_target_oof_4_models,heldout_test_aggregate,0.04388580075,4.349591199,4.437362801,0.1019228087,4.291554191,4.495399809,,,,,
37,62,99,Rb,,,4.4110327,0.0021952528,40,unmeasured_target_40_models,extrapolation_model_estimate,0.05052231951,4.36051038,4.46155502,0.1061607304,4.30487197,4.51719343,,,,,
37,63,100,Rb,,,4.4181805,0.0035327256,40,unmeasured_target_40_models,extrapolation_model_estimate,0.04567620525,4.372504295,4.463856705,0.09694059855,4.321239901,4.515121099,,,,,
37,64,101,Rb,,,4.4209833,0.0026248777,40,unmeasured_target_40_models,extrapolation_model_estimate,0.04322223664,4.377761063,4.464205537,0.09434118065,4.326642119,4.515324481,,,,,
37,65,102,Rb,,,4.4270945,0.0030109757,40,unmeasured_target_40_models,extrapolation_model_estimate,0.04276068798,4.384333812,4.469855188,0.0887154261,4.338379074,4.515809926,,,,,
37,66,103,Rb,,,4.4309597,0.0015729177,40,unmeasured_target_40_models,extrapolation_model_estimate,0.03466538211,4.396294318,4.465625082,0.07441315677,4.356546543,4.505372857,,,,,
37,67,104,Rb,,,4.42816,0.0025254607,40,unmeasured_target_40_models,extrapolation_model_estimate,0.03164360686,4.396516393,4.459803607,0.06616840899,4.361991591,4.494328409,,,,,
37,68,105,Rb,,,4.441743,0.0019908806,40,unmeasured_target_40_models,extrapolation_model_estimate,0.03058811813,4.411154882,4.472331118,0.06559636363,4.376146636,4.507339364,,,,,
37,69,106,Rb,,,4.4391756,0.0020962998,40,unmeasured_target_40_models,extrapolation_model_estimate,0.02914660253,4.410028997,4.468322203,0.06173727362,4.377438326,4.500912874,,,,,
38,35,73,Sr,,,4.186153,0.0037811685,40,unmeasured_target_40_models,extrapolation_model_estimate,0.01777404028,4.16837896,4.20392704,0.03979088145,4.146362119,4.225943881,,,,,
38,36,74,Sr,,,4.209958,0.0026465924,40,unmeasured_target_40_models,extrapolation_model_estimate,0.01925304078,4.190704959,4.229211041,0.04237976784,4.167578232,4.252337768,,,,,
38,37,75,Sr,,,4.208088,0.0027289295,40,unmeasured_target_40_models,extrapolation_model_estimate,0.02540439132,4.182683609,4.233492391,0.05369167361,4.154396326,4.261779674,,,,,
38,38,76,Sr,,,4.2173533,0.0030113233,40,unmeasured_target_40_models,extrapolation_model_estimate,0.02952814252,4.187825157,4.246881443,0.06189782192,4.155455478,4.279251122,,,,,
38,39,77,Sr,4.2569,0.0044,4.2208395,0.00178578,4,measured_target_oof_4_models,heldout_test_aggregate,0.02186487765,4.198974622,4.242704378,0.04830480422,4.172534696,4.269144304,,,,,
38,40,78,Sr,4.2561,0.004,4.2351675,0.0016074865,4,measured_target_oof_4_models,heldout_test_aggregate,0.02722391391,4.207943586,4.262391414,0.05743696825,4.177730532,4.292604468,,,,,
38,41,79,Sr,4.2586,0.0039,4.2494216,0.0004060094,4,measured_target_oof_4_models,heldout_test_aggregate,0.01935372671,4.230067873,4.268775327,0.04061423108,4.208807369,4.290035831,,,,,
38,42,80,Sr,4.2562,0.0037,4.2453237,0.0006165465,4,measured_target_oof_4_models,heldout_test_aggregate,0.01605429021,4.22926941,4.26137799,0.03642452318,4.208899177,4.281748223,,,,,
38,43,81,Sr,4.2547,0.0034,4.2482367,0.0013041953,4,measured_target_oof_4_models,heldout_test_aggregate,0.01241058379,4.235826116,4.260647284,0.02601281562,4.222223884,4.274249516,,,,,
38,44,82,Sr,4.2478,0.003,4.2486706,0.0007745067,4,measured_target_oof_4_models,heldout_test_aggregate,0.01271932918,4.235951271,4.261389929,0.02746133732,4.221209263,4.276131937,,,,,
38,45,83,Sr,4.2455,0.0027,4.243792,0.00087847514,4,measured_target_oof_4_models,heldout_test_aggregate,0.01128820853,4.232503791,4.255080209,0.02251432973,4.22127767,4.26630633,,,,,
38,46,84,Sr,4.2394,0.0024,4.243942,0.0008816286,4,measured_target_oof_4_models,heldout_test_aggregate,0.009109761573,4.234832238,4.253051762,0.0190015646,4.224940435,4.262943565,,,,,
38,47,85,Sr,4.2304,0.0021,4.235922,0.0006554551,4,measured_target_oof_4_models,heldout_test_aggregate,0.009035321572,4.226886678,4.244957322,0.01951946332,4.216402537,4.255441463,,,,,
38,48,86,Sr,4.2307,0.002,4.247988,0.00046082275,4,measured_target_oof_4_models,heldout_test_aggregate,0.009996342268,4.237991658,4.257984342,0.02091415551,4.227073844,4.268902156,,,,,
38,49,87,Sr,4.2249,0.0019,4.241682,0.000852841,4,measured_target_oof_4_models,heldout_test_aggregate,0.01094991422,4.230732086,4.252631914,0.02361042632,4.218071574,4.265292426,,,,,
38,50,88,Sr,4.224,0.0018,4.2421155,0.0011910986,4,measured_target_oof_4_models,heldout_test_aggregate,0.01123226295,4.230883237,4.253347763,0.02481774764,4.217297752,4.266933248,,,,,
38,51,89,Sr,4.2407,0.0023,4.248284,0.0005162152,4,measured_target_oof_4_models,heldout_test_aggregate,0.01048414921,4.237799851,4.258768149,0.02242736184,4.225856638,4.270711362,,,,,
38,52,90,Sr,4.2611,0.0037,4.2730365,0.00023976613,4,measured_target_oof_4_models,heldout_test_aggregate,0.01025146981,4.26278503,4.28328797,0.02138586902,4.251650631,4.294422369,,,,,
38,53,91,Sr,4.274,0.0046,4.2735987,0.0010886269,4,measured_target_oof_4_models,heldout_test_aggregate,0.01024022602,4.263358474,4.283838926,0.02079993231,4.252798768,4.294398632,,,,,
38,54,92,Sr,4.2924,0.0064,4.2978177,0.00045710042,4,measured_target_oof_4_models,heldout_test_aggregate,0.01226160472,4.285556095,4.310079305,0.02655142083,4.271266279,4.324369121,,,,,
38,55,93,Sr,4.3026,0.0075,4.318531,0.0011363977,4,measured_target_oof_4_models,heldout_test_aggregate,0.0101393935,4.308391606,4.328670394,0.02131726109,4.297213739,4.339848261,,,,,
38,56,94,Sr,4.3191,0.0091,4.335936,0.0008692432,4,measured_target_oof_4_models,heldout_test_aggregate,0.007307405643,4.328628594,4.343243406,0.01565717813,4.320278822,4.351593178,,,,,
38,57,95,Sr,4.3305,0.0102,4.3523936,0.00016125811,4,measured_target_oof_4_models,heldout_test_aggregate,0.01161920083,4.340774399,4.364012801,0.0256756437,4.326717956,4.378069244,,,,,
38,58,96,Sr,4.3522,0.0125,4.3646636,0.0004373702,4,measured_target_oof_4_models,heldout_test_aggregate,0.02069727382,4.343966326,4.385360874,0.04580116394,4.318862436,4.410464764,,,,,
38,59,97,Sr,4.3625,0.0135,4.373943,0.0006017549,4,measured_target_oof_4_models,heldout_test_aggregate,0.02654466747,4.347398333,4.400487667,0.0559437405,4.317999259,4.429886741,,,,,
38,60,98,Sr,4.4377,0.0214,4.406676,0.0007098756,4,measured_target_oof_4_models,heldout_test_aggregate,0.03383535927,4.372840641,4.440511359,0.07291534922,4.333760651,4.479591349,,,,,
38,61,99,Sr,4.4495,0.0226,4.4273186,0.0005935288,4,measured_target_oof_4_models,heldout_test_aggregate,0.06042783071,4.366890769,4.487746431,0.1293375683,4.297981032,4.556656168,,,,,
38,62,100,Sr,4.464,0.024,4.4310207,0.00113301,4,measured_target_oof_4_models,heldout_test_aggregate,0.06030229633,4.370718404,4.491322996,0.12783081,4.30318989,4.55885151,,,,,
38,63,101,Sr,,,4.439982,0.003865756,40,unmeasured_target_40_models,extrapolation_model_estimate,0.05637540661,4.383606593,4.496357407,0.1203308464,4.319651154,4.560312846,,,,,
38,64,102,Sr,,,4.444079,0.0026342007,40,unmeasured_target_40_models,extrapolation_model_estimate,0.05452898787,4.389550012,4.498607988,0.1149386781,4.329140322,4.559017678,,,,,
38,65,103,Sr,,,4.4491057,0.002870008,40,unmeasured_target_40_models,extrapolation_model_estimate,0.04920233217,4.399903368,4.498308032,0.1053284438,4.343777256,4.554434144,,,,,
38,66,104,Sr,,,4.451218,0.0014471333,40,unmeasured_target_40_models,extrapolation_model_estimate,0.04257865365,4.408639346,4.493796654,0.08889627192,4.362321728,4.540114272,,,,,
38,67,105,Sr,,,4.4480166,0.0025771293,40,unmeasured_target_40_models,extrapolation_model_estimate,0.03577913353,4.412237466,4.483795734,0.07572109081,4.372295509,4.523737691,,,,,
38,68,106,Sr,,,4.455886,0.0023904692,40,unmeasured_target_40_models,extrapolation_model_estimate,0.03545885702,4.420427143,4.491344857,0.07554279816,4.380343202,4.531428798,,,,,
38,69,107,Sr,,,4.456013,0.002030668,40,unmeasured_target_40_models,extrapolation_model_estimate,0.03359587164,4.422417128,4.489608872,0.07429992064,4.381713079,4.530312921,,,,,
38,70,108,Sr,,,4.4691877,0.0024885351,40,unmeasured_target_40_models,extrapolation_model_estimate,0.03589738253,4.433290317,4.505085083,0.07644498075,4.392742719,4.545632681,,,,,
39,37,76,Y,,,4.2193666,0.003509956,40,unmeasured_target_40_models,extrapolation_model_estimate,0.02293167349,4.196434927,4.242298273,0.04776166003,4.17160494,4.26712826,,,,,
39,38,77,Y,,,4.232424,0.003982362,40,unmeasured_target_40_models,extrapolation_model_estimate,0.03750148305,4.194922517,4.269925483,0.07701984553,4.155404154,4.309443846,,,,,
39,39,78,Y,,,4.252488,0.0063676652,40,unmeasured_target_40_models,extrapolation_model_estimate,0.03407631589,4.218411684,4.286564316,0.07378472388,4.178703276,4.326272724,,,,,
39,40,79,Y,,,4.257028,0.0038617416,40,unmeasured_target_40_models,extrapolation_model_estimate,0.02715529612,4.229872704,4.284183296,0.05651123731,4.200516763,4.313539237,,,,,
39,41,80,Y,,,4.2668777,0.0037137414,40,unmeasured_target_40_models,extrapolation_model_estimate,0.01829262524,4.248585075,4.285170325,0.03918347625,4.227694224,4.306061176,,,,,
39,42,81,Y,,,4.265352,0.0024033801,40,unmeasured_target_40_models,extrapolation_model_estimate,0.01826657064,4.247085429,4.283618571,0.03921246018,4.22613954,4.30456446,,,,,
39,43,82,Y,,,4.264692,0.002560001,40,unmeasured_target_40_models,extrapolation_model_estimate,0.01657818735,4.248113813,4.281270187,0.0357570294,4.228934971,4.300449029,,,,,
39,44,83,Y,,,4.2681656,0.002667277,40,unmeasured_target_40_models,extrapolation_model_estimate,0.01405281388,4.254112786,4.282218414,0.02976286531,4.238402735,4.297928465,,,,,
39,45,84,Y,,,4.260696,0.0022951697,40,unmeasured_target_40_models,extrapolation_model_estimate,0.01042298336,4.250273017,4.271118983,0.02238659003,4.23830941,4.28308259,,,,,
39,46,85,Y,,,4.2654233,0.0020419592,40,unmeasured_target_40_models,extrapolation_model_estimate,0.01196340578,4.253459894,4.277386706,0.02565010427,4.239773196,4.291073404,,,,,
39,47,86,Y,4.2513,0.0023,4.2518516,0.0008986049,4,measured_target_oof_4_models,heldout_test_aggregate,0.0114619359,4.240389664,4.263313536,0.02423016913,4.227621431,4.276081769,,,,,
39,48,87,Y,4.2498,0.0022,4.2601757,0.0006575204,4,measured_target_oof_4_models,heldout_test_aggregate,0.01057709457,4.249598605,4.270752795,0.02362802664,4.236547673,4.283803727,,,,,
39,49,88,Y,4.2441,0.0021,4.254455,0.0016823234,4,measured_target_oof_4_models,heldout_test_aggregate,0.01040093129,4.244054069,4.264855931,0.02369599675,4.230759003,4.278150997,,,,,
39,50,89,Y,4.243,0.0021,4.248218,0.0005409684,4,measured_target_oof_4_models,heldout_test_aggregate,0.01151519691,4.236702803,4.259733197,0.02412884657,4.224089153,4.272346847,,,,,
39,51,90,Y,4.2573,0.0026,4.2636323,0.0012477317,4,measured_target_oof_4_models,heldout_test_aggregate,0.01522034206,4.248411958,4.278852642,0.03160432975,4.23202797,4.29523663,,,,,
39,52,91,Y,,,4.289222,0.0018553465,40,unmeasured_target_40_models,extrapolation_model_estimate,0.01061038687,4.278611613,4.299832387,0.02262927011,4.26659273,4.31185127,,,,,
39,53,92,Y,4.2887,0.005,4.293936,0.0013095575,4,measured_target_oof_4_models,heldout_test_aggregate,0.01236852933,4.281567471,4.306304529,0.02544976862,4.268486231,4.319385769,,,,,
39,54,93,Y,4.3052,0.0065,4.311122,0.0009712826,4,measured_target_oof_4_models,heldout_test_aggregate,0.01266654452,4.298455455,4.323788545,0.02785695777,4.283265042,4.338978958,,,,,
39,55,94,Y,4.3142,0.0074,4.334635,0.0007095361,4,measured_target_oof_4_models,heldout_test_aggregate,0.01253890238,4.322096098,4.347173902,0.02646084884,4.308174151,4.361095849,,,,,
39,56,95,Y,4.3284,0.0087,4.344938,0.00044909117,4,measured_target_oof_4_models,heldout_test_aggregate,0.01404095196,4.330897048,4.358978952,0.02969147969,4.31524652,4.37462948,,,,,
39,57,96,Y,4.3402,0.0099,4.363146,0.0004031927,4,measured_target_oof_4_models,heldout_test_aggregate,0.01185247256,4.351293527,4.374998473,0.02455856852,4.338587431,4.387704569,,,,,
39,58,97,Y,4.358,0.0116,4.378719,0.0005376078,4,measured_target_oof_4_models,heldout_test_aggregate,0.01003278051,4.368686219,4.388751781,0.02080288844,4.357916112,4.399521888,,,,,
39,59,98,Y,4.3711,0.0129,4.3891973,0.0006953813,4,measured_target_oof_4_models,heldout_test_aggregate,0.01766569807,4.371531602,4.406862998,0.03734731292,4.351849987,4.426544613,,,,,
39,60,99,Y,4.4658,0.0223,4.419957,0.0008073288,4,measured_target_oof_4_models,heldout_test_aggregate,0.03014081249,4.389816188,4.450097812,0.06763536167,4.352321638,4.487592362,,,,,
39,61,100,Y,4.4705,0.0228,4.4340143,0.0009925327,4,measured_target_oof_4_models,heldout_test_aggregate,0.03773881928,4.396275481,4.471753119,0.0775277064,4.356486594,4.511542006,,,,,
39,62,101,Y,4.4863,0.0244,4.445485,0.00075196027,4,measured_target_oof_4_models,heldout_test_aggregate,0.04361460444,4.401870396,4.489099604,0.09574024081,4.349744759,4.541225241,,,,,
39,63,102,Y,4.4911,0.0249,4.4473586,0.0012008146,4,measured_target_oof_4_models,heldout_test_aggregate,0.05849459267,4.388864007,4.505853193,0.1222093408,4.325149259,4.569567941,,,,,
39,64,103,Y,,,4.459389,0.0034273071,40,unmeasured_target_40_models,extrapolation_model_estimate,0.05732357456,4.402065425,4.516712575,0.124886614,4.334502386,4.584275614,,,,,
39,65,104,Y,,,4.46641,0.0035264476,40,unmeasured_target_40_models,extrapolation_model_estimate,0.05573864999,4.41067135,4.52214865,0.1202438813,4.346166119,4.586653881,,,,,
39,66,105,Y,,,4.46981,0.0020717573,40,unmeasured_target_40_models,extrapolation_model_estimate,0.04642694496,4.423383055,4.516236945,0.1011541579,4.368655842,4.570964158,,,,,
39,67,106,Y,,,4.4672747,0.002903551,40,unmeasured_target_40_models,extrapolation_model_estimate,0.0387437889,4.428530911,4.506018489,0.08181846982,4.38545623,4.54909317,,,,,
39,68,107,Y,,,4.4769993,0.0026478262,40,unmeasured_target_40_models,extrapolation_model_estimate,0.03589712259,4.441102177,4.512896423,0.07617435933,4.400824941,4.553173659,,,,,
39,69,108,Y,,,4.474879,0.0020568578,40,unmeasured_target_40_models,extrapolation_model_estimate,0.03423894171,4.440640058,4.509117942,0.07282569688,4.402053303,4.547704697,,,,,
39,70,109,Y,,,4.483096,0.0026030361,40,unmeasured_target_40_models,extrapolation_model_estimate,0.03651711626,4.446578884,4.519613116,0.08040512153,4.402690878,4.563501122,,,,,
39,71,110,Y,,,4.4818697,0.0023701503,40,unmeasured_target_40_models,extrapolation_model_estimate,0.02787106862,4.453998631,4.509740769,0.05874060083,4.423129099,4.540610301,,,,,
39,72,111,Y,,,4.4832277,0.0023354967,40,unmeasured_target_40_models,extrapolation_model_estimate,0.0287556336,4.454472066,4.511983334,0.06075311824,4.422474582,4.543980818,,,,,
40,37,77,Zr,,,4.2352557,0.0039470685,40,unmeasured_target_40_models,extrapolation_model_estimate,0.02134844917,4.213907251,4.256604149,0.04529089339,4.189964807,4.280546593,,,,,
40,38,78,Zr,,,4.2489033,0.0041473694,40,unmeasured_target_40_models,extrapolation_model_estimate,0.02660876885,4.222294531,4.275512069,0.0563124992,4.192590801,4.305215799,,,,,
40,39,79,Zr,,,4.2729516,0.0064244843,40,unmeasured_target_40_models,extrapolation_model_estimate,0.03005680356,4.242894796,4.303008404,0.06539874096,4.207552859,4.338350341,,,,,
40,40,80,Zr,,,4.279335,0.004555687,40,unmeasured_target_40_models,extrapolation_model_estimate,0.02938473495,4.249950265,4.308719735,0.06683123737,4.212503763,4.346166237,,,,,
40,41,81,Zr,,,4.2901163,0.0034773874,40,unmeasured_target_40_models,extrapolation_model_estimate,0.01887656629,4.271239734,4.308992866,0.04014837306,4.249967927,4.330264673,,,,,
40,42,82,Zr,,,4.2869315,0.0025014514,40,unmeasured_target_40_models,extrapolation_model_estimate,0.01771543296,4.269216067,4.304646933,0.03813350776,4.248797992,4.325065008,,,,,
40,43,83,Zr,,,4.2867084,0.0023077354,40,unmeasured_target_40_models,extrapolation_model_estimate,0.01624500134,4.270463399,4.302953401,0.03540355504,4.251304845,4.322111955,,,,,
40,44,84,Zr,,,4.2897425,0.002679971,40,unmeasured_target_40_models,extrapolation_model_estimate,0.01566949184,4.274073008,4.305411992,0.03355801893,4.256184481,4.323300519,,,,,
40,45,85,Zr,,,4.2829924,0.0024148019,40,unmeasured_target_40_models,extrapolation_model_estimate,0.0117194492,4.271272951,4.294711849,0.02525380107,4.257738599,4.308246201,,,,,
40,46,86,Zr,,,4.2869654,0.0021216592,40,unmeasured_target_40_models,extrapolation_model_estimate,0.01236763851,4.274597761,4.299333039,0.02686208409,4.260103316,4.313827484,,,,,
40,47,87,Zr,4.2789,0.003,4.272441,0.0008497086,4,measured_target_oof_4_models,heldout_test_aggregate,0.01030058122,4.262140419,4.282741581,0.02190485317,4.250536147,4.294345853,,,,,
40,48,88,Zr,4.2787,0.0025,4.286361,0.00068505656,4,measured_target_oof_4_models,heldout_test_aggregate,0.01135262599,4.275008374,4.297713626,0.0239110723,4.262449928,4.310272072,,,,,
40,49,89,Zr,4.2706,0.001,4.2767997,0.0006570956,4,measured_target_oof_4_models,heldout_test_aggregate,0.009252015713,4.267547684,4.286051716,0.02073074595,4.256068954,4.297530446,,,,,
40,50,90,Zr,4.2694,0.001,4.276415,0.001164996,4,measured_target_oof_4_models,heldout_test_aggregate,0.009054728593,4.267360271,4.285469729,0.01924298762,4.257172012,4.295657988,,,,,
40,51,91,Zr,4.2845,0.0013,4.283824,0.0013098251,4,measured_target_oof_4_models,heldout_test_aggregate,0.01105409729,4.272769903,4.294878097,0.02293962285,4.260884377,4.306763623,,,,,
40,52,92,Zr,4.3057,0.0013,4.3146996,0.000873558,4,measured_target_oof_4_models,heldout_test_aggregate,0.01297434941,4.301725251,4.327673949,0.02655461345,4.288144987,4.341254213,,,,,
40,53,93,Zr,,,4.3130546,0.0027995857,40,unmeasured_target_40_models,extrapolation_model_estimate,0.01099242099,4.302062179,4.324047021,0.0235011563,4.289553444,4.336555756,,,,,
40,54,94,Zr,4.332,0.0013,4.3385234,0.00043736157,4,measured_target_oof_4_models,heldout_test_aggregate,0.01051731164,4.328006088,4.349040712,0.02289873279,4.315624667,4.361422133,,,,,
40,55,95,Zr,,,4.3551655,0.0030770574,40,unmeasured_target_40_models,extrapolation_model_estimate,0.0120302437,4.343135256,4.367195744,0.02522643746,4.329939063,4.380391937,,,,,
40,56,96,Zr,4.3512,0.0015,4.3772106,0.0002263795,4,measured_target_oof_4_models,heldout_test_aggregate,0.01133511878,4.365875481,4.388545719,0.02388413636,4.353326464,4.401094736,,,,,
40,57,97,Zr,4.3792,0.0136,4.393267,0.00042465454,4,measured_target_oof_4_models,heldout_test_aggregate,0.01412323085,4.379143769,4.407390231,0.03080397201,4.362463028,4.424070972,,,,,
40,58,98,Zr,4.4012,0.0164,4.3998365,0.00043092686,4,measured_target_oof_4_models,heldout_test_aggregate,0.01579361039,4.38404289,4.41563011,0.03398034794,4.365856152,4.433816848,,,,,
40,59,99,Zr,4.4156,0.0181,4.415924,0.001162884,4,measured_target_oof_4_models,heldout_test_aggregate,0.01216753612,4.403756464,4.428091536,0.02580984226,4.390114158,4.441733842,,,,,
40,60,100,Zr,4.4891,0.0289,4.45117,0.00058379635,4,measured_target_oof_4_models,heldout_test_aggregate,0.01854533167,4.432624668,4.469715332,0.03804694449,4.413123056,4.489216944,,,,,
40,61,101,Zr,4.5119,0.0318,4.4656982,0.0016150957,4,measured_target_oof_4_models,heldout_test_aggregate,0.02663906606,4.439059134,4.492337266,0.0596731468,4.406025053,4.525371347,,,,,
40,62,102,Zr,4.5292,0.034,4.475528,0.0005465163,4,measured_target_oof_4_models,heldout_test_aggregate,0.03421063766,4.441317362,4.509738638,0.07441019488,4.401117805,4.549938195,,,,,
40,63,103,Zr,,,4.4861994,0.0031440028,40,unmeasured_target_40_models,extrapolation_model_estimate,0.04452861806,4.441670782,4.530728018,0.09427880631,4.391920594,4.580478206,,,,,
40,64,104,Zr,,,4.491308,0.003398794,40,unmeasured_target_40_models,extrapolation_model_estimate,0.0515107118,4.439797288,4.542818712,0.109187594,4.382120406,4.600495594,,,,,
40,65,105,Zr,,,4.4961276,0.00372411,40,unmeasured_target_40_models,extrapolation_model_estimate,0.05789513328,4.438232467,4.554022733,0.1244823984,4.371645202,4.620609998,,,,,
40,66,106,Zr,,,4.499962,0.0021082966,40,unmeasured_target_40_models,extrapolation_model_estimate,0.04597439339,4.453987607,4.545936393,0.09871529002,4.40124671,4.59867729,,,,,
40,67,107,Zr,,,4.497207,0.0023234356,40,unmeasured_target_40_models,extrapolation_model_estimate,0.04036543176,4.456841568,4.537572432,0.0881326928,4.409074307,4.585339693,,,,,
40,68,108,Zr,,,4.5071087,0.0026754858,40,unmeasured_target_40_models,extrapolation_model_estimate,0.03593036327,4.471178337,4.543039063,0.07725902166,4.429849678,4.584367722,,,,,
40,69,109,Zr,,,4.503955,0.0026548156,40,unmeasured_target_40_models,extrapolation_model_estimate,0.03245981447,4.471495186,4.536414814,0.07089032488,4.433064675,4.574845325,,,,,
40,70,110,Zr,,,4.513762,0.0029934288,40,unmeasured_target_40_models,extrapolation_model_estimate,0.03461267474,4.479149325,4.548374675,0.07373991296,4.440022087,4.587501913,,,,,
40,71,111,Zr,,,4.5064135,0.002839083,40,unmeasured_target_40_models,extrapolation_model_estimate,0.02744366546,4.478969835,4.533857165,0.05915022713,4.447263273,4.565563727,,,,,
40,72,112,Zr,,,4.5102243,0.003318364,40,unmeasured_target_40_models,extrapolation_model_estimate,0.02755362883,4.482670671,4.537777929,0.05837838746,4.451845913,4.568602687,,,,,
40,73,113,Zr,,,4.504364,0.0024263316,40,unmeasured_target_40_models,extrapolation_model_estimate,0.02309069248,4.481273308,4.527454692,0.04862350644,4.455740494,4.552987506,,,,,
40,74,114,Zr,,,4.5206766,0.002994344,40,unmeasured_target_40_models,extrapolation_model_estimate,0.02357874613,4.497097854,4.544255346,0.05152769813,4.469148902,4.572204298,,,,,
41,40,81,Nb,,,4.2917337,0.0052741584,40,unmeasured_target_40_models,extrapolation_model_estimate,0.03201311893,4.259720581,4.323746819,0.06689571612,4.224837984,4.358629416,,,,,
41,41,82,Nb,,,4.3053017,0.0039974772,40,unmeasured_target_40_models,extrapolation_model_estimate,0.02769128558,4.277610414,4.332992986,0.05647284117,4.248828859,4.361774541,,,,,
41,42,83,Nb,,,4.3037233,0.0029762168,40,unmeasured_target_40_models,extrapolation_model_estimate,0.02317269463,4.280550605,4.326895995,0.04865592519,4.255067375,4.352379225,,,,,
41,43,84,Nb,,,4.305415,0.0025645045,40,unmeasured_target_40_models,extrapolation_model_estimate,0.01845980084,4.286955199,4.323874801,0.03811280984,4.26730219,4.34352781,,,,,
41,44,85,Nb,,,4.3081684,0.0023531697,40,unmeasured_target_40_models,extrapolation_model_estimate,0.01650965289,4.291658747,4.324678053,0.03614746611,4.272020934,4.344315866,,,,,
41,45,86,Nb,,,4.300259,0.002397289,40,unmeasured_target_40_models,extrapolation_model_estimate,0.01475753606,4.285501464,4.315016536,0.03121931377,4.269039686,4.331478314,,,,,
41,46,87,Nb,,,4.3020678,0.0021344628,40,unmeasured_target_40_models,extrapolation_model_estimate,0.0145571593,4.287510641,4.316624959,0.03042662481,4.271641175,4.332494425,,,,,
41,47,88,Nb,,,4.2884464,0.0016683533,40,unmeasured_target_40_models,extrapolation_model_estimate,0.01247649289,4.275969907,4.300922893,0.02696751303,4.261478887,4.315413913,,,,,
41,48,89,Nb,,,4.2967596,0.0019287346,40,unmeasured_target_40_models,extrapolation_model_estimate,0.01194988827,4.284809712,4.308709488,0.02563624989,4.27112335,4.32239585,,,,,
41,49,90,Nb,4.2891,0.004,4.294564,0.0010469803,4,measured_target_oof_4_models,heldout_test_aggregate,0.01064670636,4.283917294,4.305210706,0.02369256525,4.270871435,4.318256565,,,,,
41,50,91,Nb,4.2878,0.004,4.2864604,0.0015329174,4,measured_target_oof_4_models,heldout_test_aggregate,0.009220909749,4.27723949,4.29568131,0.02001639329,4.266444007,4.306476793,,,,,
41,51,92,Nb,4.3026,0.0043,4.2983685,0.00027455995,4,measured_target_oof_4_models,heldout_test_aggregate,0.009918634674,4.288449865,4.308287135,0.02150905362,4.276859446,4.319877554,,,,,
41,52,93,Nb,4.324,0.0017,4.3329325,0.001038732,4,measured_target_oof_4_models,heldout_test_aggregate,0.009259594937,4.323672905,4.342192095,0.01933193628,4.313600564,4.352264436,,,,,
41,53,94,Nb,,,4.3315597,0.0015539906,40,unmeasured_target_40_models,extrapolation_model_estimate,0.01023452035,4.32132518,4.34179422,0.02224898923,4.309310711,4.353808689,,,,,
41,54,95,Nb,,,4.353523,0.0016407749,40,unmeasured_target_40_models,extrapolation_model_estimate,0.01283097414,4.340692026,4.366353974,0.02760721189,4.325915788,4.381130212,,,,,
41,55,96,Nb,,,4.3705506,0.0020165422,40,unmeasured_target_40_models,extrapolation_model_estimate,0.01137182432,4.359178776,4.381922424,0.02352764019,4.34702296,4.39407824,,,,,
41,56,97,Nb,,,4.3882837,0.0019707817,40,unmeasured_target_40_models,extrapolation_model_estimate,0.01392588573,4.374357814,4.402209586,0.02968298496,4.358600715,4.417966685,,,,,
41,57,98,Nb,,,4.403731,0.0023375219,40,unmeasured_target_40_models,extrapolation_model_estimate,0.01389289068,4.389838109,4.417623891,0.02985950979,4.37387149,4.43359051,,,,,
41,58,99,Nb,4.4062,0.0125,4.4204693,0.0008798416,4,measured_target_oof_4_models,heldout_test_aggregate,0.0146948195,4.40577448,4.43516412,0.0302907716,4.390178528,4.450760072,,,,,
41,59,100,Nb,,,4.4310846,0.0018458264,40,unmeasured_target_40_models,extrapolation_model_estimate,0.0141140422,4.416970558,4.445198642,0.03009764369,4.400986956,4.461182244,,,,,
41,60,101,Nb,4.4861,0.0203,4.461527,0.0010967012,4,measured_target_oof_4_models,heldout_test_aggregate,0.01396236104,4.447564639,4.475489361,0.03076610675,4.430760893,4.492293107,,,,,
41,61,102,Nb,,,4.486177,0.004545356,40,unmeasured_target_40_models,extrapolation_model_estimate,0.01316288901,4.473014111,4.499339889,0.02803427398,4.458142726,4.514211274,,,,,
41,62,103,Nb,4.5097,0.0227,4.4886484,0.0012823982,4,measured_target_oof_4_models,heldout_test_aggregate,0.01613080859,4.472517591,4.504779209,0.034016949,4.454631451,4.522665349,,,,,
41,63,104,Nb,,,4.497257,0.00433121,40,unmeasured_target_40_models,extrapolation_model_estimate,0.03056216798,4.466694832,4.527819168,0.06628896308,4.430968037,4.563545963,,,,,
41,64,105,Nb,,,4.5016384,0.0027800694,40,unmeasured_target_40_models,extrapolation_model_estimate,0.03714911783,4.464489282,4.538787518,0.07805389406,4.423584506,4.579692294,,,,,
41,65,106,Nb,,,4.5089326,0.0035635636,40,unmeasured_target_40_models,extrapolation_model_estimate,0.04010949261,4.468823107,4.549042093,0.08662265748,4.422309943,4.595555257,,,,,
41,66,107,Nb,,,4.5115476,0.0017267566,40,unmeasured_target_40_models,extrapolation_model_estimate,0.04387964133,4.467667959,4.555427241,0.09558270689,4.415964893,4.607130307,,,,,
41,67,108,Nb,,,4.508051,0.0029921439,40,unmeasured_target_40_models,extrapolation_model_estimate,0.03632587731,4.471725123,4.544376877,0.07826970886,4.429781291,4.586320709,,,,,
41,68,109,Nb,,,4.5181313,0.0026606158,40,unmeasured_target_40_models,extrapolation_model_estimate,0.03534665119,4.482784649,4.553477951,0.07657940954,4.44155189,4.59471071,,,,,
41,69,110,Nb,,,4.5173197,0.0022080182,40,unmeasured_target_40_models,extrapolation_model_estimate,0.0321981129,4.485121587,4.549517813,0.06729079291,4.450028907,4.584610493,,,,,
41,70,111,Nb,,,4.5226054,0.0025003855,40,unmeasured_target_40_models,extrapolation_model_estimate,0.02959331659,4.493012083,4.552198717,0.06307311572,4.459532284,4.585678516,,,,,
41,71,112,Nb,,,4.5187945,0.0023967975,40,unmeasured_target_40_models,extrapolation_model_estimate,0.02486485398,4.493929646,4.543659354,0.052701549,4.466092951,4.571496049,,,,,
41,72,113,Nb,,,4.52094,0.0024783688,40,unmeasured_target_40_models,extrapolation_model_estimate,0.02505741458,4.495882585,4.545997415,0.05327638618,4.467663614,4.574216386,,,,,
41,73,114,Nb,,,4.518435,0.002066154,40,unmeasured_target_40_models,extrapolation_model_estimate,0.02287919746,4.495555803,4.541314197,0.0482520559,4.470182944,4.566687056,,,,,
41,74,115,Nb,,,4.525789,0.0033367965,40,unmeasured_target_40_models,extrapolation_model_estimate,0.0244772069,4.501311793,4.550266207,0.05259565824,4.473193342,4.578384658,,,,,
41,75,116,Nb,,,4.523239,0.003425808,40,unmeasured_target_40_models,extrapolation_model_estimate,0.02396976833,4.499269232,4.547208768,0.05170470805,4.471534292,4.574943708,,,,,
41,76,117,Nb,,,4.525066,0.0025143707,40,unmeasured_target_40_models,extrapolation_model_estimate,0.02241099679,4.502655003,4.547476997,0.0484948988,4.476571101,4.573560899,,,,,
42,39,81,Mo,,,4.3086877,0.0065745157,40,unmeasured_target_40_models,extrapolation_model_estimate,0.01684533943,4.291842361,4.325533039,0.03694892975,4.27173877,4.34563663,,,,,
42,40,82,Mo,,,4.3123975,0.0044869734,40,unmeasured_target_40_models,extrapolation_model_estimate,0.02189818956,4.29049931,4.33429569,0.04732420836,4.265073292,4.359721708,,,,,
42,41,83,Mo,,,4.327655,0.0032811605,40,unmeasured_target_40_models,extrapolation_model_estimate,0.02314879683,4.304506203,4.350803797,0.05187020361,4.275784796,4.379525204,,,,,
42,42,84,Mo,,,4.326356,0.0022402734,40,unmeasured_target_40_models,extrapolation_model_estimate,0.02260698913,4.303749011,4.348962989,0.04818429011,4.27817171,4.37454029,,,,,
42,43,85,Mo,,,4.3281064,0.002235581,40,unmeasured_target_40_models,extrapolation_model_estimate,0.02253443844,4.305571962,4.350640838,0.04952200413,4.278584396,4.377628404,,,,,
42,44,86,Mo,,,4.330165,0.0023623079,40,unmeasured_target_40_models,extrapolation_model_estimate,0.01694528118,4.313219719,4.347110281,0.03620471518,4.293960285,4.366369715,,,,,
42,45,87,Mo,,,4.326408,0.0021352216,40,unmeasured_target_40_models,extrapolation_model_estimate,0.01406547528,4.312342525,4.340473475,0.03115581327,4.295252187,4.357563813,,,,,
42,46,88,Mo,,,4.3275623,0.0021423274,40,unmeasured_target_40_models,extrapolation_model_estimate,0.01457112261,4.312991177,4.342133423,0.0311013167,4.296460983,4.358663617,,,,,
42,47,89,Mo,,,4.316258,0.002086408,40,unmeasured_target_40_models,extrapolation_model_estimate,0.01267220841,4.303585792,4.328930208,0.02637454195,4.289883458,4.342632542,,,,,
42,48,90,Mo,4.3265,0.0016,4.322749,0.001380238,4,measured_target_oof_4_models,heldout_test_aggregate,0.01320626573,4.309542734,4.335955266,0.0293735734,4.293375427,4.352122573,,,,,
42,49,91,Mo,4.3182,0.0012,4.3193445,0.0009643675,4,measured_target_oof_4_models,heldout_test_aggregate,0.01094112451,4.308403375,4.330285625,0.02297522727,4.296369273,4.342319727,,,,,
42,50,92,Mo,4.3151,0.0012,4.319699,0.0014819058,4,measured_target_oof_4_models,heldout_test_aggregate,0.01115235501,4.308546645,4.330851355,0.02356634697,4.296132653,4.343265347,,,,,
42,51,93,Mo,,,4.326365,0.001052954,40,unmeasured_target_40_models,extrapolation_model_estimate,0.009708415026,4.316656585,4.336073415,0.02046316712,4.305901833,4.346828167,,,,,
42,52,94,Mo,4.3529,0.0013,4.35614,0.0006548671,4,measured_target_oof_4_models,heldout_test_aggregate,0.009557320914,4.346582679,4.365697321,0.0215612688,4.334578731,4.377701269,,,,,
42,53,95,Mo,4.3628,0.0018,4.3620934,0.00091712375,4,measured_target_oof_4_models,heldout_test_aggregate,0.009513903641,4.352579496,4.371607304,0.02052753874,4.341565861,4.382620939,,,,,
42,54,96,Mo,4.3847,0.0015,4.3825855,0.0009832883,4,measured_target_oof_4_models,heldout_test_aggregate,0.01112558556,4.371459914,4.393711086,0.02435792794,4.358227572,4.406943428,,,,,
42,55,97,Mo,4.388,0.0015,4.407136,0.0012797804,4,measured_target_oof_4_models,heldout_test_aggregate,0.01158348521,4.395552515,4.418719485,0.02572362734,4.381412373,4.432859627,,,,,
42,56,98,Mo,4.4091,0.0018,4.4226956,0.0004999771,4,measured_target_oof_4_models,heldout_test_aggregate,0.0138333131,4.408862287,4.436528913,0.02867613662,4.394019463,4.451371737,,,,,
42,57,99,Mo,,,4.438239,0.002000831,40,unmeasured_target_40_models,extrapolation_model_estimate,0.01204125495,4.426197745,4.450280255,0.02549815937,4.412740841,4.463737159,,,,,
42,58,100,Mo,4.4468,0.0025,4.45601,0.0010055931,4,measured_target_oof_4_models,heldout_test_aggregate,0.01282065272,4.443189347,4.468830653,0.02727721728,4.428732783,4.483287217,,,,,
42,59,101,Mo,,,4.466296,0.0013844079,40,unmeasured_target_40_models,extrapolation_model_estimate,0.01186127069,4.454434729,4.478157271,0.02458973125,4.441706269,4.490885731,,,,,
42,60,102,Mo,4.4914,0.0038,4.505552,0.00072009035,4,measured_target_oof_4_models,heldout_test_aggregate,0.01829312937,4.487258871,4.523845129,0.03735311849,4.468198882,4.542905118,,,,,
42,61,103,Mo,4.5145,0.0046,4.5198803,0.0007875121,4,measured_target_oof_4_models,heldout_test_aggregate,0.01493769056,4.504942609,4.534817991,0.03070449514,4.489175805,4.550584795,,,,,
42,62,104,Mo,4.5249,0.0051,4.523691,0.000603139,4,measured_target_oof_4_models,heldout_test_aggregate,0.01393503286,4.509755967,4.537626033,0.02994109965,4.4937499,4.5536321,,,,,
42,63,105,Mo,4.5389,0.0057,4.5259066,0.0007823174,4,measured_target_oof_4_models,heldout_test_aggregate,0.01291379202,4.512992808,4.538820392,0.02801340092,4.497893199,4.553920001,,,,,
42,64,106,Mo,4.549,0.0058,4.5363293,0.00040674506,4,measured_target_oof_4_models,heldout_test_aggregate,0.02570520561,4.510624094,4.562034506,0.055301354,4.481027946,4.591630654,,,,,
42,65,107,Mo,,,4.541229,0.0027517574,40,unmeasured_target_40_models,extrapolation_model_estimate,0.02950220866,4.511726791,4.570731209,0.06214531945,4.479083681,4.603374319,,,,,
42,66,108,Mo,4.5602,0.0067,4.5402946,0.0011658182,4,measured_target_oof_4_models,heldout_test_aggregate,0.0307783107,4.509516289,4.571072911,0.06340828891,4.476886311,4.603702889,,,,,
42,67,109,Mo,,,4.541667,0.0021853747,40,unmeasured_target_40_models,extrapolation_model_estimate,0.02923340925,4.512433591,4.570900409,0.06387871747,4.477788283,4.605545717,,,,,
42,68,110,Mo,,,4.5491176,0.002280493,40,unmeasured_target_40_models,extrapolation_model_estimate,0.03467937638,4.514438224,4.583796976,0.07240432014,4.47671328,4.62152192,,,,,
42,69,111,Mo,,,4.5490766,0.002307984,40,unmeasured_target_40_models,extrapolation_model_estimate,0.02961023443,4.519466366,4.578686834,0.06291207173,4.486164528,4.611988672,,,,,
42,70,112,Mo,,,4.556329,0.0029123696,40,unmeasured_target_40_models,extrapolation_model_estimate,0.03032435806,4.526004642,4.586653358,0.06238615316,4.493942847,4.618715153,,,,,
42,71,113,Mo,,,4.5522585,0.0022558472,40,unmeasured_target_40_models,extrapolation_model_estimate,0.02229110131,4.529967399,4.574549601,0.04777145273,4.504487047,4.600029953,,,,,
42,72,114,Mo,,,4.5549974,0.0022879092,40,unmeasured_target_40_models,extrapolation_model_estimate,0.02218670123,4.532810699,4.577184101,0.04614248045,4.50885492,4.60113988,,,,,
42,73,115,Mo,,,4.551782,0.0020937053,40,unmeasured_target_40_models,extrapolation_model_estimate,0.01993308722,4.531848913,4.571715087,0.04192974325,4.509852257,4.593711743,,,,,
42,74,116,Mo,,,4.5593,0.003015858,40,unmeasured_target_40_models,extrapolation_model_estimate,0.02353580933,4.535764191,4.582835809,0.04995471261,4.509345287,4.609254713,,,,,
42,75,117,Mo,,,4.557883,0.0026895204,40,unmeasured_target_40_models,extrapolation_model_estimate,0.02325640574,4.534626594,4.581139406,0.04968292052,4.508200079,4.607565921,,,,,
42,76,118,Mo,,,4.558761,0.0021527011,40,unmeasured_target_40_models,extrapolation_model_estimate,0.02081931266,4.537941687,4.579580313,0.04558062224,4.513180378,4.604341622,,,,,
42,77,119,Mo,,,4.5601,0.0023336783,40,unmeasured_target_40_models,extrapolation_model_estimate,0.02052286496,4.539577135,4.580622865,0.04490120438,4.515198796,4.605001204,,,,,
43,42,85,Tc,,,4.33477,0.0031285284,40,unmeasured_target_40_models,extrapolation_model_estimate,0.02809074723,4.306679253,4.362860747,0.05671601576,4.278053984,4.391486016,,,,,
43,43,86,Tc,,,4.336865,0.0028712172,40,unmeasured_target_40_models,extrapolation_model_estimate,0.02995373812,4.306911262,4.366818738,0.05992250674,4.276942493,4.396787507,,,,,
43,44,87,Tc,,,4.3402596,0.002644458,40,unmeasured_target_40_models,extrapolation_model_estimate,0.02467567945,4.315583921,4.364935279,0.05085306676,4.289406533,4.391112667,,,,,
43,45,88,Tc,,,4.3359537,0.0028304576,40,unmeasured_target_40_models,extrapolation_model_estimate,0.01830451966,4.31764918,4.35425822,0.03771205626,4.298241644,4.373665756,,,,,
43,46,89,Tc,,,4.3364096,0.0025020705,40,unmeasured_target_40_models,extrapolation_model_estimate,0.01656213759,4.319847462,4.352971738,0.0365620991,4.299847501,4.372971699,,,,,
43,47,90,Tc,,,4.3253784,0.002058486,40,unmeasured_target_40_models,extrapolation_model_estimate,0.01356708433,4.311811316,4.338945484,0.02882436381,4.296554036,4.354202764,,,,,
43,48,91,Tc,,,4.3327,0.001762759,40,unmeasured_target_40_models,extrapolation_model_estimate,0.0141496652,4.318550335,4.346849665,0.03081532622,4.301884674,4.363515326,,,,,
43,49,92,Tc,,,4.3290873,0.0015411389,40,unmeasured_target_40_models,extrapolation_model_estimate,0.0122610621,4.316826238,4.341348362,0.02557627836,4.303511022,4.354663578,,,,,
43,50,93,Tc,,,4.3281865,0.0020561693,40,unmeasured_target_40_models,extrapolation_model_estimate,0.01052566352,4.317660836,4.338712164,0.02283188467,4.305354615,4.351018385,,,,,
43,51,94,Tc,,,4.3361335,0.0011209049,40,unmeasured_target_40_models,extrapolation_model_estimate,0.01085502291,4.325278477,4.346988523,0.02330523489,4.312828265,4.359438735,,,,,
43,52,95,Tc,,,4.3683963,0.0016035599,40,unmeasured_target_40_models,extrapolation_model_estimate,0.01103819405,4.357358106,4.379434494,0.02348395222,4.344912348,4.391880252,,,,,
43,53,96,Tc,,,4.372059,0.0014080593,40,unmeasured_target_40_models,extrapolation_model_estimate,0.009194712957,4.362864287,4.381253713,0.01986860803,4.352190392,4.391927608,,,,,
43,54,97,Tc,,,4.3949113,0.0023105827,40,unmeasured_target_40_models,extrapolation_model_estimate,0.01029801921,4.384613281,4.405209319,0.02182499877,4.373086301,4.416736299,,,,,
43,55,98,Tc,,,4.412927,0.0021589824,40,unmeasured_target_40_models,extrapolation_model_estimate,0.01166958052,4.401257419,4.424596581,0.02515804663,4.387768953,4.438085047,,,,,
43,56,99,Tc,,,4.4284043,0.0016575166,40,unmeasured_target_40_models,extrapolation_model_estimate,0.01334511396,4.415059186,4.441749414,0.02848708324,4.399917217,4.456891383,,,,,
43,57,100,Tc,,,4.4456034,0.0015588911,40,unmeasured_target_40_models,extrapolation_model_estimate,0.0158648194,4.429738581,4.461468219,0.03348202845,4.412121372,4.479085428,,,,,
43,58,101,Tc,,,4.4577813,0.0013787703,40,unmeasured_target_40_models,extrapolation_model_estimate,0.01286463977,4.44491666,4.47064594,0.02717775523,4.430603545,4.484959055,,,,,
43,59,102,Tc,,,4.4706473,0.001685584,40,unmeasured_target_40_models,extrapolation_model_estimate,0.01319046347,4.457456837,4.483837763,0.02787035352,4.442776946,4.498517654,,,,,
43,60,103,Tc,,,4.507427,0.00313659,40,unmeasured_target_40_models,extrapolation_model_estimate,0.01658638255,4.490840617,4.524013383,0.0355356431,4.471891357,4.542962643,,,,,
43,61,104,Tc,,,4.523036,0.0037605325,40,unmeasured_target_40_models,extrapolation_model_estimate,0.01748451247,4.505551488,4.540520512,0.03851705013,4.48451895,4.56155305,,,,,
43,62,105,Tc,,,4.530402,0.0020355117,40,unmeasured_target_40_models,extrapolation_model_estimate,0.01823409727,4.512167903,4.548636097,0.04006478467,4.490337215,4.570466785,,,,,
43,63,106,Tc,,,4.535882,0.0038091473,40,unmeasured_target_40_models,extrapolation_model_estimate,0.01489129682,4.520990703,4.550773297,0.03165536951,4.50422663,4.56753737,,,,,
43,64,107,Tc,,,4.539806,0.0023002222,40,unmeasured_target_40_models,extrapolation_model_estimate,0.01183493613,4.527971064,4.551640936,0.02540605924,4.514399941,4.565212059,,,,,
43,65,108,Tc,,,4.5461564,0.002754558,40,unmeasured_target_40_models,extrapolation_model_estimate,0.01692260099,4.529233799,4.563079001,0.03626624745,4.509890153,4.582422647,,,,,
43,66,109,Tc,,,4.549035,0.0015632487,40,unmeasured_target_40_models,extrapolation_model_estimate,0.02424060793,4.524794392,4.573275608,0.05243674036,4.49659826,4.60147174,,,,,
43,67,110,Tc,,,4.547906,0.001938259,40,unmeasured_target_40_models,extrapolation_model_estimate,0.02460613646,4.523299864,4.572512136,0.05292183662,4.494984163,4.600827837,,,,,
43,68,111,Tc,,,4.5554223,0.0012619788,40,unmeasured_target_40_models,extrapolation_model_estimate,0.02712771677,4.528294583,4.582550017,0.05893535084,4.496486949,4.614357651,,,,,
43,69,112,Tc,,,4.554858,0.0018241158,40,unmeasured_target_40_models,extrapolation_model_estimate,0.02890133093,4.525956669,4.583759331,0.06219429705,4.492663703,4.617052297,,,,,
43,70,113,Tc,,,4.56446,0.0021495866,40,unmeasured_target_40_models,extrapolation_model_estimate,0.03284931153,4.531610688,4.597309312,0.06985681216,4.494603188,4.634316812,,,,,
43,71,114,Tc,,,4.558605,0.002149277,40,unmeasured_target_40_models,extrapolation_model_estimate,0.02534213343,4.533262867,4.583947133,0.05445370751,4.504151292,4.613058708,,,,,
43,72,115,Tc,,,4.5633197,0.0013886222,40,unmeasured_target_40_models,extrapolation_model_estimate,0.02369836735,4.539621333,4.587018067,0.05078493283,4.512534767,4.614104633,,,,,
43,73,116,Tc,,,4.5591598,0.0016012404,40,unmeasured_target_40_models,extrapolation_model_estimate,0.02083762941,4.538322171,4.579997429,0.04423808676,4.514921713,4.603397887,,,,,
43,74,117,Tc,,,4.567689,0.0022281506,40,unmeasured_target_40_models,extrapolation_model_estimate,0.02389323706,4.543795763,4.591582237,0.05150810463,4.516180895,4.619197105,,,,,
43,75,118,Tc,,,4.5647154,0.0019169446,40,unmeasured_target_40_models,extrapolation_model_estimate,0.02413339602,4.540582004,4.588848796,0.05133035013,4.51338505,4.61604575,,,,,
43,76,119,Tc,,,4.564562,0.0015907148,40,unmeasured_target_40_models,extrapolation_model_estimate,0.02196685483,4.542595145,4.586528855,0.04829257203,4.516269428,4.612854572,,,,,
43,77,120,Tc,,,4.565255,0.0015642269,40,unmeasured_target_40_models,extrapolation_model_estimate,0.02146420464,4.543790795,4.586719205,0.0457013788,4.519553621,4.610956379,,,,,
43,78,121,Tc,,,4.566682,0.0018180785,40,unmeasured_target_40_models,extrapolation_model_estimate,0.02085563495,4.545826365,4.587537635,0.04497076449,4.521711236,4.611652764,,,,,
43,79,122,Tc,,,4.5578218,0.0021404966,40,unmeasured_target_40_models,extrapolation_model_estimate,0.01738447142,4.540437329,4.575206271,0.03948873778,4.518333062,4.597310538,,,,,
44,41,85,Ru,,,4.351493,0.0041964324,40,unmeasured_target_40_models,extrapolation_model_estimate,0.01246657481,4.339026425,4.363959575,0.02722537821,4.324267622,4.378718378,,,,,
44,42,86,Ru,,,4.35143,0.0033577762,40,unmeasured_target_40_models,extrapolation_model_estimate,0.0122595836,4.339170416,4.363689584,0.02632141247,4.325108588,4.377751412,,,,,
44,43,87,Ru,,,4.353924,0.0029189384,40,unmeasured_target_40_models,extrapolation_model_estimate,0.02248318741,4.331440813,4.376407187,0.04873596512,4.305188035,4.402659965,,,,,
44,44,88,Ru,,,4.3598294,0.0022595015,40,unmeasured_target_40_models,extrapolation_model_estimate,0.0260036245,4.333825775,4.385833025,0.05364730126,4.306182099,4.413476701,,,,,
44,45,89,Ru,,,4.3549333,0.0026251571,40,unmeasured_target_40_models,extrapolation_model_estimate,0.02167497247,4.333258328,4.376608272,0.04570136925,4.309231931,4.400634669,,,,,
44,46,90,Ru,,,4.357644,0.0024559742,40,unmeasured_target_40_models,extrapolation_model_estimate,0.01790359826,4.339740402,4.375547598,0.03901691712,4.318627083,4.396660917,,,,,
44,47,91,Ru,,,4.34879,0.0021088393,40,unmeasured_target_40_models,extrapolation_model_estimate,0.015340371,4.333449629,4.364130371,0.03252127788,4.316268722,4.381311278,,,,,
44,48,92,Ru,,,4.3544626,0.0018506332,40,unmeasured_target_40_models,extrapolation_model_estimate,0.0163603941,4.338102206,4.370822994,0.03394959352,4.320513006,4.388412194,,,,,
44,49,93,Ru,,,4.351657,0.0015420504,40,unmeasured_target_40_models,extrapolation_model_estimate,0.01308402098,4.338572979,4.364741021,0.02732143946,4.324335561,4.378978439,,,,,
44,50,94,Ru,,,4.35127,0.001978281,40,unmeasured_target_40_models,extrapolation_model_estimate,0.01108631856,4.340183681,4.362356319,0.02363588367,4.327634116,4.374905884,,,,,
44,51,95,Ru,,,4.359082,0.0009706664,40,unmeasured_target_40_models,extrapolation_model_estimate,0.00973425021,4.34934775,4.36881625,0.02029589882,4.338786101,4.379377899,,,,,
44,52,96,Ru,4.3908,0.0047,4.388149,0.00088562566,4,measured_target_oof_4_models,heldout_test_aggregate,0.01333070586,4.374818294,4.401479706,0.02860396213,4.359545038,4.416752962,,,,,
44,53,97,Ru,,,4.392689,0.0015065752,40,unmeasured_target_40_models,extrapolation_model_estimate,0.009978051379,4.382710949,4.402667051,0.02173378702,4.370955213,4.414422787,,,,,
44,54,98,Ru,4.4229,0.0055,4.410522,0.0009125476,4,measured_target_oof_4_models,heldout_test_aggregate,0.01114705412,4.399374946,4.421669054,0.02509968184,4.385422318,4.435621682,,,,,
44,55,99,Ru,4.4338,0.0042,4.438756,0.0007013084,4,measured_target_oof_4_models,heldout_test_aggregate,0.01052474328,4.428231257,4.449280743,0.02276918345,4.415986817,4.461525183,,,,,
44,56,100,Ru,4.4531,0.0031,4.452655,0.0012696242,4,measured_target_oof_4_models,heldout_test_aggregate,0.01356350293,4.439091497,4.466218503,0.02798395426,4.424671046,4.480638954,,,,,
44,57,101,Ru,4.4606,0.002,4.4679503,0.001025296,4,measured_target_oof_4_models,heldout_test_aggregate,0.01236403631,4.455586264,4.480314336,0.02658568267,4.441364617,4.494535983,,,,,
44,58,102,Ru,4.4809,0.0018,4.4793286,0.0018846538,4,measured_target_oof_4_models,heldout_test_aggregate,0.01247981278,4.466848787,4.491808413,0.02794879635,4.451379804,4.507277396,,,,,
44,59,103,Ru,,,4.492639,0.0014480072,40,unmeasured_target_40_models,extrapolation_model_estimate,0.01296987954,4.47966912,4.50560888,0.02792235888,4.464716641,4.520561359,,,,,
44,60,104,Ru,4.5098,0.002,4.528646,0.0005417904,4,measured_target_oof_4_models,heldout_test_aggregate,0.01098583976,4.51766016,4.53963184,0.02441499497,4.504231005,4.553060995,,,,,
44,61,105,Ru,,,4.541564,0.0036207458,40,unmeasured_target_40_models,extrapolation_model_estimate,0.01455357388,4.527010426,4.556117574,0.03155521908,4.510008781,4.573119219,,,,,
44,62,106,Ru,,,4.5502157,0.0022775575,40,unmeasured_target_40_models,extrapolation_model_estimate,0.01658379053,4.533631909,4.566799491,0.03493740117,4.515278299,4.585153101,,,,,
44,63,107,Ru,,,4.555626,0.0038832056,40,unmeasured_target_40_models,extrapolation_model_estimate,0.01567966715,4.539946333,4.571305667,0.03404179696,4.521584203,4.589667797,,,,,
44,64,108,Ru,,,4.559036,0.0022606184,40,unmeasured_target_40_models,extrapolation_model_estimate,0.01404280362,4.544993196,4.573078804,0.03015819856,4.528877801,4.589194199,,,,,
44,65,109,Ru,,,4.5668855,0.0028592136,40,unmeasured_target_40_models,extrapolation_model_estimate,0.008421053844,4.558464446,4.575306554,0.01843770522,4.548447795,4.585323205,,,,,
44,66,110,Ru,,,4.568117,0.0014756292,40,unmeasured_target_40_models,extrapolation_model_estimate,0.01111559405,4.557001406,4.579232594,0.02413892554,4.543978074,4.592255926,,,,,
44,67,111,Ru,,,4.569895,0.0024823144,40,unmeasured_target_40_models,extrapolation_model_estimate,0.01553901144,4.554355989,4.585434011,0.03377476409,4.536120236,4.603669764,,,,,
44,68,112,Ru,,,4.576228,0.0018129277,40,unmeasured_target_40_models,extrapolation_model_estimate,0.01817712503,4.558050875,4.594405125,0.03831704583,4.537910954,4.614545046,,,,,
44,69,113,Ru,,,4.577702,0.0022428338,40,unmeasured_target_40_models,extrapolation_model_estimate,0.02176726282,4.555934737,4.599469263,0.0463014651,4.531400535,4.624003465,,,,,
44,70,114,Ru,,,4.584495,0.002506282,40,unmeasured_target_40_models,extrapolation_model_estimate,0.02435866002,4.56013634,4.60885366,0.05290084489,4.531594155,4.637395845,,,,,
44,71,115,Ru,,,4.582107,0.0027891058,40,unmeasured_target_40_models,extrapolation_model_estimate,0.02497078678,4.557136213,4.607077787,0.05374061467,4.528366385,4.635847615,,,,,
44,72,116,Ru,,,4.5843887,0.0025047953,40,unmeasured_target_40_models,extrapolation_model_estimate,0.02310613963,4.56128256,4.60749484,0.04908200512,4.535306695,4.633470705,,,,,
44,73,117,Ru,,,4.5807333,0.0017824288,40,unmeasured_target_40_models,extrapolation_model_estimate,0.02001261995,4.56072068,4.60074592,0.04280767772,4.537925622,4.623540978,,,,,
44,74,118,Ru,,,4.5889816,0.0026782262,40,unmeasured_target_40_models,extrapolation_model_estimate,0.0210451252,4.567936475,4.610026725,0.04694842524,4.542033175,4.635930025,,,,,
44,75,119,Ru,,,4.587531,0.0029671043,40,unmeasured_target_40_models,extrapolation_model_estimate,0.02118711673,4.566343883,4.608718117,0.04650542676,4.541025573,4.634036427,,,,,
44,76,120,Ru,,,4.588154,0.0017939579,40,unmeasured_target_40_models,extrapolation_model_estimate,0.02182780717,4.566326193,4.609981807,0.04778134967,4.54037265,4.63593535,,,,,
44,77,121,Ru,,,4.589682,0.0014338213,40,unmeasured_target_40_models,extrapolation_model_estimate,0.02070295557,4.568979044,4.610384956,0.04492873853,4.544753261,4.634610739,,,,,
44,78,122,Ru,,,4.591692,0.002273832,40,unmeasured_target_40_models,extrapolation_model_estimate,0.01945679499,4.572235205,4.611148795,0.04225022325,4.549441777,4.633942223,,,,,
44,79,123,Ru,,,4.583201,0.00245796,40,unmeasured_target_40_models,extrapolation_model_estimate,0.01975781259,4.563443187,4.602958813,0.04172179086,4.541479209,4.624922791,,,,,
44,80,124,Ru,,,4.587611,0.0025392242,40,unmeasured_target_40_models,extrapolation_model_estimate,0.01811950149,4.569491499,4.605730501,0.03890557804,4.548705422,4.626516578,,,,,
44,81,125,Ru,,,4.585363,0.0020926746,40,unmeasured_target_40_models,extrapolation_model_estimate,0.01849980745,4.566863193,4.603862807,0.03917293039,4.54619007,4.62453593,,,,,
45,44,89,Rh,,,4.370105,0.002474913,40,unmeasured_target_40_models,extrapolation_model_estimate,0.01889105982,4.35121394,4.38899606,0.038520161,4.331584839,4.408625161,,,,,
45,45,90,Rh,,,4.367447,0.0024975047,40,unmeasured_target_40_models,extrapolation_model_estimate,0.02737598594,4.340071014,4.394822986,0.05630658535,4.311140415,4.423753585,,,,,
45,46,91,Rh,,,4.3705645,0.0025033837,40,unmeasured_target_40_models,extrapolation_model_estimate,0.02411063964,4.34645386,4.39467514,0.05135413377,4.319210366,4.421918634,,,,,
45,47,92,Rh,,,4.362253,0.0025007022,40,unmeasured_target_40_models,extrapolation_model_estimate,0.02042532768,4.341827672,4.382678328,0.04224660425,4.320006396,4.404499604,,,,,
45,48,93,Rh,,,4.3697376,0.0019139285,40,unmeasured_target_40_models,extrapolation_model_estimate,0.02117066117,4.348566939,4.390908261,0.04493710689,4.324800493,4.414674707,,,,,
45,49,94,Rh,,,4.3653936,0.002437601,40,unmeasured_target_40_models,extrapolation_model_estimate,0.01633676767,4.349056832,4.381730368,0.03498262072,4.330410979,4.400376221,,,,,
45,50,95,Rh,,,4.3638644,0.0023145638,40,unmeasured_target_40_models,extrapolation_model_estimate,0.0133838413,4.350480559,4.377248241,0.02925377982,4.33461062,4.39311818,,,,,
45,51,96,Rh,,,4.3748717,0.002237731,40,unmeasured_target_40_models,extrapolation_model_estimate,0.01244778741,4.362423913,4.387319487,0.02620730776,4.348664392,4.401079008,,,,,
45,52,97,Rh,,,4.4082427,0.0023900534,40,unmeasured_target_40_models,extrapolation_model_estimate,0.01196774366,4.396274956,4.420210444,0.02530394478,4.382938755,4.433546645,,,,,
45,53,98,Rh,,,4.4097342,0.0018732242,40,unmeasured_target_40_models,extrapolation_model_estimate,0.01197604559,4.397758154,4.421710246,0.0254973739,4.384236826,4.435231574,,,,,
45,54,99,Rh,,,4.431346,0.002455958,40,unmeasured_target_40_models,extrapolation_model_estimate,0.01251958826,4.418826412,4.443865588,0.02762605482,4.403719945,4.458972055,,,,,
45,55,100,Rh,,,4.4498076,0.0026527576,40,unmeasured_target_40_models,extrapolation_model_estimate,0.01256742758,4.437240172,4.462375028,0.02703858077,4.422769019,4.476846181,,,,,
45,56,101,Rh,,,4.4635177,0.002322681,40,unmeasured_target_40_models,extrapolation_model_estimate,0.01315762094,4.450360079,4.476675321,0.02754078247,4.435976918,4.491058482,,,,,
45,57,102,Rh,,,4.480486,0.0022783724,40,unmeasured_target_40_models,extrapolation_model_estimate,0.0113852785,4.469100722,4.491871278,0.02426217826,4.456223822,4.504748178,,,,,
45,58,103,Rh,4.4945,0.0023,4.4924903,0.0016146785,4,measured_target_oof_4_models,heldout_test_aggregate,0.01368484288,4.478805457,4.506175143,0.02752646131,4.464963839,4.520016761,,,,,
45,59,104,Rh,,,4.505059,0.0021899068,40,unmeasured_target_40_models,extrapolation_model_estimate,0.01311398827,4.491945012,4.518172988,0.02821345709,4.476845543,4.533272457,,,,,
45,60,105,Rh,,,4.5394983,0.003735049,40,unmeasured_target_40_models,extrapolation_model_estimate,0.01881345348,4.520684847,4.558311753,0.04009499702,4.499403303,4.579593297,,,,,
45,61,106,Rh,,,4.5547485,0.004497454,40,unmeasured_target_40_models,extrapolation_model_estimate,0.01893288223,4.535815618,4.573681382,0.03958468097,4.515163819,4.594333181,,,,,
45,62,107,Rh,,,4.5611916,0.002676187,40,unmeasured_target_40_models,extrapolation_model_estimate,0.01736754948,4.543824051,4.578559149,0.03706039007,4.52413121,4.59825199,,,,,
45,63,108,Rh,,,4.566901,0.004148092,40,unmeasured_target_40_models,extrapolation_model_estimate,0.01587134519,4.551029655,4.582772345,0.03475085745,4.532150143,4.601651857,,,,,
45,64,109,Rh,,,4.570981,0.002507651,40,unmeasured_target_40_models,extrapolation_model_estimate,0.01612620731,4.554854793,4.587107207,0.03527616551,4.535704834,4.606257166,,,,,
45,65,110,Rh,,,4.5782213,0.002910317,40,unmeasured_target_40_models,extrapolation_model_estimate,0.01652151387,4.561699786,4.594742814,0.0355445335,4.542676767,4.613765833,,,,,
45,66,111,Rh,,,4.5817833,0.0022992434,40,unmeasured_target_40_models,extrapolation_model_estimate,0.01201997015,4.56976333,4.59380327,0.02638689097,4.555396409,4.608170191,,,,,
45,67,112,Rh,,,4.5796385,0.0022575797,40,unmeasured_target_40_models,extrapolation_model_estimate,0.008987368276,4.570651132,4.588625868,0.01858780327,4.561050697,4.598226303,,,,,
45,68,113,Rh,,,4.5875845,0.0020039596,40,unmeasured_target_40_models,extrapolation_model_estimate,0.01219792567,4.575386574,4.599782426,0.02581991751,4.561764582,4.613404418,,,,,
45,69,114,Rh,,,4.587015,0.0017301491,40,unmeasured_target_40_models,extrapolation_model_estimate,0.0175522209,4.569462779,4.604567221,0.03837802119,4.548636979,4.625393021,,,,,
45,70,115,Rh,,,4.5952444,0.0019706003,40,unmeasured_target_40_models,extrapolation_model_estimate,0.02193012879,4.573314271,4.617174529,0.04600827851,4.549236121,4.641252679,,,,,
45,71,116,Rh,,,4.5895004,0.0021156303,40,unmeasured_target_40_models,extrapolation_model_estimate,0.019228875,4.570271525,4.608729275,0.04008858007,4.54941182,4.62958898,,,,,
45,72,117,Rh,,,4.594737,0.0016309636,40,unmeasured_target_40_models,extrapolation_model_estimate,0.02198339643,4.572753604,4.616720396,0.04729436502,4.547442635,4.642031365,,,,,
45,73,118,Rh,,,4.5906553,0.0019824058,40,unmeasured_target_40_models,extrapolation_model_estimate,0.02282539383,4.567829906,4.613480694,0.04848138253,4.542173917,4.639136683,,,,,
45,74,119,Rh,,,4.599307,0.0024209716,40,unmeasured_target_40_models,extrapolation_model_estimate,0.02283797636,4.576469024,4.622144976,0.04915507955,4.55015192,4.64846208,,,,,
45,75,120,Rh,,,4.597022,0.0022055,40,unmeasured_target_40_models,extrapolation_model_estimate,0.0238943865,4.573127614,4.620916386,0.05036264863,4.546659351,4.647384649,,,,,
45,76,121,Rh,,,4.6005225,0.0023603267,40,unmeasured_target_40_models,extrapolation_model_estimate,0.02218592945,4.578336571,4.622708429,0.04807168995,4.55245081,4.64859419,,,,,
45,77,122,Rh,,,4.598361,0.0021573375,40,unmeasured_target_40_models,extrapolation_model_estimate,0.02255287297,4.575808127,4.620913873,0.04625074834,4.552110252,4.644611748,,,,,
45,78,123,Rh,,,4.601176,0.0029248141,40,unmeasured_target_40_models,extrapolation_model_estimate,0.02150894042,4.57966706,4.62268494,0.04704314689,4.554132853,4.648219147,,,,,
45,79,124,Rh,,,4.5906115,0.002374273,40,unmeasured_target_40_models,extrapolation_model_estimate,0.01919216798,4.571419332,4.609803668,0.04227334671,4.548338153,4.632884847,,,,,
45,80,125,Rh,,,4.595312,0.0024328376,40,unmeasured_target_40_models,extrapolation_model_estimate,0.02118763351,4.574124366,4.616499634,0.04733681082,4.547975189,4.642648811,,,,,
45,81,126,Rh,,,4.591563,0.00245519,40,unmeasured_target_40_models,extrapolation_model_estimate,0.02028340164,4.571279598,4.611846402,0.04472683172,4.546836168,4.636289832,,,,,
45,82,127,Rh,,,4.594756,0.0030812987,40,unmeasured_target_40_models,extrapolation_model_estimate,0.02049445341,4.574261547,4.615250453,0.04335160084,4.551404399,4.638107601,,,,,
45,83,128,Rh,,,4.598611,0.0023599584,40,unmeasured_target_40_models,extrapolation_model_estimate,0.01948618982,4.57912481,4.61809719,0.04178515711,4.556825843,4.640396157,,,,,
46,44,90,Pd,,,4.37607,0.0034868375,40,unmeasured_target_40_models,extrapolation_model_estimate,0.01156239841,4.364507602,4.387632398,0.02444273694,4.351627263,4.400512737,,,,,
46,45,91,Pd,,,4.37669,0.003560561,40,unmeasured_target_40_models,extrapolation_model_estimate,0.01517915085,4.361510849,4.391869151,0.03166642109,4.345023579,4.408356421,,,,,
46,46,92,Pd,,,4.379966,0.0036690885,40,unmeasured_target_40_models,extrapolation_model_estimate,0.02306365284,4.356902347,4.403029653,0.04967494425,4.330291056,4.429640944,,,,,
46,47,93,Pd,,,4.3730035,0.0032657417,40,unmeasured_target_40_models,extrapolation_model_estimate,0.02414365582,4.348859844,4.397147156,0.05185657405,4.321146926,4.424860074,,,,,
46,48,94,Pd,,,4.381662,0.0021630384,40,unmeasured_target_40_models,extrapolation_model_estimate,0.02096782622,4.360694174,4.402629826,0.04364957196,4.338012428,4.425311572,,,,,
46,49,95,Pd,,,4.3777356,0.0027345472,40,unmeasured_target_40_models,extrapolation_model_estimate,0.01990104522,4.357834555,4.397636645,0.04338025052,4.334355349,4.421115851,,,,,
46,50,96,Pd,,,4.375905,0.0019646226,40,unmeasured_target_40_models,extrapolation_model_estimate,0.01669887155,4.359206128,4.392603872,0.03512191458,4.340783085,4.411026915,,,,,
46,51,97,Pd,,,4.3872747,0.0015067802,40,unmeasured_target_40_models,extrapolation_model_estimate,0.01516827993,4.37210642,4.40244298,0.03208112698,4.355193573,4.419355827,,,,,
46,52,98,Pd,,,4.418558,0.0016359293,40,unmeasured_target_40_models,extrapolation_model_estimate,0.01375158832,4.404806412,4.432309588,0.0289442163,4.389613784,4.447502216,,,,,
46,53,99,Pd,,,4.4202356,0.0014963613,40,unmeasured_target_40_models,extrapolation_model_estimate,0.01055977081,4.409675829,4.430795371,0.02287074883,4.397364851,4.443106349,,,,,
46,54,100,Pd,,,4.4429355,0.0018819268,40,unmeasured_target_40_models,extrapolation_model_estimate,0.01308024262,4.429855257,4.456015743,0.02800303557,4.414932464,4.470938536,,,,,
46,55,101,Pd,,,4.462795,0.0016150525,40,unmeasured_target_40_models,extrapolation_model_estimate,0.01331926105,4.449475739,4.476114261,0.02889852443,4.433896476,4.491693524,,,,,
46,56,102,Pd,4.4827,0.0044,4.4780855,0.00036435234,4,measured_target_oof_4_models,heldout_test_aggregate,0.01440923701,4.463676263,4.492494737,0.0298264404,4.44825906,4.50791194,,,,,
46,57,103,Pd,,,4.4928255,0.002258584,40,unmeasured_target_40_models,extrapolation_model_estimate,0.01217288602,4.480652614,4.504998386,0.02628840526,4.466537095,4.519113905,,,,,
46,58,104,Pd,4.5078,0.0027,4.503848,0.0014011998,4,measured_target_oof_4_models,heldout_test_aggregate,0.01136901593,4.492478984,4.515217016,0.025732445,4.478115555,4.529580445,,,,,
46,59,105,Pd,4.515,0.003,4.5180054,0.00072840124,4,measured_target_oof_4_models,heldout_test_aggregate,0.01158980288,4.506415597,4.529595203,0.02515918729,4.492846213,4.543164587,,,,,
46,60,106,Pd,4.5318,0.0029,4.554556,0.00064329465,4,measured_target_oof_4_models,heldout_test_aggregate,0.0145619414,4.539994059,4.569117941,0.03215997578,4.522396024,4.586715976,,,,,
46,61,107,Pd,,,4.564276,0.0037544132,40,unmeasured_target_40_models,extrapolation_model_estimate,0.01600241388,4.548273586,4.580278414,0.03461432857,4.529661671,4.598890329,,,,,
46,62,108,Pd,4.5563,0.0027,4.576941,0.0005126298,4,measured_target_oof_4_models,heldout_test_aggregate,0.0171309196,4.55981008,4.59407192,0.03742768628,4.539513314,4.614368686,,,,,
46,63,109,Pd,,,4.578416,0.004124644,40,unmeasured_target_40_models,extrapolation_model_estimate,0.01515138682,4.563264613,4.593567387,0.03240478875,4.546011211,4.610820789,,,,,
46,64,110,Pd,4.5782,0.003,4.5789614,0.0006225819,4,measured_target_oof_4_models,heldout_test_aggregate,0.01843277036,4.56052863,4.59739417,0.03868954042,4.54027186,4.61765094,,,,,
46,65,111,Pd,,,4.5900736,0.0026143738,40,unmeasured_target_40_models,extrapolation_model_estimate,0.01513907373,4.574934526,4.605212674,0.0330500401,4.55702356,4.62312364,,,,,
46,66,112,Pd,,,4.5919867,0.0019709987,40,unmeasured_target_40_models,extrapolation_model_estimate,0.01348622263,4.578500477,4.605472923,0.02882555465,4.563161145,4.620812255,,,,,
46,67,113,Pd,,,4.5922556,0.002866412,40,unmeasured_target_40_models,extrapolation_model_estimate,0.01110419477,4.581151405,4.603359795,0.02295950693,4.569296093,4.615215107,,,,,
46,68,114,Pd,,,4.5978374,0.0021044787,40,unmeasured_target_40_models,extrapolation_model_estimate,0.009025655342,4.588811745,4.606863055,0.01890162065,4.578935779,4.616739021,,,,,
46,69,115,Pd,,,4.5996337,0.00218055,40,unmeasured_target_40_models,extrapolation_model_estimate,0.008496709506,4.59113699,4.60813041,0.01663047005,4.58300323,4.61626417,,,,,
46,70,116,Pd,,,4.6072454,0.0024699522,40,unmeasured_target_40_models,extrapolation_model_estimate,0.01321874688,4.594026653,4.620464147,0.02817979434,4.579065606,4.635425194,,,,,
46,71,117,Pd,,,4.602899,0.0024097583,40,unmeasured_target_40_models,extrapolation_model_estimate,0.01449907478,4.588399925,4.617398075,0.03136162652,4.571537373,4.634260627,,,,,
46,72,118,Pd,,,4.6072474,0.0016516744,40,unmeasured_target_40_models,extrapolation_model_estimate,0.01756063355,4.589686766,4.624808034,0.03711147128,4.570135929,4.644358871,,,,,
46,73,119,Pd,,,4.6038527,0.002319276,40,unmeasured_target_40_models,extrapolation_model_estimate,0.01750280117,4.586349899,4.621355501,0.03692721175,4.566925488,4.640779912,,,,,
46,74,120,Pd,,,4.6111097,0.0026928135,40,unmeasured_target_40_models,extrapolation_model_estimate,0.02284368483,4.588266015,4.633953385,0.04901872306,4.562090977,4.660128423,,,,,
46,75,121,Pd,,,4.612244,0.0024470075,40,unmeasured_target_40_models,extrapolation_model_estimate,0.02306459788,4.589179402,4.635308598,0.04871013092,4.563533869,4.660954131,,,,,
46,76,122,Pd,,,4.6141095,0.0026653304,40,unmeasured_target_40_models,extrapolation_model_estimate,0.02314384475,4.590965655,4.637253345,0.05142194974,4.56268755,4.66553145,,,,,
46,77,123,Pd,,,4.614621,0.0022031155,40,unmeasured_target_40_models,extrapolation_model_estimate,0.02314032754,4.591480672,4.637761328,0.0505996383,4.564021362,4.665220638,,,,,
46,78,124,Pd,,,4.6173444,0.0026869653,40,unmeasured_target_40_models,extrapolation_model_estimate,0.02012364868,4.597220751,4.637468049,0.04376707342,4.573577327,4.661111473,,,,,
46,79,125,Pd,,,4.6068726,0.002593351,40,unmeasured_target_40_models,extrapolation_model_estimate,0.01909752304,4.587775077,4.625970123,0.04235122958,4.56452137,4.64922383,,,,,
46,80,126,Pd,,,4.612648,0.0027176088,40,unmeasured_target_40_models,extrapolation_model_estimate,0.02256039522,4.590087605,4.635208395,0.04868061992,4.56396738,4.66132862,,,,,
46,81,127,Pd,,,4.6074953,0.0029101663,40,unmeasured_target_40_models,extrapolation_model_estimate,0.02355394554,4.583941354,4.631049246,0.05027623665,4.557219063,4.657771537,,,,,
46,82,128,Pd,,,4.611839,0.0030514996,40,unmeasured_target_40_models,extrapolation_model_estimate,0.02018474934,4.591654251,4.632023749,0.04345050416,4.568388496,4.655289504,,,,,
46,83,129,Pd,,,4.615734,0.0021635126,40,unmeasured_target_40_models,extrapolation_model_estimate,0.01993742733,4.595796573,4.635671427,0.0431233595,4.57261064,4.65885736,,,,,
46,84,130,Pd,,,4.6374826,0.0029700706,40,unmeasured_target_40_models,extrapolation_model_estimate,0.01877335241,4.618709248,4.656255952,0.0410793438,4.596403256,4.678561944,,,,,
46,85,131,Pd,,,4.648386,0.0020794757,40,unmeasured_target_40_models,extrapolation_model_estimate,0.01662739183,4.631758608,4.665013392,0.03677424721,4.611611753,4.685160247,,,,,
47,45,92,Ag,,,4.379481,0.0032924963,40,unmeasured_target_40_models,extrapolation_model_estimate,0.01573335084,4.363747649,4.395214351,0.03451789029,4.34496311,4.41399889,,,,,
47,46,93,Ag,,,4.3855524,0.0034484693,40,unmeasured_target_40_models,extrapolation_model_estimate,0.02172477357,4.363827626,4.407277174,0.04656331614,4.338989084,4.432115716,,,,,
47,47,94,Ag,,,4.376419,0.0032193833,40,unmeasured_target_40_models,extrapolation_model_estimate,0.0195372499,4.35688175,4.39595625,0.04150125124,4.334917749,4.417920251,,,,,
47,48,95,Ag,,,4.3830943,0.0022525277,40,unmeasured_target_40_models,extrapolation_model_estimate,0.03320390766,4.349890392,4.416298208,0.07109035233,4.312003948,4.454184652,,,,,
47,49,96,Ag,,,4.3810906,0.0032105185,40,unmeasured_target_40_models,extrapolation_model_estimate,0.02943914706,4.351651453,4.410529747,0.0615785052,4.319512095,4.442669105,,,,,
47,50,97,Ag,,,4.3801394,0.0027920122,40,unmeasured_target_40_models,extrapolation_model_estimate,0.02722560129,4.352913799,4.407365001,0.05813685071,4.322002549,4.438276251,,,,,
47,51,98,Ag,,,4.3935847,0.0024065156,40,unmeasured_target_40_models,extrapolation_model_estimate,0.02556909,4.36801561,4.41915379,0.05334269338,4.340242007,4.446927393,,,,,
47,52,99,Ag,,,4.4249706,0.0030240617,40,unmeasured_target_40_models,extrapolation_model_estimate,0.02356134416,4.401409256,4.448531944,0.04970004642,4.375270554,4.474670646,,,,,
47,53,100,Ag,,,4.4285407,0.0025252216,40,unmeasured_target_40_models,extrapolation_model_estimate,0.01538220912,4.413158491,4.443922909,0.03311780568,4.395422894,4.461658506,,,,,
47,54,101,Ag,4.4799,0.0088,4.4421825,0.0020089482,4,measured_target_oof_4_models,heldout_test_aggregate,0.01296692614,4.429215574,4.455149426,0.02768927919,4.414493221,4.469871779,,,,,
47,55,102,Ag,,,4.4710994,0.0028265207,40,unmeasured_target_40_models,extrapolation_model_estimate,0.0184766392,4.452622761,4.489576039,0.03861565923,4.432483741,4.509715059,,,,,
47,56,103,Ag,4.5036,0.0065,4.4808626,0.0010596663,4,measured_target_oof_4_models,heldout_test_aggregate,0.01626682723,4.464595773,4.497129427,0.0337362802,4.44712632,4.51459888,,,,,
47,57,104,Ag,4.5119,0.0058,4.500201,0.00078093103,4,measured_target_oof_4_models,heldout_test_aggregate,0.01532565432,4.484875346,4.515526654,0.03175893424,4.468442066,4.531959934,,,,,
47,58,105,Ag,4.5269,0.0045,4.5077515,0.0005633745,4,measured_target_oof_4_models,heldout_test_aggregate,0.01686164154,4.490889858,4.524613142,0.03697545038,4.47077605,4.54472695,,,,,
47,59,106,Ag,,,4.5255737,0.0026609795,40,unmeasured_target_40_models,extrapolation_model_estimate,0.01539129708,4.510182403,4.540964997,0.03191365241,4.493660048,4.557487352,,,,,
47,60,107,Ag,4.5454,0.0031,4.5500674,0.00087292073,4,measured_target_oof_4_models,heldout_test_aggregate,0.01877031494,4.531297085,4.568837715,0.04016440832,4.509902992,4.590231808,,,,,
47,61,108,Ag,,,4.5726976,0.0049271164,40,unmeasured_target_40_models,extrapolation_model_estimate,0.02002779517,4.552669805,4.592725395,0.04283069193,4.529866908,4.615528292,,,,,
47,62,109,Ag,4.5638,0.0025,4.581537,0.0013273155,4,measured_target_oof_4_models,heldout_test_aggregate,0.02133314708,4.560203853,4.602870147,0.0462835313,4.535253469,4.627820531,,,,,
47,63,110,Ag,,,4.585637,0.0042081415,40,unmeasured_target_40_models,extrapolation_model_estimate,0.02300386136,4.562633139,4.608640861,0.0481810558,4.537455944,4.633818056,,,,,
47,64,111,Ag,,,4.5893927,0.0031084274,40,unmeasured_target_40_models,extrapolation_model_estimate,0.02130046649,4.568092234,4.610693166,0.04408014147,4.545312559,4.633472841,,,,,
47,65,112,Ag,,,4.5981216,0.003857036,40,unmeasured_target_40_models,extrapolation_model_estimate,0.01760528732,4.580516313,4.615726887,0.03705642254,4.561065177,4.635178023,,,,,
47,66,113,Ag,,,4.6014853,0.002716998,40,unmeasured_target_40_models,extrapolation_model_estimate,0.0143446891,4.587140611,4.615829989,0.03075622965,4.57072907,4.63224153,,,,,
47,67,114,Ag,,,4.60278,0.0024696975,40,unmeasured_target_40_models,extrapolation_model_estimate,0.01404216492,4.588737835,4.616822165,0.02959122492,4.573188775,4.632371225,,,,,
47,68,115,Ag,,,4.609723,0.0023943123,40,unmeasured_target_40_models,extrapolation_model_estimate,0.01367568608,4.596047314,4.623398686,0.0293414176,4.580381582,4.639064418,,,,,
47,69,116,Ag,,,4.612603,0.0025577203,40,unmeasured_target_40_models,extrapolation_model_estimate,0.0105480058,4.602054994,4.623151006,0.02269812659,4.589904873,4.635301127,,,,,
47,70,117,Ag,,,4.6172533,0.002781772,40,unmeasured_target_40_models,extrapolation_model_estimate,0.008704095827,4.608549204,4.625957396,0.01863785708,4.598615443,4.635891157,,,,,
47,71,118,Ag,,,4.612937,0.002504448,40,unmeasured_target_40_models,extrapolation_model_estimate,0.009771127679,4.603165872,4.622708128,0.02031393993,4.59262306,4.63325094,,,,,
47,72,119,Ag,,,4.6176267,0.0018896231,40,unmeasured_target_40_models,extrapolation_model_estimate,0.01531325101,4.602313449,4.632939951,0.03241073997,4.58521596,4.65003744,,,,,
47,73,120,Ag,,,4.6166267,0.002508367,40,unmeasured_target_40_models,extrapolation_model_estimate,0.01631473297,4.600311967,4.632941433,0.03420870608,4.582417994,4.650835406,,,,,
47,74,121,Ag,,,4.624147,0.0025433414,40,unmeasured_target_40_models,extrapolation_model_estimate,0.0205267349,4.603620265,4.644673735,0.043632608,4.580514392,4.667779608,,,,,
47,75,122,Ag,,,4.6243696,0.0022283595,40,unmeasured_target_40_models,extrapolation_model_estimate,0.02298007213,4.601389528,4.647349672,0.04851197378,4.575857626,4.672881574,,,,,
47,76,123,Ag,,,4.628577,0.0028396577,40,unmeasured_target_40_models,extrapolation_model_estimate,0.02619229858,4.602384701,4.654769299,0.05703610651,4.571540893,4.685613107,,,,,
47,77,124,Ag,,,4.6281147,0.002375865,40,unmeasured_target_40_models,extrapolation_model_estimate,0.02405222855,4.604062471,4.652166929,0.0509932952,4.577121405,4.679107995,,,,,
47,78,125,Ag,,,4.6305213,0.002592868,40,unmeasured_target_40_models,extrapolation_model_estimate,0.02313650578,4.607384794,4.653657806,0.04968014069,4.580841159,4.680201441,,,,,
47,79,126,Ag,,,4.619235,0.0025339655,40,unmeasured_target_40_models,extrapolation_model_estimate,0.02517106283,4.594063937,4.644406063,0.05402455532,4.565210445,4.673259555,,,,,
47,80,127,Ag,,,4.6281977,0.0020176985,40,unmeasured_target_40_models,extrapolation_model_estimate,0.02581404732,4.602383653,4.654011747,0.05648532558,4.571712374,4.684683026,,,,,
47,81,128,Ag,,,4.6216288,0.0030022308,40,unmeasured_target_40_models,extrapolation_model_estimate,0.02697786268,4.594650937,4.648606663,0.05823063305,4.563398167,4.679859433,,,,,
47,82,129,Ag,,,4.625549,0.0026039216,40,unmeasured_target_40_models,extrapolation_model_estimate,0.02518018778,4.600368812,4.650729188,0.05725552854,4.568293471,4.682804529,,,,,
47,83,130,Ag,,,4.6322036,0.0019346484,40,unmeasured_target_40_models,extrapolation_model_estimate,0.02233539819,4.609868202,4.654538998,0.04801174212,4.584191858,4.680215342,,,,,
47,84,131,Ag,,,4.653616,0.0028600919,40,unmeasured_target_40_models,extrapolation_model_estimate,0.0217392104,4.63187679,4.67535521,0.04681834794,4.606797652,4.700434348,,,,,
47,85,132,Ag,,,4.6637964,0.0023149615,40,unmeasured_target_40_models,extrapolation_model_estimate,0.01872408434,4.645072316,4.682520484,0.04274960389,4.621046796,4.706546004,,,,,
48,46,94,Cd,,,4.388733,0.002968445,40,unmeasured_target_40_models,extrapolation_model_estimate,0.01640760014,4.3723254,4.4051406,0.0359386942,4.352794306,4.424671694,,,,,
48,47,95,Cd,,,4.381941,0.0024665939,40,unmeasured_target_40_models,extrapolation_model_estimate,0.02132217022,4.36061883,4.40326317,0.04804971636,4.333891284,4.429990716,,,,,
48,48,96,Cd,,,4.3913093,0.0016836702,40,unmeasured_target_40_models,extrapolation_model_estimate,0.02422792456,4.367081375,4.415537225,0.0542195334,4.337089767,4.445528833,,,,,
48,49,97,Cd,,,4.3874173,0.0020116747,40,unmeasured_target_40_models,extrapolation_model_estimate,0.0271037558,4.360313544,4.414521056,0.05710619613,4.330311104,4.444523496,,,,,
48,50,98,Cd,,,4.3870044,0.002383994,40,unmeasured_target_40_models,extrapolation_model_estimate,0.02590879589,4.361095604,4.412913196,0.05595516979,4.33104923,4.44295957,,,,,
48,51,99,Cd,,,4.400148,0.0014318519,40,unmeasured_target_40_models,extrapolation_model_estimate,0.02453514,4.37561286,4.42468314,0.0528466968,4.347301303,4.452994697,,,,,
48,52,100,Cd,,,4.432102,0.0015717737,40,unmeasured_target_40_models,extrapolation_model_estimate,0.0272229374,4.404879063,4.459324937,0.05887668463,4.373225315,4.490978685,,,,,
48,53,101,Cd,,,4.4364567,0.0017450954,40,unmeasured_target_40_models,extrapolation_model_estimate,0.02076427311,4.415692427,4.457220973,0.04454484868,4.391911851,4.481001549,,,,,
48,54,102,Cd,4.481,0.0122,4.4564443,0.0014170093,4,measured_target_oof_4_models,heldout_test_aggregate,0.01430566167,4.442138638,4.470749962,0.02796059857,4.428483701,4.484404899,,,,,
48,55,103,Cd,4.4951,0.0105,4.4784045,0.00061947823,4,measured_target_oof_4_models,heldout_test_aggregate,0.01689291179,4.461511588,4.495297412,0.03651201473,4.441892485,4.514916515,,,,,
48,56,104,Cd,4.5122,0.0083,4.4935174,0.0008642545,4,measured_target_oof_4_models,heldout_test_aggregate,0.01524577561,4.478271624,4.508763176,0.03475036211,4.458767038,4.528267762,,,,,
48,57,105,Cd,4.5216,0.007,4.5138016,0.0008330955,4,measured_target_oof_4_models,heldout_test_aggregate,0.01693322444,4.496868376,4.530734824,0.03614156698,4.477660033,4.549943167,,,,,
48,58,106,Cd,4.5383,0.0036,4.523709,0.00072236697,4,measured_target_oof_4_models,heldout_test_aggregate,0.01525227888,4.508456721,4.538961279,0.03306675392,4.490642246,4.556775754,,,,,
48,59,107,Cd,4.5466,0.0039,4.537337,0.0011782709,4,measured_target_oof_4_models,heldout_test_aggregate,0.01475852017,4.52257848,4.55209552,0.03105523829,4.506281762,4.568392238,,,,,
48,60,108,Cd,4.5577,0.0031,4.5694237,0.0005718877,4,measured_target_oof_4_models,heldout_test_aggregate,0.01674670944,4.552676991,4.586170409,0.03999543218,4.529428268,4.609419132,,,,,
48,61,109,Cd,4.5601,0.0035,4.587926,0.0014805391,4,measured_target_oof_4_models,heldout_test_aggregate,0.0156778325,4.572248167,4.603603833,0.03278097434,4.555145026,4.620706974,,,,,
48,62,110,Cd,4.5765,0.0026,4.589173,0.0010292045,4,measured_target_oof_4_models,heldout_test_aggregate,0.01891959229,4.570253408,4.608092592,0.04199149184,4.547181508,4.631164492,,,,,
48,63,111,Cd,4.5845,0.0058,4.5976896,0.0012964702,4,measured_target_oof_4_models,heldout_test_aggregate,0.02023233969,4.57745726,4.61792194,0.04074124048,4.55694836,4.63843084,,,,,
48,64,112,Cd,4.5944,0.0024,4.600669,0.001060068,4,measured_target_oof_4_models,heldout_test_aggregate,0.01891899822,4.581750002,4.619587998,0.04144630789,4.559222692,4.642115308,,,,,
48,65,113,Cd,4.6012,0.0028,4.609305,0.0013614078,4,measured_target_oof_4_models,heldout_test_aggregate,0.02163001589,4.587674984,4.630935016,0.04554815338,4.563756847,4.654853153,,,,,
48,66,114,Cd,4.6087,0.0023,4.611252,0.00073433307,4,measured_target_oof_4_models,heldout_test_aggregate,0.017690292,4.593561708,4.628942292,0.03860245678,4.572649543,4.649854457,,,,,
48,67,115,Cd,4.6114,0.0046,4.614366,0.0010119637,4,measured_target_oof_4_models,heldout_test_aggregate,0.01522119211,4.599144808,4.629587192,0.0310483418,4.583317658,4.645414342,,,,,
48,68,116,Cd,4.6203,0.0059,4.618319,0.00046246982,4,measured_target_oof_4_models,heldout_test_aggregate,0.01462737726,4.603691623,4.632946377,0.02973519314,4.588583807,4.648054193,,,,,
48,69,117,Cd,4.6136,0.0025,4.62365,0.00065444264,4,measured_target_oof_4_models,heldout_test_aggregate,0.01104665629,4.612603344,4.634696656,0.02430135833,4.599348642,4.647951358,,,,,
48,70,118,Cd,4.6246,0.006,4.632121,0.0011041377,4,measured_target_oof_4_models,heldout_test_aggregate,0.01181224499,4.620308755,4.643933245,0.02573218228,4.606388818,4.657853182,,,,,
48,71,119,Cd,,,4.6249866,0.0016735438,40,unmeasured_target_40_models,extrapolation_model_estimate,0.007725706391,4.617260894,4.632712306,0.01638342586,4.608603174,4.641370026,,,,,
48,72,120,Cd,4.63,0.0069,4.62857,0.0007433174,4,measured_target_oof_4_models,heldout_test_aggregate,0.007321234523,4.621248765,4.635891235,0.01474122468,4.613828775,4.643311225,,,,,
48,73,121,Cd,,,4.6260276,0.0018032794,40,unmeasured_target_40_models,extrapolation_model_estimate,0.008877341804,4.617150258,4.634904942,0.01892733338,4.607100267,4.644954933,,,,,
48,74,122,Cd,,,4.635323,0.0015805634,40,unmeasured_target_40_models,extrapolation_model_estimate,0.0156156323,4.619707368,4.650938632,0.03253679013,4.60278621,4.66785979,,,,,
48,75,123,Cd,,,4.6334033,0.0013307012,40,unmeasured_target_40_models,extrapolation_model_estimate,0.0187987042,4.614604596,4.652202004,0.04017518779,4.593228112,4.673578488,,,,,
48,76,124,Cd,,,4.6381807,0.0014976993,40,unmeasured_target_40_models,extrapolation_model_estimate,0.0196529603,4.61852774,4.65783366,0.0423292349,4.595851465,4.680509935,,,,,
48,77,125,Cd,,,4.63663,0.001459453,40,unmeasured_target_40_models,extrapolation_model_estimate,0.02095687646,4.615673124,4.657586876,0.04467381736,4.591956183,4.681303817,,,,,
48,78,126,Cd,,,4.6415553,0.002190693,40,unmeasured_target_40_models,extrapolation_model_estimate,0.02645719097,4.615098109,4.668012491,0.0568087989,4.584746501,4.698364099,,,,,
48,79,127,Cd,,,4.6285386,0.0019294447,40,unmeasured_target_40_models,extrapolation_model_estimate,0.02558181495,4.602956785,4.654120415,0.05698255254,4.571556047,4.685521153,,,,,
48,80,128,Cd,,,4.636512,0.0023006743,40,unmeasured_target_40_models,extrapolation_model_estimate,0.02805044736,4.608461553,4.664562447,0.06114960911,4.575362391,4.697661609,,,,,
48,81,129,Cd,,,4.628777,0.0025573755,40,unmeasured_target_40_models,extrapolation_model_estimate,0.02641333145,4.602363669,4.655190331,0.05773877857,4.571038221,4.686515779,,,,,
48,82,130,Cd,,,4.6322494,0.0029935713,40,unmeasured_target_40_models,extrapolation_model_estimate,0.02492268179,4.607326718,4.657172082,0.05450357344,4.577745827,4.686752973,,,,,
48,83,131,Cd,,,4.639016,0.0017871275,40,unmeasured_target_40_models,extrapolation_model_estimate,0.02546089366,4.613555106,4.664476894,0.05477386284,4.584242137,4.693789863,,,,,
48,84,132,Cd,,,4.6623554,0.0023721857,40,unmeasured_target_40_models,extrapolation_model_estimate,0.02145982072,4.640895579,4.683815221,0.04496308748,4.617392313,4.707318487,,,,,
48,85,133,Cd,,,4.6742578,0.0017493076,40,unmeasured_target_40_models,extrapolation_model_estimate,0.01835317943,4.655904621,4.692610979,0.04062733184,4.633630468,4.714885132,,,,,
48,86,134,Cd,,,4.6898923,0.0019943316,40,unmeasured_target_40_models,extrapolation_model_estimate,0.01859812553,4.671294174,4.708490426,0.04031061711,4.649581683,4.730202917,,,,,
49,47,96,In,,,4.390616,0.0029985912,40,unmeasured_target_40_models,extrapolation_model_estimate,0.01670235242,4.373913648,4.407318352,0.03433202492,4.356283975,4.424948025,,,,,
49,48,97,In,,,4.40191,0.0028062635,40,unmeasured_target_40_models,extrapolation_model_estimate,0.02399317417,4.377916826,4.425903174,0.05303896365,4.348871036,4.454948964,,,,,
49,49,98,In,,,4.3987164,0.0025856567,40,unmeasured_target_40_models,extrapolation_model_estimate,0.02301699968,4.3756994,4.4217334,0.04914457693,4.349571823,4.447860977,,,,,
49,50,99,In,,,4.4017377,0.0026986888,40,unmeasured_target_40_models,extrapolation_model_estimate,0.01966205853,4.382075641,4.421399759,0.04195179052,4.359785909,4.443689491,,,,,
49,51,100,In,,,4.4131308,0.0021606935,40,unmeasured_target_40_models,extrapolation_model_estimate,0.02549485749,4.387635943,4.438625657,0.05531121952,4.35781958,4.46844202,,,,,
49,52,101,In,,,4.4471526,0.0024858566,40,unmeasured_target_40_models,extrapolation_model_estimate,0.03105366975,4.41609893,4.47820627,0.06736735279,4.379785247,4.514519953,,,,,
49,53,102,In,,,4.451604,0.0023686523,40,unmeasured_target_40_models,extrapolation_model_estimate,0.02457090987,4.42703309,4.47617491,0.05413578031,4.39746822,4.50573978,,,,,
49,54,103,In,,,4.4749627,0.0025764622,40,unmeasured_target_40_models,extrapolation_model_estimate,0.0284884781,4.446474222,4.503451178,0.0624217039,4.412540996,4.537384404,,,,,
49,55,104,In,4.5184,0.0117,4.488899,0.0013148092,4,measured_target_oof_4_models,heldout_test_aggregate,0.02146147017,4.46743753,4.51036047,0.04511625203,4.443782748,4.534015252,,,,,
49,56,105,In,4.5311,0.0103,4.5084558,0.0004996318,4,measured_target_oof_4_models,heldout_test_aggregate,0.01814920615,4.490306594,4.526605006,0.04091648501,4.467539315,4.549372285,,,,,
49,57,106,In,4.5375,0.0095,4.5251184,0.00041610945,4,measured_target_oof_4_models,heldout_test_aggregate,0.01631635611,4.508802044,4.541434756,0.03464853421,4.490469866,4.559766934,,,,,
49,58,107,In,4.5494,0.0082,4.5364537,0.0010474961,4,measured_target_oof_4_models,heldout_test_aggregate,0.01775726714,4.518696433,4.554210967,0.03882523256,4.497628467,4.575278933,,,,,
49,59,108,In,4.5571,0.0071,4.55332,0.0010046675,4,measured_target_oof_4_models,heldout_test_aggregate,0.01898217785,4.534337822,4.572302178,0.0406173796,4.51270262,4.59393738,,,,,
49,60,109,In,4.5685,0.0061,4.5890226,0.0013168246,4,measured_target_oof_4_models,heldout_test_aggregate,0.02027830125,4.568744299,4.609300901,0.04459307857,4.544429521,4.633615679,,,,,
49,61,110,In,4.5742,0.0056,4.604493,0.001336793,4,measured_target_oof_4_models,heldout_test_aggregate,0.01929430959,4.58519869,4.62378731,0.04006185335,4.564431147,4.644554853,,,,,
49,62,111,In,4.5856,0.0044,4.6137633,0.00043522514,4,measured_target_oof_4_models,heldout_test_aggregate,0.01914667389,4.594616626,4.632909974,0.04092748154,4.572835818,4.654690782,,,,,
49,63,112,In,4.5907,0.0041,4.6020317,0.0009726581,4,measured_target_oof_4_models,heldout_test_aggregate,0.021222491,4.580809209,4.623254191,0.04625097517,4.555780725,4.648282675,,,,,
49,64,113,In,4.601,0.0031,4.619549,0.0010326013,4,measured_target_oof_4_models,heldout_test_aggregate,0.02064803792,4.598900962,4.640197038,0.04472498005,4.57482402,4.66427398,,,,,
49,65,114,In,4.6056,0.0029,4.628595,0.0008608838,4,measured_target_oof_4_models,heldout_test_aggregate,0.02147425026,4.60712075,4.65006925,0.04541791781,4.583177082,4.674012918,,,,,
49,66,115,In,4.6156,0.0026,4.628791,0.00079695584,4,measured_target_oof_4_models,heldout_test_aggregate,0.01651538564,4.612275614,4.645306386,0.03528382505,4.593507175,4.664074825,,,,,
49,67,116,In,4.6211,0.0027,4.6287637,0.0011426464,4,measured_target_oof_4_models,heldout_test_aggregate,0.01781098864,4.610952711,4.646574689,0.03663738939,4.592126311,4.665401089,,,,,
49,68,117,In,4.6292,0.0032,4.635838,0.00046532016,4,measured_target_oof_4_models,heldout_test_aggregate,0.01233435329,4.623503647,4.648172353,0.02439174557,4.611446254,4.660229746,,,,,
49,69,118,In,4.6335,0.0033,4.638833,0.00058450503,4,measured_target_oof_4_models,heldout_test_aggregate,0.01322559465,4.625607405,4.652058595,0.02729795718,4.611535043,4.666130957,,,,,
49,70,119,In,4.6407,0.004,4.6463323,0.001016556,4,measured_target_oof_4_models,heldout_test_aggregate,0.01533364561,4.630998654,4.661665946,0.0316373666,4.614694933,4.677969667,,,,,
49,71,120,In,4.6443,0.0042,4.641786,0.0009882584,4,measured_target_oof_4_models,heldout_test_aggregate,0.01388079946,4.627905201,4.655666799,0.03137430458,4.610411695,4.673160305,,,,,
49,72,121,In,4.6505,0.0047,4.6472936,0.0006416697,4,measured_target_oof_4_models,heldout_test_aggregate,0.009656290753,4.637637309,4.656949891,0.02032251236,4.626971088,4.667616112,,,,,
49,73,122,In,4.6534,0.0051,4.6444016,0.0012218128,4,measured_target_oof_4_models,heldout_test_aggregate,0.00569077242,4.638710828,4.650092372,0.01245636216,4.631945238,4.656857962,,,,,
49,74,123,In,4.6594,0.0056,4.6538563,0.0011191654,4,measured_target_oof_4_models,heldout_test_aggregate,0.008791179539,4.64506512,4.66264748,0.01790520807,4.635951092,4.671761508,,,,,
49,75,124,In,4.6625,0.006,4.6492248,0.00076253514,4,measured_target_oof_4_models,heldout_test_aggregate,0.01227894283,4.636945857,4.661503743,0.02334218358,4.625882616,4.672566984,,,,,
49,76,125,In,4.667,0.0064,4.6563425,0.0004038503,4,measured_target_oof_4_models,heldout_test_aggregate,0.01863095715,4.637711543,4.674973457,0.04054227581,4.615800224,4.696884776,,,,,
49,77,126,In,4.6702,0.0068,4.653884,0.0006217155,4,measured_target_oof_4_models,heldout_test_aggregate,0.02053468989,4.63334931,4.67441869,0.04293387324,4.610950127,4.696817873,,,,,
49,78,127,In,4.6733,0.0071,4.652337,0.00058689236,4,measured_target_oof_4_models,heldout_test_aggregate,0.02215663803,4.630180362,4.674493638,0.04605970705,4.606277293,4.698396707,,,,,
49,79,128,In,,,4.645721,0.0018882392,40,unmeasured_target_40_models,extrapolation_model_estimate,0.03052014505,4.615200855,4.676241145,0.06566728036,4.58005372,4.71138828,,,,,
49,80,129,In,,,4.6543303,0.0024878962,40,unmeasured_target_40_models,extrapolation_model_estimate,0.03163782495,4.622692475,4.685968125,0.06957628189,4.584754018,4.723906582,,,,,
49,81,130,In,,,4.647351,0.0031684004,40,unmeasured_target_40_models,extrapolation_model_estimate,0.03291519077,4.614435809,4.680266191,0.07051957782,4.576831422,4.717870578,,,,,
49,82,131,In,,,4.6502943,0.0022148972,40,unmeasured_target_40_models,extrapolation_model_estimate,0.0316391314,4.618655169,4.681933431,0.06913755032,4.58115675,4.71943185,,,,,
49,83,132,In,,,4.6581235,0.0019885218,40,unmeasured_target_40_models,extrapolation_model_estimate,0.02697786268,4.631145637,4.685101363,0.05904163436,4.599081866,4.717165134,,,,,
49,84,133,In,,,4.6809454,0.001961165,40,unmeasured_target_40_models,extrapolation_model_estimate,0.02627822751,4.654667172,4.707223628,0.05869109892,4.622254301,4.739636499,,,,,
49,85,134,In,,,4.6917825,0.0017573627,40,unmeasured_target_40_models,extrapolation_model_estimate,0.0211745537,4.670607946,4.712957054,0.04687451479,4.644907985,4.738657015,,,,,
49,86,135,In,,,4.707549,0.0012611332,40,unmeasured_target_40_models,extrapolation_model_estimate,0.02032381223,4.687225188,4.727872812,0.04634415023,4.66120485,4.75389315,,,,,
49,87,136,In,,,4.7131557,0.0023989007,40,unmeasured_target_40_models,extrapolation_model_estimate,0.01905672786,4.694098972,4.732212428,0.04080216244,4.672353538,4.753957862,,,,,
49,88,137,In,,,4.7333045,0.0018637339,40,unmeasured_target_40_models,extrapolation_model_estimate,0.01965137325,4.713653127,4.752955873,0.04175632996,4.69154817,4.77506083,,,,,
50,49,99,Sn,,,4.406708,0.0030171063,40,unmeasured_target_40_models,extrapolation_model_estimate,0.01548664778,4.391221352,4.422194648,0.03328435707,4.373423643,4.439992357,,,,,
50,50,100,Sn,,,4.4121723,0.00347528,40,unmeasured_target_40_models,extrapolation_model_estimate,0.01709623123,4.395076069,4.429268531,0.03696347453,4.375208825,4.449135775,,,,,
50,51,101,Sn,,,4.4237747,0.0026909818,40,unmeasured_target_40_models,extrapolation_model_estimate,0.0160384329,4.407736267,4.439813133,0.03454899411,4.389225706,4.458323694,,,,,
50,52,102,Sn,,,4.4567227,0.002555239,40,unmeasured_target_40_models,extrapolation_model_estimate,0.01927557523,4.437447125,4.475998275,0.04283077652,4.413891923,4.499553477,,,,,
50,53,103,Sn,,,4.4601364,0.0030401729,40,unmeasured_target_40_models,extrapolation_model_estimate,0.02032894882,4.439807451,4.480465349,0.04519317154,4.414943228,4.505329572,,,,,
50,54,104,Sn,,,4.4838877,0.0027956204,40,unmeasured_target_40_models,extrapolation_model_estimate,0.02031688321,4.463570817,4.504204583,0.04330115866,4.440586541,4.527188859,,,,,
50,55,105,Sn,,,4.5073695,0.0030631148,40,unmeasured_target_40_models,extrapolation_model_estimate,0.02309932096,4.484270179,4.530468821,0.04992099369,4.457448506,4.557290494,,,,,
50,56,106,Sn,,,4.5219617,0.0021969462,40,unmeasured_target_40_models,extrapolation_model_estimate,0.02411360121,4.497848099,4.546075301,0.05162414902,4.470337551,4.573585849,,,,,
50,57,107,Sn,,,4.541005,0.0018448895,40,unmeasured_target_40_models,extrapolation_model_estimate,0.02036277385,4.520642226,4.561367774,0.04449804197,4.496506958,4.585503042,,,,,
50,58,108,Sn,4.5605,0.0029,4.551262,0.00050889683,4,measured_target_oof_4_models,heldout_test_aggregate,0.01896820675,4.532293793,4.570230207,0.03904866969,4.51221333,4.59031067,,,,,
50,59,109,Sn,4.5679,0.0027,4.5628858,0.002016442,4,measured_target_oof_4_models,heldout_test_aggregate,0.01813260469,4.544753195,4.581018405,0.03912293195,4.523762868,4.602008732,,,,,
50,60,110,Sn,4.5785,0.0025,4.600251,0.0019388031,4,measured_target_oof_4_models,heldout_test_aggregate,0.0235697074,4.576681293,4.623820707,0.04755706609,4.552693934,4.647808066,,,,,
50,61,111,Sn,4.5836,0.0024,4.621347,0.0003671876,4,measured_target_oof_4_models,heldout_test_aggregate,0.02191760289,4.599429397,4.643264603,0.04641622306,4.574930777,4.667763223,,,,,
50,62,112,Sn,4.5948,0.0022,4.6285496,0.0003026207,4,measured_target_oof_4_models,heldout_test_aggregate,0.02137318227,4.607176418,4.649922782,0.04645815188,4.582091448,4.675007752,,,,,
50,63,113,Sn,4.6015,0.0021,4.630099,0.0009617246,4,measured_target_oof_4_models,heldout_test_aggregate,0.02061555344,4.609483447,4.650714553,0.04126977228,4.588829228,4.671368772,,,,,
50,64,114,Sn,4.6099,0.002,4.633848,0.0010364474,4,measured_target_oof_4_models,heldout_test_aggregate,0.01767548233,4.616172518,4.651523482,0.03774881169,4.596099188,4.671596812,,,,,
50,65,115,Sn,4.6148,0.0019,4.6418695,0.0016938586,4,measured_target_oof_4_models,heldout_test_aggregate,0.01748640058,4.624383099,4.659355901,0.03898178917,4.602887711,4.680851289,,,,,
50,66,116,Sn,4.625,0.0019,4.641195,0.0009602051,4,measured_target_oof_4_models,heldout_test_aggregate,0.01749666271,4.623698337,4.658691663,0.03638725702,4.604807743,4.677582257,,,,,
50,67,117,Sn,4.6302,0.0019,4.6456594,0.0014256763,4,measured_target_oof_4_models,heldout_test_aggregate,0.01499133114,4.630668069,4.660650731,0.03012535824,4.615534042,4.675784758,,,,,
50,68,118,Sn,4.6393,0.0019,4.6566114,0.0006694818,4,measured_target_oof_4_models,heldout_test_aggregate,0.01568318156,4.640928218,4.672294582,0.03272107446,4.623890326,4.689332474,,,,,
50,69,119,Sn,4.6438,0.002,4.653806,0.0014041151,4,measured_target_oof_4_models,heldout_test_aggregate,0.01484557353,4.638960426,4.668651574,0.0321249161,4.621681084,4.685930916,,,,,
50,70,120,Sn,4.6519,0.0021,4.665842,0.0012539435,4,measured_target_oof_4_models,heldout_test_aggregate,0.01394863261,4.651893367,4.679790633,0.02830769217,4.637534308,4.694149692,,,,,
50,71,121,Sn,4.6566,0.0021,4.6585,0.0008383619,4,measured_target_oof_4_models,heldout_test_aggregate,0.01233566807,4.646164332,4.670835668,0.02638806535,4.632111935,4.684888065,,,,,
50,72,122,Sn,4.6634,0.0022,4.6626167,0.0011783377,4,measured_target_oof_4_models,heldout_test_aggregate,0.01172006689,4.650896633,4.674336767,0.02599786022,4.63661884,4.68861456,,,,,
50,73,123,Sn,4.6665,0.0023,4.661665,0.00084700977,4,measured_target_oof_4_models,heldout_test_aggregate,0.008029500159,4.6536355,4.6696945,0.01768709253,4.643977907,4.679352093,,,,,
50,74,124,Sn,4.6735,0.0023,4.673147,0.0005005187,4,measured_target_oof_4_models,heldout_test_aggregate,0.01089042488,4.662256575,4.684037425,0.02184192588,4.651305074,4.694988926,,,,,
50,75,125,Sn,4.6765,0.0026,4.6702676,0.00025209654,4,measured_target_oof_4_models,heldout_test_aggregate,0.006881416176,4.663386184,4.677149016,0.01466425422,4.655603346,4.684931854,,,,,
50,76,126,Sn,4.6833,0.0043,4.675992,0.0011845237,4,measured_target_oof_4_models,heldout_test_aggregate,0.01219762814,4.663794372,4.688189628,0.02614191562,4.649850084,4.702133916,,,,,
50,77,127,Sn,4.6867,0.0048,4.6748743,0.0002862359,4,measured_target_oof_4_models,heldout_test_aggregate,0.01779062356,4.657083676,4.692664924,0.03981501152,4.635059288,4.714689312,,,,,
50,78,128,Sn,4.6921,0.0054,4.672238,0.00060243264,4,measured_target_oof_4_models,heldout_test_aggregate,0.01897091891,4.653267081,4.691208919,0.04020710814,4.632030892,4.712445108,,,,,
50,79,129,Sn,4.6934,0.0058,4.665845,0.0016162664,4,measured_target_oof_4_models,heldout_test_aggregate,0.01895296231,4.646892038,4.684797962,0.03693511905,4.628909881,4.702780119,,,,,
50,80,130,Sn,4.7019,0.0066,4.673484,0.0009102389,4,measured_target_oof_4_models,heldout_test_aggregate,0.02698748829,4.646496512,4.700471488,0.05658534498,4.616898655,4.730069345,,,,,
50,81,131,Sn,4.7078,0.0073,4.6625795,0.0009919578,4,measured_target_oof_4_models,heldout_test_aggregate,0.02661924641,4.635960254,4.689198746,0.05740707363,4.605172426,4.719986574,,,,,
50,82,132,Sn,4.7093,0.0076,4.6661882,0.0012675372,4,measured_target_oof_4_models,heldout_test_aggregate,0.0241142456,4.642073954,4.690302446,0.04784316633,4.618345034,4.714031366,,,,,
50,83,133,Sn,,,4.6811213,0.002632143,40,unmeasured_target_40_models,extrapolation_model_estimate,0.03272604762,4.648395252,4.713847348,0.07324729379,4.607874006,4.754368594,,,,,
50,84,134,Sn,,,4.7053394,0.0023927775,40,unmeasured_target_40_models,extrapolation_model_estimate,0.02947242092,4.675866979,4.734811821,0.0635802813,4.641759119,4.768919681,,,,,
50,85,135,Sn,,,4.713863,0.002589474,40,unmeasured_target_40_models,extrapolation_model_estimate,0.02324081483,4.690622185,4.737103815,0.05101784569,4.662845154,4.764880846,,,,,
50,86,136,Sn,,,4.7295465,0.0018898782,40,unmeasured_target_40_models,extrapolation_model_estimate,0.02076428791,4.708782212,4.750310788,0.04536136135,4.684185139,4.774907861,,,,,
50,87,137,Sn,,,4.7353067,0.002716581,40,unmeasured_target_40_models,extrapolation_model_estimate,0.02021833115,4.715088369,4.755525031,0.04285068131,4.692456019,4.778157381,,,,,
50,88,138,Sn,,,4.7555804,0.002232743,40,unmeasured_target_40_models,extrapolation_model_estimate,0.01957556898,4.736004831,4.775155969,0.04228502457,4.713295375,4.797865425,,,,,
50,89,139,Sn,,,4.7742095,0.0019935758,40,unmeasured_target_40_models,extrapolation_model_estimate,0.01791905602,4.756290444,4.792128556,0.03823103443,4.735978466,4.812440534,,,,,
50,90,140,Sn,,,4.7876267,0.0021402084,40,unmeasured_target_40_models,extrapolation_model_estimate,0.01752184971,4.77010485,4.80514855,0.03809684451,4.749529855,4.825723545,,,,,
51,52,103,Sb,,,4.4984174,0.00397181,40,unmeasured_target_40_models,extrapolation_model_estimate,0.0242576986,4.474159701,4.522675099,0.05233485431,4.446082546,4.550752254,,,,,
51,53,104,Sb,,,4.503962,0.003926893,40,unmeasured_target_40_models,extrapolation_model_estimate,0.02039486811,4.483567132,4.524356868,0.04456147297,4.459400527,4.548523473,,,,,
51,54,105,Sb,,,4.5274057,0.00406844,40,unmeasured_target_40_models,extrapolation_model_estimate,0.03257253643,4.494833164,4.559978236,0.06978999319,4.457615707,4.597195693,,,,,
51,55,106,Sb,,,4.549907,0.0040018833,40,unmeasured_target_40_models,extrapolation_model_estimate,0.03426866209,4.515638338,4.584175662,0.07378133458,4.476125665,4.623688335,,,,,
51,56,107,Sb,,,4.5638947,0.0034952569,40,unmeasured_target_40_models,extrapolation_model_estimate,0.03224218194,4.531652518,4.596136882,0.07159155639,4.492303144,4.635486256,,,,,
51,57,108,Sb,,,4.586068,0.003140332,40,unmeasured_target_40_models,extrapolation_model_estimate,0.03109027671,4.554977723,4.617158277,0.06539391316,4.520674087,4.651461913,,,,,
51,58,109,Sb,,,4.5930057,0.0038325763,40,unmeasured_target_40_models,extrapolation_model_estimate,0.02246505561,4.570540644,4.615470756,0.04736421671,4.545641483,4.640369917,,,,,
51,59,110,Sb,,,4.604707,0.0034070313,40,unmeasured_target_40_models,extrapolation_model_estimate,0.01775886947,4.586948131,4.622465869,0.03754985723,4.567157143,4.642256857,,,,,
51,60,111,Sb,,,4.641572,0.0030588543,40,unmeasured_target_40_models,extrapolation_model_estimate,0.02577749176,4.615794508,4.667349492,0.05468922796,4.586882772,4.696261228,,,,,
51,61,112,Sb,,,4.6612234,0.0042273807,40,unmeasured_target_40_models,extrapolation_model_estimate,0.02602806066,4.635195339,4.687251461,0.05418618089,4.607037219,4.715409581,,,,,
51,62,113,Sb,,,4.6678243,0.004316766,40,unmeasured_target_40_models,extrapolation_model_estimate,0.02432550816,4.643498792,4.692149808,0.05198965335,4.615834647,4.719813953,,,,,
51,63,114,Sb,,,4.6731343,0.004795277,40,unmeasured_target_40_models,extrapolation_model_estimate,0.02356696415,4.649567336,4.696701264,0.04906719546,4.624067105,4.722201495,,,,,
51,64,115,Sb,,,4.673127,0.0040773773,40,unmeasured_target_40_models,extrapolation_model_estimate,0.02289945332,4.650227547,4.696026453,0.0479207653,4.625206235,4.721047765,,,,,
51,65,116,Sb,,,4.6838064,0.004498903,40,unmeasured_target_40_models,extrapolation_model_estimate,0.02266473266,4.661141667,4.706471133,0.04816999463,4.635636405,4.731976395,,,,,
51,66,117,Sb,,,4.6850853,0.0028551132,40,unmeasured_target_40_models,extrapolation_model_estimate,0.01763022264,4.667455077,4.702715523,0.03828188383,4.646803416,4.723367184,,,,,
51,67,118,Sb,,,4.6852884,0.00291485,40,unmeasured_target_40_models,extrapolation_model_estimate,0.01592430274,4.669364097,4.701212703,0.03458818543,4.650700215,4.719876585,,,,,
51,68,119,Sb,,,4.6946816,0.0035961973,40,unmeasured_target_40_models,extrapolation_model_estimate,0.01525211311,4.679429487,4.709933713,0.03278407207,4.661897528,4.727465672,,,,,
51,69,120,Sb,,,4.6960564,0.0027536468,40,unmeasured_target_40_models,extrapolation_model_estimate,0.01539448312,4.680661917,4.711450883,0.03259602757,4.663460372,4.728652428,,,,,
51,70,121,Sb,4.6802,0.0026,4.713648,0.0010695906,4,measured_target_oof_4_models,heldout_test_aggregate,0.01323104888,4.700416951,4.726879049,0.02764899132,4.685999009,4.741296991,,,,,
51,71,122,Sb,,,4.6979737,0.0027269402,40,unmeasured_target_40_models,extrapolation_model_estimate,0.009913823756,4.688059876,4.707887524,0.02097146863,4.677002231,4.718945169,,,,,
51,72,123,Sb,4.6879,0.0025,4.709673,0.001510013,4,measured_target_oof_4_models,heldout_test_aggregate,0.008611228472,4.701061772,4.718284228,0.01762359309,4.692049407,4.727296593,,,,,
51,73,124,Sb,,,4.7031326,0.002863228,40,unmeasured_target_40_models,extrapolation_model_estimate,0.008777912448,4.694354688,4.711910512,0.01888759922,4.684245001,4.722020199,,,,,
51,74,125,Sb,,,4.7172956,0.00322357,40,unmeasured_target_40_models,extrapolation_model_estimate,0.01000732454,4.707288275,4.727302925,0.02139073585,4.695904864,4.738686336,,,,,
51,75,126,Sb,,,4.71243,0.0026732946,40,unmeasured_target_40_models,extrapolation_model_estimate,0.009588974662,4.702841025,4.722018975,0.02094146829,4.691488532,4.733371468,,,,,
51,76,127,Sb,,,4.7179418,0.0023264159,40,unmeasured_target_40_models,extrapolation_model_estimate,0.01003992478,4.707901875,4.727981725,0.02170316586,4.696238634,4.739644966,,,,,
51,77,128,Sb,,,4.719266,0.0030516216,40,unmeasured_target_40_models,extrapolation_model_estimate,0.007971753671,4.711294246,4.727237754,0.01681485077,4.702451149,4.736080851,,,,,
51,78,129,Sb,,,4.7210994,0.0032703446,40,unmeasured_target_40_models,extrapolation_model_estimate,0.01285405319,4.708245347,4.733953453,0.02689336135,4.694206039,4.747992761,,,,,
51,79,130,Sb,,,4.712684,0.0034366813,40,unmeasured_target_40_models,extrapolation_model_estimate,0.01849096739,4.694193033,4.731174967,0.03959823431,4.673085766,4.752282234,,,,,
51,80,131,Sb,,,4.722802,0.0031382418,40,unmeasured_target_40_models,extrapolation_model_estimate,0.02277472879,4.700027271,4.745576729,0.04912424655,4.673677753,4.771926247,,,,,
51,81,132,Sb,,,4.7182913,0.0035857384,40,unmeasured_target_40_models,extrapolation_model_estimate,0.02551552475,4.692775775,4.743806825,0.05527155734,4.663019743,4.773562857,,,,,
51,82,133,Sb,,,4.717841,0.0033348785,40,unmeasured_target_40_models,extrapolation_model_estimate,0.02904631709,4.688794683,4.746887317,0.06264479315,4.655196207,4.780485793,,,,,
51,83,134,Sb,,,4.7263317,0.0036664216,40,unmeasured_target_40_models,extrapolation_model_estimate,0.03397770462,4.692353995,4.760309405,0.07375148774,4.652580212,4.800083188,,,,,
51,84,135,Sb,,,4.747183,0.0037122774,40,unmeasured_target_40_models,extrapolation_model_estimate,0.02933524494,4.717847755,4.776518245,0.06381634225,4.683366658,4.810999342,,,,,
51,85,136,Sb,,,4.7567477,0.0034688592,40,unmeasured_target_40_models,extrapolation_model_estimate,0.0257226368,4.731025063,4.782470337,0.05516487468,4.701582825,4.811912575,,,,,
51,86,137,Sb,,,4.7679834,0.0026260847,40,unmeasured_target_40_models,extrapolation_model_estimate,0.02306724484,4.744916155,4.791050645,0.05140568451,4.716577715,4.819389085,,,,,
51,87,138,Sb,,,4.775651,0.0030093824,40,unmeasured_target_40_models,extrapolation_model_estimate,0.0199079073,4.755743093,4.795558907,0.04254299107,4.733108009,4.818193991,,,,,
51,88,139,Sb,,,4.794664,0.0028598872,40,unmeasured_target_40_models,extrapolation_model_estimate,0.01960446976,4.77505953,4.81426847,0.04232218967,4.75234181,4.83698619,,,,,
51,89,140,Sb,,,4.8122034,0.0023793983,40,unmeasured_target_40_models,extrapolation_model_estimate,0.01791208942,4.794291311,4.830115489,0.03796128966,4.77424211,4.85016469,,,,,
51,90,141,Sb,,,4.82313,0.0031689475,40,unmeasured_target_40_models,extrapolation_model_estimate,0.01731651044,4.80581349,4.84044651,0.03810847386,4.785021526,4.861238474,,,,,
51,91,142,Sb,,,4.841068,0.0029268747,40,unmeasured_target_40_models,extrapolation_model_estimate,0.0156312145,4.825436785,4.856699215,0.03440377187,4.806664228,4.875471772,,,,,
52,52,104,Te,,,4.515139,0.0036038053,40,unmeasured_target_40_models,extrapolation_model_estimate,0.02601828415,4.489120716,4.541157284,0.05550313663,4.459635863,4.570642137,,,,,
52,53,105,Te,,,4.520338,0.0031261272,40,unmeasured_target_40_models,extrapolation_model_estimate,0.02482530614,4.495512694,4.545163306,0.05335126127,4.466986739,4.573689261,,,,,
52,54,106,Te,,,4.5429497,0.0034556617,40,unmeasured_target_40_models,extrapolation_model_estimate,0.02492555081,4.518024149,4.567875251,0.05488242092,4.488067279,4.597832121,,,,,
52,55,107,Te,,,4.5647106,0.0035824014,40,unmeasured_target_40_models,extrapolation_model_estimate,0.02762111548,4.537089485,4.592331715,0.05999516438,4.504715436,4.624705764,,,,,
52,56,108,Te,,,4.578015,0.0030773662,40,unmeasured_target_40_models,extrapolation_model_estimate,0.03539893295,4.542616067,4.613413933,0.07462186199,4.503393138,4.652636862,,,,,
52,57,109,Te,,,4.600208,0.002334898,40,unmeasured_target_40_models,extrapolation_model_estimate,0.03221870315,4.567989297,4.632426703,0.06844214086,4.531765859,4.668650141,,,,,
52,58,110,Te,,,4.608455,0.0028891528,40,unmeasured_target_40_models,extrapolation_model_estimate,0.03132312601,4.577131874,4.639778126,0.06801992745,4.540435073,4.676474927,,,,,
52,59,111,Te,,,4.6224003,0.0022032636,40,unmeasured_target_40_models,extrapolation_model_estimate,0.02259323547,4.599807065,4.644993535,0.04822934527,4.574170955,4.670629645,,,,,
52,60,112,Te,,,4.657876,0.0028501642,40,unmeasured_target_40_models,extrapolation_model_estimate,0.02242969833,4.635446302,4.680305698,0.04906284597,4.608813154,4.706938846,,,,,
52,61,113,Te,,,4.6796846,0.004049471,40,unmeasured_target_40_models,extrapolation_model_estimate,0.02074027365,4.658944326,4.700424874,0.04352762908,4.636156971,4.723212229,,,,,
52,62,114,Te,,,4.684894,0.0026796965,40,unmeasured_target_40_models,extrapolation_model_estimate,0.02213400789,4.662759992,4.707028008,0.04696403645,4.637929964,4.731858036,,,,,
52,63,115,Te,,,4.6912966,0.003816958,40,unmeasured_target_40_models,extrapolation_model_estimate,0.01953965928,4.671756941,4.710836259,0.0420411619,4.649255438,4.733337762,,,,,
52,64,116,Te,4.6847,0.0128,4.6972365,0.0011185476,4,measured_target_oof_4_models,heldout_test_aggregate,0.01954185701,4.677694643,4.716778357,0.04031647854,4.656920021,4.737552979,,,,,
52,65,117,Te,,,4.7009263,0.003780094,40,unmeasured_target_40_models,extrapolation_model_estimate,0.01831789296,4.682608407,4.719244193,0.03851436829,4.662411932,4.739440668,,,,,
52,66,118,Te,4.6956,0.0105,4.7043533,0.00044769983,4,measured_target_oof_4_models,heldout_test_aggregate,0.01670902295,4.687644277,4.721062323,0.03356305202,4.670790248,4.737916352,,,,,
52,67,119,Te,,,4.704463,0.0024105057,40,unmeasured_target_40_models,extrapolation_model_estimate,0.01413094836,4.690332052,4.718593948,0.03017946266,4.674283537,4.734642463,,,,,
52,68,120,Te,4.7038,0.0088,4.712266,0.00085512234,4,measured_target_oof_4_models,heldout_test_aggregate,0.0131263895,4.69913961,4.72539239,0.0285838993,4.683682101,4.740849899,,,,,
52,69,121,Te,,,4.714347,0.0024774764,40,unmeasured_target_40_models,extrapolation_model_estimate,0.01157893525,4.702768065,4.725925935,0.02461099519,4.689736005,4.738957995,,,,,
52,70,122,Te,4.7095,0.0031,4.726156,0.0010247915,4,measured_target_oof_4_models,heldout_test_aggregate,0.009604828957,4.716551171,4.735760829,0.02069072623,4.705465274,4.746846726,,,,,
52,71,123,Te,4.7117,0.0035,4.7222996,0.0014803791,4,measured_target_oof_4_models,heldout_test_aggregate,0.009300702354,4.712998898,4.731600302,0.02084392992,4.70145567,4.74314353,,,,,
52,72,124,Te,4.7183,0.0029,4.7205925,0.0005383932,4,measured_target_oof_4_models,heldout_test_aggregate,0.009662077161,4.710930423,4.730254577,0.02009897203,4.700493528,4.740691472,,,,,
52,73,125,Te,4.7204,0.003,4.7204,0.0003271133,4,measured_target_oof_4_models,heldout_test_aggregate,0.01176828226,4.708631718,4.732168282,0.02637021654,4.694029783,4.746770217,,,,,
52,74,126,Te,4.7266,0.0032,4.7328396,0.0009334068,4,measured_target_oof_4_models,heldout_test_aggregate,0.01038039756,4.722459202,4.743219998,0.02250123465,4.710338365,4.755340835,,,,,
52,75,127,Te,,,4.7328863,0.0020155949,40,unmeasured_target_40_models,extrapolation_model_estimate,0.009838247161,4.723048053,4.742724547,0.02100379362,4.711882506,4.753890094,,,,,
52,76,128,Te,4.7346,0.0029,4.740803,0.0006458519,4,measured_target_oof_4_models,heldout_test_aggregate,0.009362694271,4.731440306,4.750165694,0.01999613786,4.720806862,4.760799138,,,,,
52,77,129,Te,,,4.7374096,0.0015855525,40,unmeasured_target_40_models,extrapolation_model_estimate,0.007566436435,4.729843164,4.744976036,0.01633191419,4.721077686,4.753741514,,,,,
52,78,130,Te,4.7423,0.0025,4.742349,0.00042611413,4,measured_target_oof_4_models,heldout_test_aggregate,0.008997917992,4.733351082,4.751346918,0.01739109599,4.724957904,4.759740096,,,,,
52,79,131,Te,,,4.7346206,0.0020098928,40,unmeasured_target_40_models,extrapolation_model_estimate,0.007013762707,4.727606837,4.741634363,0.01518386703,4.719436733,4.749804467,,,,,
52,80,132,Te,4.75,0.0031,4.7444015,0.0015488613,4,measured_target_oof_4_models,heldout_test_aggregate,0.01310756545,4.731293935,4.757509065,0.02917474287,4.715226757,4.773576243,,,,,
52,81,133,Te,,,4.7402077,0.0021634032,40,unmeasured_target_40_models,extrapolation_model_estimate,0.01605750011,4.7241502,4.7562652,0.03379502016,4.70641268,4.77400272,,,,,
52,82,134,Te,4.7569,0.0041,4.73619,0.0016360343,4,measured_target_oof_4_models,heldout_test_aggregate,0.01663545395,4.719554546,4.752825454,0.03412103424,4.702068966,4.770311034,,,,,
52,83,135,Te,,,4.7481976,0.0017682747,40,unmeasured_target_40_models,extrapolation_model_estimate,0.02000751923,4.728190081,4.768205119,0.04361841937,4.704579181,4.791816019,,,,,
52,84,136,Te,4.7815,0.0089,4.763342,0.00037972577,4,measured_target_oof_4_models,heldout_test_aggregate,0.0230509829,4.740291017,4.786392983,0.04894103476,4.714400965,4.812283035,,,,,
52,85,137,Te,,,4.776437,0.0013803322,40,unmeasured_target_40_models,extrapolation_model_estimate,0.01986829115,4.756568709,4.796305291,0.04401875399,4.732418246,4.820455754,,,,,
52,86,138,Te,,,4.7894034,0.0024002052,40,unmeasured_target_40_models,extrapolation_model_estimate,0.01876750347,4.770635897,4.808170903,0.04082125254,4.748582147,4.830224653,,,,,
52,87,139,Te,,,4.7970133,0.0019156941,40,unmeasured_target_40_models,extrapolation_model_estimate,0.01805990072,4.778953399,4.815073201,0.03907202303,4.757941277,4.836085323,,,,,
52,88,140,Te,,,4.8174496,0.001959187,40,unmeasured_target_40_models,extrapolation_model_estimate,0.01470865666,4.802740943,4.832158257,0.03184592263,4.785603677,4.849295523,,,,,
52,89,141,Te,,,4.8336625,0.002044813,40,unmeasured_target_40_models,extrapolation_model_estimate,0.0136802207,4.819982279,4.847342721,0.02933915647,4.804323344,4.863001656,,,,,
52,90,142,Te,,,4.8470435,0.0018406613,40,unmeasured_target_40_models,extrapolation_model_estimate,0.01254736171,4.834496138,4.859590862,0.026871856,4.820171644,4.873915356,,,,,
52,91,143,Te,,,4.8643956,0.002440619,40,unmeasured_target_40_models,extrapolation_model_estimate,0.0113606394,4.853034961,4.875756239,0.02453563794,4.839859962,4.888931238,,,,,
52,92,144,Te,,,4.8728266,0.0022328943,40,unmeasured_target_40_models,extrapolation_model_estimate,0.01012951386,4.862697086,4.882956114,0.0221530154,4.850673585,4.894979615,,,,,
52,93,145,Te,,,4.87792,0.002146325,40,unmeasured_target_40_models,extrapolation_model_estimate,0.0100490567,4.867870943,4.887969057,0.02196244903,4.855957551,4.899882449,,,,,
53,55,108,I,,,4.5935655,0.003924612,40,unmeasured_target_40_models,extrapolation_model_estimate,0.03040287561,4.563162624,4.623968376,0.06638207883,4.527183421,4.659947579,,,,,
53,56,109,I,,,4.607002,0.0030262142,40,unmeasured_target_40_models,extrapolation_model_estimate,0.03419245421,4.572809546,4.641194454,0.07248280885,4.534519191,4.679484809,,,,,
53,57,110,I,,,4.629032,0.0025527466,40,unmeasured_target_40_models,extrapolation_model_estimate,0.03866992842,4.590362072,4.667701928,0.08533632851,4.543695671,4.714368329,,,,,
53,58,111,I,,,4.638556,0.0026742585,40,unmeasured_target_40_models,extrapolation_model_estimate,0.03753881387,4.601017186,4.676094814,0.08134211925,4.557213881,4.719898119,,,,,
53,59,112,I,,,4.6509414,0.0024490792,40,unmeasured_target_40_models,extrapolation_model_estimate,0.03312445458,4.617816945,4.684065855,0.07197534268,4.578966057,4.722916743,,,,,
53,60,113,I,,,4.6874166,0.0030465708,40,unmeasured_target_40_models,extrapolation_model_estimate,0.03999983715,4.647416763,4.727416437,0.08333865034,4.60407795,4.77075525,,,,,
53,61,114,I,,,4.7082334,0.0043164454,40,unmeasured_target_40_models,extrapolation_model_estimate,0.03205976048,4.67617364,4.74029316,0.0684491948,4.639784205,4.776682595,,,,,
53,62,115,I,,,4.7129,0.0026943923,40,unmeasured_target_40_models,extrapolation_model_estimate,0.02828284818,4.684617152,4.741182848,0.05943163213,4.653468368,4.772331632,,,,,
53,63,116,I,,,4.719393,0.0036439314,40,unmeasured_target_40_models,extrapolation_model_estimate,0.02342549016,4.69596751,4.74281849,0.04905727159,4.670335728,4.768450272,,,,,
53,64,117,I,,,4.719344,0.0033923257,40,unmeasured_target_40_models,extrapolation_model_estimate,0.0217706554,4.697573345,4.741114655,0.04447371523,4.674870285,4.763817715,,,,,
53,65,118,I,,,4.7291574,0.0041329972,40,unmeasured_target_40_models,extrapolation_model_estimate,0.020261435,4.708895965,4.749418835,0.04304093124,4.686116469,4.772198331,,,,,
53,66,119,I,,,4.729604,0.0015374186,40,unmeasured_target_40_models,extrapolation_model_estimate,0.01774490704,4.711859093,4.747348907,0.03681972311,4.692784277,4.766423723,,,,,
53,67,120,I,,,4.7317195,0.0015723534,40,unmeasured_target_40_models,extrapolation_model_estimate,0.0146834814,4.717036019,4.746402981,0.03143008983,4.70028941,4.76314959,,,,,
53,68,121,I,,,4.737951,0.0014357504,40,unmeasured_target_40_models,extrapolation_model_estimate,0.01445167168,4.723499328,4.752402672,0.03007905878,4.707871941,4.768030059,,,,,
53,69,122,I,,,4.742048,0.002213627,40,unmeasured_target_40_models,extrapolation_model_estimate,0.01187278174,4.730175218,4.753920782,0.02507209385,4.716975906,4.767120094,,,,,
53,70,123,I,,,4.7471,0.0022126362,40,unmeasured_target_40_models,extrapolation_model_estimate,0.01265706756,4.734442932,4.759757068,0.02645661715,4.720643383,4.773556617,,,,,
53,71,124,I,,,4.74417,0.0025737416,40,unmeasured_target_40_models,extrapolation_model_estimate,0.009499410264,4.73467059,4.75366941,0.02054428662,4.723625713,4.764714287,,,,,
53,72,125,I,,,4.7461348,0.0016559238,40,unmeasured_target_40_models,extrapolation_model_estimate,0.009056955938,4.737077844,4.755191756,0.01991617013,4.72621863,4.76605097,,,,,
53,73,126,I,,,4.7474384,0.0013003497,40,unmeasured_target_40_models,extrapolation_model_estimate,0.01020130668,4.737237093,4.757639707,0.02272065188,4.724717748,4.770159052,,,,,
53,74,127,I,4.75,0.0081,4.7626104,0.0014050994,4,measured_target_oof_4_models,heldout_test_aggregate,0.01104744334,4.751562957,4.773657843,0.02522688945,4.737383511,4.787837289,,,,,
53,75,128,I,,,4.7601743,0.0015116914,40,unmeasured_target_40_models,extrapolation_model_estimate,0.01090015065,4.749274149,4.771074451,0.0233815049,4.736792795,4.783555805,,,,,
53,76,129,I,,,4.7639484,0.0015533445,40,unmeasured_target_40_models,extrapolation_model_estimate,0.01127923151,4.752669168,4.775227632,0.02345077714,4.740497623,4.787399177,,,,,
53,77,130,I,,,4.7668023,0.0015941693,40,unmeasured_target_40_models,extrapolation_model_estimate,0.01031857667,4.756483723,4.777120877,0.02160705993,4.74519524,4.78840936,,,,,
53,78,131,I,,,4.7710614,0.0015833814,40,unmeasured_target_40_models,extrapolation_model_estimate,0.009203464408,4.761857936,4.780264864,0.01907978793,4.751981612,4.790141188,,,,,
53,79,132,I,,,4.7631955,0.0015056413,40,unmeasured_target_40_models,extrapolation_model_estimate,0.008370704355,4.754824796,4.771566204,0.01806043722,4.745135063,4.781255937,,,,,
53,80,133,I,,,4.774323,0.0019535134,40,unmeasured_target_40_models,extrapolation_model_estimate,0.00686818656,4.767454813,4.781191187,0.01497375837,4.759349242,4.789296758,,,,,
53,81,134,I,,,4.7694235,0.0020287891,40,unmeasured_target_40_models,extrapolation_model_estimate,0.01045460976,4.75896889,4.77987811,0.02225239216,4.747171108,4.791675892,,,,,
53,82,135,I,,,4.7714443,0.0023057458,40,unmeasured_target_40_models,extrapolation_model_estimate,0.01537025249,4.756074048,4.786814552,0.03206232667,4.739381973,4.803506627,,,,,
53,83,136,I,,,4.780209,0.0015458778,40,unmeasured_target_40_models,extrapolation_model_estimate,0.01722080829,4.762988192,4.797429808,0.0355156469,4.744693353,4.815724647,,,,,
53,84,137,I,,,4.7981205,0.0018098081,40,unmeasured_target_40_models,extrapolation_model_estimate,0.01919573241,4.778924768,4.817316232,0.0401225143,4.757997986,4.838243014,,,,,
53,85,138,I,,,4.8094854,0.0017028538,40,unmeasured_target_40_models,extrapolation_model_estimate,0.01840061507,4.791084785,4.827886015,0.04004919402,4.769436206,4.849534594,,,,,
53,86,139,I,,,4.820697,0.0013267088,40,unmeasured_target_40_models,extrapolation_model_estimate,0.02167108541,4.799025915,4.842368085,0.04555229039,4.77514471,4.86624929,,,,,
53,87,140,I,,,4.8291655,0.0016993023,40,unmeasured_target_40_models,extrapolation_model_estimate,0.01922278738,4.809942713,4.848388287,0.04152888182,4.787636618,4.870694382,,,,,
53,88,141,I,,,4.8489375,0.0013369421,40,unmeasured_target_40_models,extrapolation_model_estimate,0.01828027761,4.830657222,4.867217778,0.0393826204,4.80955488,4.88832012,,,,,
53,89,142,I,,,4.865863,0.0012942617,40,unmeasured_target_40_models,extrapolation_model_estimate,0.01416950291,4.851693497,4.880032503,0.03129435584,4.834568644,4.897157356,,,,,
53,90,143,I,,,4.8789053,0.0010430563,40,unmeasured_target_40_models,extrapolation_model_estimate,0.01289187135,4.866013429,4.891797171,0.02725240777,4.851652892,4.906157708,,,,,
53,91,144,I,,,4.896643,0.0009601808,40,unmeasured_target_40_models,extrapolation_model_estimate,0.01199401407,4.884648986,4.908637014,0.02635489104,4.870288109,4.922997891,,,,,
53,92,145,I,,,4.9046206,0.0011321169,40,unmeasured_target_40_models,extrapolation_model_estimate,0.01087280858,4.893747791,4.915493409,0.02340003508,4.881220565,4.928020635,,,,,
53,93,146,I,,,4.9105353,0.00078007707,40,unmeasured_target_40_models,extrapolation_model_estimate,0.01073795514,4.899797345,4.921273255,0.02323919359,4.887296106,4.933774494,,,,,
53,94,147,I,,,4.9180136,0.0019944848,40,unmeasured_target_40_models,extrapolation_model_estimate,0.01104987861,4.906963721,4.929063479,0.02390960401,4.894103996,4.941923204,,,,,
54,54,108,Xe,,,4.5906343,0.0030640997,40,unmeasured_target_40_models,extrapolation_model_estimate,0.02267230049,4.567962,4.6133066,0.04959308331,4.541041217,4.640227383,,,,,
54,55,109,Xe,,,4.61123,0.003315007,40,unmeasured_target_40_models,extrapolation_model_estimate,0.02665884806,4.584571152,4.637888848,0.05386071395,4.557369286,4.665090714,,,,,
54,56,110,Xe,,,4.626001,0.0027021614,40,unmeasured_target_40_models,extrapolation_model_estimate,0.02782800187,4.598172998,4.653829002,0.05574122038,4.57025978,4.68174222,,,,,
54,57,111,Xe,,,4.6482162,0.0022060438,40,unmeasured_target_40_models,extrapolation_model_estimate,0.02423562407,4.623980576,4.672451824,0.05323585137,4.594980349,4.701452051,,,,,
54,58,112,Xe,,,4.658013,0.0026229261,40,unmeasured_target_40_models,extrapolation_model_estimate,0.01925437184,4.638758628,4.677267372,0.04318522454,4.614827775,4.701198225,,,,,
54,59,113,Xe,,,4.671183,0.0018130437,40,unmeasured_target_40_models,extrapolation_model_estimate,0.02912762713,4.642055373,4.700310627,0.06280454392,4.608378456,4.733987544,,,,,
54,60,114,Xe,,,4.706905,0.0028815519,40,unmeasured_target_40_models,extrapolation_model_estimate,0.04056700221,4.666337998,4.747472002,0.08926354402,4.617641456,4.796168544,,,,,
54,61,115,Xe,,,4.72964,0.0041474937,40,unmeasured_target_40_models,extrapolation_model_estimate,0.03406567731,4.695574323,4.763705677,0.07074813971,4.65889186,4.80038814,,,,,
54,62,116,Xe,4.7211,0.0096,4.738518,0.0013026871,4,measured_target_oof_4_models,heldout_test_aggregate,0.03429766267,4.704220337,4.772815663,0.07229662583,4.666221374,4.810814626,,,,,
54,63,117,Xe,,,4.7433324,0.0035191965,40,unmeasured_target_40_models,extrapolation_model_estimate,0.02268973892,4.720642661,4.766022139,0.04973803719,4.693594363,4.793070437,,,,,
54,64,118,Xe,4.7387,0.007,4.7449503,0.00063667825,4,measured_target_oof_4_models,heldout_test_aggregate,0.02050387858,4.724446421,4.765454179,0.04318051924,4.701769781,4.788130819,,,,,
54,65,119,Xe,,,4.7531195,0.0040253224,40,unmeasured_target_40_models,extrapolation_model_estimate,0.01694755785,4.736171942,4.770067058,0.03656299923,4.716556501,4.789682499,,,,,
54,66,120,Xe,4.7509,0.0063,4.75455,0.00083647727,4,measured_target_oof_4_models,heldout_test_aggregate,0.01492527798,4.739624722,4.769475278,0.03285504308,4.721694957,4.787405043,,,,,
54,67,121,Xe,,,4.756696,0.0016404679,40,unmeasured_target_40_models,extrapolation_model_estimate,0.01177864597,4.744917354,4.768474646,0.0250393775,4.731656622,4.781735378,,,,,
54,68,122,Xe,4.759,0.0059,4.765855,0.00070963026,4,measured_target_oof_4_models,heldout_test_aggregate,0.01082652406,4.755028476,4.776681524,0.02346438841,4.742390612,4.789319388,,,,,
54,69,123,Xe,,,4.767745,0.0014226033,40,unmeasured_target_40_models,extrapolation_model_estimate,0.01049497472,4.757250025,4.778239975,0.02303324109,4.744711759,4.790778241,,,,,
54,70,124,Xe,4.7661,0.0055,4.7738013,0.0007190183,4,measured_target_oof_4_models,heldout_test_aggregate,0.01040490907,4.763396391,4.784206209,0.02245240326,4.751348897,4.796253703,,,,,
54,71,125,Xe,,,4.7701793,0.0015214817,40,unmeasured_target_40_models,extrapolation_model_estimate,0.007350056885,4.762829243,4.777529357,0.01576032022,4.75441898,4.78593962,,,,,
54,72,126,Xe,4.7722,0.0052,4.7726994,0.00055619254,4,measured_target_oof_4_models,heldout_test_aggregate,0.01011344727,4.762585953,4.782812847,0.02198630128,4.750713099,4.794685701,,,,,
54,73,127,Xe,4.7747,0.0038,4.7736893,0.00038697023,4,measured_target_oof_4_models,heldout_test_aggregate,0.00927939786,4.764409902,4.782968698,0.01873052051,4.754958779,4.792419821,,,,,
54,74,128,Xe,4.7774,0.005,4.7848296,0.0005919945,4,measured_target_oof_4_models,heldout_test_aggregate,0.01017600395,4.774653596,4.795005604,0.02065205772,4.764177542,4.805481658,,,,,
54,75,129,Xe,4.7775,0.005,4.7858763,0.0008983992,4,measured_target_oof_4_models,heldout_test_aggregate,0.01078420395,4.775092096,4.796660504,0.02289290592,4.762983394,4.808769206,,,,,
54,76,130,Xe,4.7818,0.0049,4.791794,0.00038958975,4,measured_target_oof_4_models,heldout_test_aggregate,0.008313258989,4.783480741,4.800107259,0.0184036218,4.773390378,4.810197622,,,,,
54,77,131,Xe,4.7808,0.0049,4.7929077,0.00087762467,4,measured_target_oof_4_models,heldout_test_aggregate,0.00927972797,4.783627972,4.802187428,0.01916182544,4.773745875,4.812069525,,,,,
54,78,132,Xe,4.7859,0.0048,4.800103,0.00026855044,4,measured_target_oof_4_models,heldout_test_aggregate,0.01008798559,4.790015014,4.810190986,0.02121183609,4.778891164,4.821314836,,,,,
54,79,133,Xe,4.7831,0.0048,4.7887707,0.000676569,4,measured_target_oof_4_models,heldout_test_aggregate,0.009352151106,4.779418549,4.798122851,0.02109603762,4.767674662,4.809866738,,,,,
54,80,134,Xe,4.7899,0.0047,4.80195,0.0014222625,4,measured_target_oof_4_models,heldout_test_aggregate,0.008507585447,4.793442415,4.810457585,0.01905721175,4.782892788,4.821007212,,,,,
54,81,135,Xe,,,4.795911,0.0023058853,40,unmeasured_target_40_models,extrapolation_model_estimate,0.007672864895,4.788238135,4.803583865,0.01654934964,4.77936165,4.81246035,,,,,
54,82,136,Xe,4.7964,0.0047,4.795488,0.0018012844,4,measured_target_oof_4_models,heldout_test_aggregate,0.007709697184,4.787778303,4.803197697,0.01534657102,4.780141429,4.810834571,,,,,
54,83,137,Xe,4.8094,0.0049,4.80341,0.00022144329,4,measured_target_oof_4_models,heldout_test_aggregate,0.009357282156,4.794052718,4.812767282,0.02222676448,4.781183236,4.825636764,,,,,
54,84,138,Xe,4.8279,0.0079,4.818595,0.0003907414,4,measured_target_oof_4_models,heldout_test_aggregate,0.01393169854,4.804663301,4.832526699,0.02867155521,4.789923445,4.847266555,,,,,
54,85,139,Xe,4.8409,0.01,4.8319,0.0009496534,4,measured_target_oof_4_models,heldout_test_aggregate,0.01409231799,4.817807682,4.845992318,0.03154550426,4.800354496,4.863445504,,,,,
54,86,140,Xe,4.8566,0.0125,4.8423,0.0009506472,4,measured_target_oof_4_models,heldout_test_aggregate,0.01369878345,4.828601217,4.855998783,0.02815913894,4.814140861,4.870459139,,,,,
54,87,141,Xe,4.8694,0.0147,4.8498287,0.0015271432,4,measured_target_oof_4_models,heldout_test_aggregate,0.01412429451,4.835704405,4.863952995,0.02988872473,4.819939975,4.879717425,,,,,
54,88,142,Xe,4.8841,0.0169,4.8691063,0.0010208735,4,measured_target_oof_4_models,heldout_test_aggregate,0.01512282528,4.853983475,4.884229125,0.03036295288,4.838743347,4.899469253,,,,,
54,89,143,Xe,4.8942,0.0187,4.886581,0.00060421345,4,measured_target_oof_4_models,heldout_test_aggregate,0.01416107127,4.872419929,4.900742071,0.03208980188,4.854491198,4.918670802,,,,,
54,90,144,Xe,4.9082,0.0208,4.9012175,0.0011839913,4,measured_target_oof_4_models,heldout_test_aggregate,0.0130613895,4.88815611,4.91427889,0.02844926207,4.872768238,4.929666762,,,,,
54,91,145,Xe,,,4.919236,0.0013016058,40,unmeasured_target_40_models,extrapolation_model_estimate,0.01136411303,4.907871887,4.930600113,0.0241448528,4.895091147,4.943380853,,,,,
54,92,146,Xe,4.9315,0.0245,4.929268,0.0010687936,4,measured_target_oof_4_models,heldout_test_aggregate,0.01124435239,4.918023648,4.940512352,0.02510607454,4.904161925,4.954374075,,,,,
54,93,147,Xe,,,4.9350343,0.00074219797,40,unmeasured_target_40_models,extrapolation_model_estimate,0.00981368354,4.925220616,4.944847984,0.02087055124,4.914163749,4.955904851,,,,,
54,94,148,Xe,,,4.942992,0.0022258426,40,unmeasured_target_40_models,extrapolation_model_estimate,0.009913320027,4.93307868,4.95290532,0.02121747457,4.921774525,4.964209475,,,,,
54,95,149,Xe,,,4.9482813,0.0012771045,40,unmeasured_target_40_models,extrapolation_model_estimate,0.009464409923,4.93881689,4.95774571,0.0207147875,4.927566512,4.968996088,,,,,
54,96,150,Xe,,,4.95674,0.0015021969,40,unmeasured_target_40_models,extrapolation_model_estimate,0.009961362347,4.946778638,4.966701362,0.02170292233,4.935037078,4.978442922,,,,,
55,57,112,Cs,,,4.6667476,0.0029415968,40,unmeasured_target_40_models,extrapolation_model_estimate,0.02921028971,4.63753731,4.69595789,0.06037736099,4.606370239,4.727124961,,,,,
55,58,113,Cs,,,4.678958,0.0029523645,40,unmeasured_target_40_models,extrapolation_model_estimate,0.03055317799,4.648404822,4.709511178,0.06326749912,4.615690501,4.742225499,,,,,
55,59,114,Cs,,,4.6912265,0.002607706,40,unmeasured_target_40_models,extrapolation_model_estimate,0.0265250038,4.664701496,4.717751504,0.05775722552,4.633469274,4.748983726,,,,,
55,60,115,Cs,,,4.7267685,0.003228306,40,unmeasured_target_40_models,extrapolation_model_estimate,0.04343503309,4.683333467,4.770203533,0.09490627308,4.631862227,4.821674773,,,,,
55,61,116,Cs,,,4.750452,0.0047088177,40,unmeasured_target_40_models,extrapolation_model_estimate,0.04610386095,4.704348139,4.796555861,0.09974660727,4.650705393,4.850198607,,,,,
55,62,117,Cs,,,4.7552915,0.0029103446,40,unmeasured_target_40_models,extrapolation_model_estimate,0.03682132887,4.718470171,4.792112829,0.07688338993,4.67840811,4.83217489,,,,,
55,63,118,Cs,4.7832,0.0092,4.7524557,0.0009308349,4,measured_target_oof_4_models,heldout_test_aggregate,0.03607457356,4.716381126,4.788530274,0.07527815579,4.677177544,4.827733856,,,,,
55,64,119,Cs,4.7896,0.0089,4.7506237,0.0010160686,4,measured_target_oof_4_models,heldout_test_aggregate,0.02567174162,4.724951958,4.776295442,0.05252116624,4.698102534,4.803144866,,,,,
55,65,120,Cs,4.7915,0.0075,4.761246,0.00060231634,4,measured_target_oof_4_models,heldout_test_aggregate,0.01958119787,4.741664802,4.780827198,0.03997688209,4.721269118,4.801222882,,,,,
55,66,121,Cs,4.7769,0.0078,4.7740235,0.000571495,4,measured_target_oof_4_models,heldout_test_aggregate,0.01864187146,4.755381629,4.792665371,0.0372808523,4.736742648,4.811304352,,,,,
55,67,122,Cs,4.7773,0.007,4.775711,0.00076502585,4,measured_target_oof_4_models,heldout_test_aggregate,0.01390846576,4.761802534,4.789619466,0.03080073011,4.74491027,4.80651173,,,,,
55,68,123,Cs,4.782,0.007,4.7841005,0.00050200894,4,measured_target_oof_4_models,heldout_test_aggregate,0.01374503561,4.770355464,4.797845536,0.02906143261,4.755039067,4.813161933,,,,,
55,69,124,Cs,4.7828,0.0062,4.7850595,0.0008471564,4,measured_target_oof_4_models,heldout_test_aggregate,0.01178474695,4.773274753,4.796844247,0.02674455194,4.758314948,4.811804052,,,,,
55,70,125,Cs,4.788,0.0062,4.796122,0.0009355341,4,measured_target_oof_4_models,heldout_test_aggregate,0.01024839151,4.785873608,4.806370392,0.02238573611,4.773736264,4.818507736,,,,,
55,71,126,Cs,4.7872,0.0056,4.7922626,0.0010257707,4,measured_target_oof_4_models,heldout_test_aggregate,0.01047295508,4.781789645,4.802735555,0.02240224708,4.769860353,4.814664847,,,,,
55,72,127,Cs,4.7936,0.0055,4.7965646,0.0005433176,4,measured_target_oof_4_models,heldout_test_aggregate,0.010150934,4.786413666,4.806715534,0.02119975165,4.775364848,4.817764352,,,,,
55,73,128,Cs,4.7921,0.0052,4.7946267,0.0010809375,4,measured_target_oof_4_models,heldout_test_aggregate,0.009426156226,4.785200544,4.804052856,0.02108635437,4.773540346,4.815713054,,,,,
55,74,129,Cs,4.7981,0.005,4.8017635,0.001072751,4,measured_target_oof_4_models,heldout_test_aggregate,0.01049161044,4.79127189,4.81225511,0.02080213167,4.780961368,4.822565632,,,,,
55,75,130,Cs,4.7992,0.0049,4.805321,0.00078631454,4,measured_target_oof_4_models,heldout_test_aggregate,0.01103124551,4.794289754,4.816352246,0.02234865166,4.782972348,4.827669652,,,,,
55,76,131,Cs,4.8026,0.0047,4.811854,0.00062247535,4,measured_target_oof_4_models,heldout_test_aggregate,0.0118842684,4.799969732,4.823738268,0.02503869355,4.786815306,4.836892694,,,,,
55,77,132,Cs,4.8002,0.0046,4.812367,0.0013354645,4,measured_target_oof_4_models,heldout_test_aggregate,0.01068424414,4.801682756,4.823051244,0.0246683428,4.787698657,4.837035343,,,,,
55,78,133,Cs,4.8041,0.0046,4.817646,0.00082312356,4,measured_target_oof_4_models,heldout_test_aggregate,0.007899344429,4.809746656,4.825545344,0.01697606239,4.800669938,4.834622062,,,,,
55,79,134,Cs,4.8031,0.0046,4.8073945,0.0005222676,4,measured_target_oof_4_models,heldout_test_aggregate,0.01086134738,4.796533153,4.818255847,0.02313577296,4.784258727,4.830530273,,,,,
55,80,135,Cs,4.8067,0.0047,4.820813,0.0004209568,4,measured_target_oof_4_models,heldout_test_aggregate,0.009439127452,4.811373873,4.830252127,0.0204787193,4.800334281,4.841291719,,,,,
55,81,136,Cs,4.8059,0.0052,4.8185587,0.0006406944,4,measured_target_oof_4_models,heldout_test_aggregate,0.008168250248,4.81039045,4.82672695,0.01641540662,4.802143293,4.834974107,,,,,
55,82,137,Cs,4.8128,0.005,4.8155003,0.00048313834,4,measured_target_oof_4_models,heldout_test_aggregate,0.007848337949,4.807651962,4.823348638,0.01682076882,4.798679531,4.832321069,,,,,
55,83,138,Cs,4.8255,0.005,4.827759,0.00083472725,4,measured_target_oof_4_models,heldout_test_aggregate,0.007942972782,4.819816027,4.835701973,0.01662614398,4.811132856,4.844385144,,,,,
55,84,139,Cs,4.8422,0.0069,4.841611,0.00068171445,4,measured_target_oof_4_models,heldout_test_aggregate,0.007948193866,4.833662806,4.849559194,0.01696041909,4.824650581,4.858571419,,,,,
55,85,140,Cs,4.8554,0.0088,4.8554397,0.00071545114,4,measured_target_oof_4_models,heldout_test_aggregate,0.01344417228,4.841995528,4.868883872,0.03076881702,4.824670883,4.886208517,,,,,
55,86,141,Cs,4.8689,0.0108,4.8663983,0.00069568184,4,measured_target_oof_4_models,heldout_test_aggregate,0.01520942624,4.851188874,4.881607726,0.03374097681,4.832657323,4.900139277,,,,,
55,87,142,Cs,4.8825,0.0132,4.876516,0.0013080904,4,measured_target_oof_4_models,heldout_test_aggregate,0.01263177354,4.863884226,4.889147774,0.02744170325,4.849074297,4.903957703,,,,,
55,88,143,Cs,4.8965,0.0151,4.8922205,0.000713016,4,measured_target_oof_4_models,heldout_test_aggregate,0.01489058317,4.877329917,4.907111083,0.0322449193,4.859975581,4.924465419,,,,,
55,89,144,Cs,4.9055,0.0161,4.913142,0.0009137603,4,measured_target_oof_4_models,heldout_test_aggregate,0.01434819239,4.898793808,4.927490192,0.03177444824,4.881367552,4.944916448,,,,,
55,90,145,Cs,4.9188,0.0191,4.9245725,0.0015748263,4,measured_target_oof_4_models,heldout_test_aggregate,0.01436602865,4.910206471,4.938938529,0.03013380088,4.894438699,4.954706301,,,,,
55,91,146,Cs,4.9281,0.0193,4.940837,0.0009926101,4,measured_target_oof_4_models,heldout_test_aggregate,0.01041597423,4.930421026,4.951252974,0.02218186096,4.918655139,4.963018861,,,,,
55,92,147,Cs,,,4.9484944,0.0012477068,40,unmeasured_target_40_models,extrapolation_model_estimate,0.009752531946,4.938741868,4.958246932,0.02118775034,4.92730665,4.96968215,,,,,
55,93,148,Cs,,,4.9537306,0.001236968,40,unmeasured_target_40_models,extrapolation_model_estimate,0.008910312112,4.944820288,4.962640912,0.01901347049,4.93471713,4.97274407,,,,,
55,94,149,Cs,,,4.9623914,0.00260358,40,unmeasured_target_40_models,extrapolation_model_estimate,0.009179858598,4.953211541,4.971571259,0.019969308,4.942422092,4.982360708,,,,,
55,95,150,Cs,,,4.96388,0.0017979523,40,unmeasured_target_40_models,extrapolation_model_estimate,0.009052265204,4.954827735,4.972932265,0.01943562805,4.944444372,4.983315628,,,,,
55,96,151,Cs,,,4.9734426,0.0014688951,40,unmeasured_target_40_models,extrapolation_model_estimate,0.009287324094,4.964155276,4.982729924,0.01986015478,4.953582445,4.993302755,,,,,
55,97,152,Cs,,,4.9880276,0.0020279917,40,unmeasured_target_40_models,extrapolation_model_estimate,0.00976596075,4.978261639,4.997793561,0.02090069421,4.967126906,5.008928294,,,,,
56,58,114,Ba,,,4.6952767,0.002962038,40,unmeasured_target_40_models,extrapolation_model_estimate,0.02620681557,4.669069884,4.721483516,0.05571104147,4.639565659,4.750987741,,,,,
56,59,115,Ba,,,4.71028,0.0026525608,40,unmeasured_target_40_models,extrapolation_model_estimate,0.02641902137,4.683860979,4.736699021,0.05669352626,4.653586474,4.766973526,,,,,
56,60,116,Ba,,,4.745953,0.0033953085,40,unmeasured_target_40_models,extrapolation_model_estimate,0.03391731796,4.712035682,4.779870318,0.07169379341,4.674259207,4.817646793,,,,,
56,61,117,Ba,,,4.7706594,0.004749932,40,unmeasured_target_40_models,extrapolation_model_estimate,0.03258246079,4.738076939,4.803241861,0.07103369553,4.699625704,4.841693096,,,,,
56,62,118,Ba,,,4.775943,0.0028523642,40,unmeasured_target_40_models,extrapolation_model_estimate,0.04296560369,4.732977396,4.818908604,0.09361521101,4.682327789,4.869558211,,,,,
56,63,119,Ba,,,4.785369,0.0036234714,40,unmeasured_target_40_models,extrapolation_model_estimate,0.03654274599,4.748826254,4.821911746,0.07747808901,4.707890911,4.862847089,,,,,
56,64,120,Ba,4.8092,0.0058,4.774409,0.0013731106,4,measured_target_oof_4_models,heldout_test_aggregate,0.03061833297,4.743790667,4.805027333,0.06145144371,4.712957556,4.835860444,,,,,
56,65,121,Ba,4.8176,0.0052,4.7837667,0.00096045795,4,measured_target_oof_4_models,heldout_test_aggregate,0.0224418382,4.761324862,4.806208538,0.04863553325,4.735131167,4.832402233,,,,,
56,66,122,Ba,4.8153,0.0054,4.7984676,0.0010763197,4,measured_target_oof_4_models,heldout_test_aggregate,0.01583499247,4.782632608,4.814302592,0.03290911619,4.765558484,4.831376716,,,,,
56,67,123,Ba,4.8135,0.0055,4.798914,0.00032329993,4,measured_target_oof_4_models,heldout_test_aggregate,0.01246568649,4.786448314,4.811379686,0.02587257512,4.773041425,4.824786575,,,,,
56,68,124,Ba,4.8185,0.0052,4.8088865,0.00079608813,4,measured_target_oof_4_models,heldout_test_aggregate,0.01016286187,4.798723638,4.819049362,0.02098213735,4.787904363,4.829868637,,,,,
56,69,125,Ba,4.8177,0.0052,4.8125525,0.0012022346,4,measured_target_oof_4_models,heldout_test_aggregate,0.009294598614,4.803257901,4.821847099,0.0205778054,4.791974695,4.833130305,,,,,
56,70,126,Ba,4.8221,0.005,4.818979,0.0007648602,4,measured_target_oof_4_models,heldout_test_aggregate,0.01124441606,4.807734584,4.830223416,0.02341380004,4.7955652,4.8423928,,,,,
56,71,127,Ba,4.8204,0.0051,4.8174143,0.0013807089,4,measured_target_oof_4_models,heldout_test_aggregate,0.008642586198,4.808771714,4.826056886,0.01718153814,4.800232762,4.834595838,,,,,
56,72,128,Ba,4.8255,0.0048,4.820432,0.00018902744,4,measured_target_oof_4_models,heldout_test_aggregate,0.00812890219,4.812303098,4.828560902,0.01734861236,4.803083388,4.837780612,,,,,
56,73,129,Ba,4.8248,0.0049,4.818793,0.0008401918,4,measured_target_oof_4_models,heldout_test_aggregate,0.008059047404,4.810733953,4.826852047,0.01706766094,4.801725339,4.835860661,,,,,
56,74,130,Ba,4.8283,0.0047,4.832696,0.00024036976,4,measured_target_oof_4_models,heldout_test_aggregate,0.007736035585,4.824959964,4.840432036,0.01675500618,4.815940994,4.849451006,,,,,
56,75,131,Ba,4.8276,0.0048,4.834165,0.00046727955,4,measured_target_oof_4_models,heldout_test_aggregate,0.008753290137,4.82541171,4.84291829,0.01761917183,4.816545828,4.851784172,,,,,
56,76,132,Ba,4.8303,0.0047,4.838394,0.0007002448,4,measured_target_oof_4_models,heldout_test_aggregate,0.009879465949,4.828514534,4.848273466,0.02054354985,4.81785045,4.85893755,,,,,
56,77,133,Ba,4.8286,0.0047,4.840431,0.00093215355,4,measured_target_oof_4_models,heldout_test_aggregate,0.009704989649,4.83072601,4.85013599,0.01979829869,4.820632701,4.860229299,,,,,
56,78,134,Ba,4.8322,0.0047,4.8461113,0.00087495043,4,measured_target_oof_4_models,heldout_test_aggregate,0.01032912751,4.835782172,4.856440428,0.02144435458,4.824666945,4.867555655,,,,,
56,79,135,Ba,4.8294,0.0047,4.837324,0.00041189505,4,measured_target_oof_4_models,heldout_test_aggregate,0.009936088697,4.827387911,4.847260089,0.02148587983,4.81583812,4.85880988,,,,,
56,80,136,Ba,4.8334,0.0046,4.847327,0.0006854915,4,measured_target_oof_4_models,heldout_test_aggregate,0.009605824029,4.837721176,4.856932824,0.01979882121,4.827528179,4.867125821,,,,,
56,81,137,Ba,4.8314,0.0047,4.837945,0.0013564928,4,measured_target_oof_4_models,heldout_test_aggregate,0.009404921865,4.828540078,4.847349922,0.01996303581,4.817981964,4.857908036,,,,,
56,82,138,Ba,4.8378,0.0046,4.8414326,0.0010829754,4,measured_target_oof_4_models,heldout_test_aggregate,0.009059311638,4.832373288,4.850491912,0.02010390526,4.821328695,4.861536505,,,,,
56,83,139,Ba,4.8513,0.0049,4.8539605,0.00032128574,4,measured_target_oof_4_models,heldout_test_aggregate,0.007924324226,4.846036176,4.861884824,0.0169309055,4.837029594,4.870891406,,,,,
56,84,140,Ba,4.8684,0.0059,4.8705025,0.0005156772,4,measured_target_oof_4_models,heldout_test_aggregate,0.007859765106,4.862642735,4.878362265,0.01721424425,4.853288256,4.887716744,,,,,
56,85,141,Ba,4.8807,0.0069,4.8818564,0.0013266259,4,measured_target_oof_4_models,heldout_test_aggregate,0.005917718903,4.875938681,4.887774119,0.0122094953,4.869646905,4.894065895,,,,,
56,86,142,Ba,4.8953,0.0083,4.8928423,0.00023805241,4,measured_target_oof_4_models,heldout_test_aggregate,0.008204237532,4.884638062,4.901046538,0.01869262489,4.874149675,4.911534925,,,,,
56,87,143,Ba,4.9087,0.0096,4.901859,0.00079240144,4,measured_target_oof_4_models,heldout_test_aggregate,0.008992249113,4.892866751,4.910851249,0.01960396339,4.882255037,4.921462963,,,,,
56,88,144,Ba,4.9236,0.0112,4.9204707,0.0011278384,4,measured_target_oof_4_models,heldout_test_aggregate,0.01254308352,4.907927616,4.933013784,0.02721164811,4.893259052,4.947682348,,,,,
56,89,145,Ba,4.9345,0.0123,4.9377446,0.0006122667,4,measured_target_oof_4_models,heldout_test_aggregate,0.01140415653,4.926340443,4.949148757,0.0244338876,4.913310712,4.962178488,,,,,
56,90,146,Ba,4.9479,0.0138,4.9442644,0.00079025305,4,measured_target_oof_4_models,heldout_test_aggregate,0.01287335354,4.931391046,4.957137754,0.0272797723,4.916984628,4.971544172,,,,,
56,91,147,Ba,,,4.9645,0.001077719,40,unmeasured_target_40_models,extrapolation_model_estimate,0.01234217438,4.952157826,4.976842174,0.02661524973,4.93788475,4.99111525,,,,,
56,92,148,Ba,4.9731,0.0167,4.9737897,0.00011954324,4,measured_target_oof_4_models,heldout_test_aggregate,0.01311584028,4.96067386,4.98690554,0.03005732306,4.943732377,5.003847023,,,,,
56,93,149,Ba,,,4.979258,0.00105199,40,unmeasured_target_40_models,extrapolation_model_estimate,0.008656518895,4.970601481,4.987914519,0.01847254597,4.960785454,4.997730546,,,,,
56,94,150,Ba,,,4.9879827,0.0021795807,40,unmeasured_target_40_models,extrapolation_model_estimate,0.008611030489,4.97937167,4.99659373,0.01893439223,4.969048308,5.006917092,,,,,
56,95,151,Ba,,,4.9918137,0.0017173905,40,unmeasured_target_40_models,extrapolation_model_estimate,0.008072882933,4.983740817,4.999886583,0.01761964828,4.974194052,5.009433348,,,,,
56,96,152,Ba,,,5.0006924,0.0011935465,40,unmeasured_target_40_models,extrapolation_model_estimate,0.008131811602,4.992560588,5.008824212,0.01783143395,4.982860966,5.018523834,,,,,
56,97,153,Ba,,,5.013572,0.0019356591,40,unmeasured_target_40_models,extrapolation_model_estimate,0.008206885771,5.005365114,5.021778886,0.01803514651,4.995536853,5.031607147,,,,,
56,98,154,Ba,,,5.0262437,0.0025700564,40,unmeasured_target_40_models,extrapolation_model_estimate,0.00879032307,5.017453377,5.035034023,0.01920658053,5.007037119,5.045450281,,,,,
57,60,117,La,,,4.7521157,0.003982901,40,unmeasured_target_40_models,extrapolation_model_estimate,0.04364229136,4.708473409,4.795757991,0.08744066958,4.66467503,4.83955637,,,,,
57,63,120,La,,,4.791173,0.004478249,40,unmeasured_target_40_models,extrapolation_model_estimate,0.0379028464,4.753270154,4.829075846,0.07872692593,4.712446074,4.869899926,,,,,
57,64,121,La,,,4.7928667,0.0044781785,40,unmeasured_target_40_models,extrapolation_model_estimate,0.04559723568,4.747269464,4.838463936,0.09948824325,4.693378457,4.892354943,,,,,
57,65,122,La,,,4.803552,0.0044009024,40,unmeasured_target_40_models,extrapolation_model_estimate,0.0401848777,4.763367122,4.843736878,0.08630135797,4.717250642,4.889853358,,,,,
57,66,123,La,,,4.8083167,0.0025447132,40,unmeasured_target_40_models,extrapolation_model_estimate,0.02614929878,4.782167401,4.834465999,0.05641446706,4.751902233,4.864731167,,,,,
57,67,124,La,,,4.81015,0.0023267458,40,unmeasured_target_40_models,extrapolation_model_estimate,0.02148307017,4.78866693,4.83163307,0.04447220374,4.765677796,4.854622204,,,,,
57,68,125,La,,,4.817193,0.0023276105,40,unmeasured_target_40_models,extrapolation_model_estimate,0.01461064008,4.80258236,4.83180364,0.03166399901,4.785529001,4.848856999,,,,,
57,69,126,La,,,4.8194933,0.0024077643,40,unmeasured_target_40_models,extrapolation_model_estimate,0.01141777298,4.808075527,4.830911073,0.02389251221,4.795600788,4.843385812,,,,,
57,70,127,La,,,4.827464,0.0026186232,40,unmeasured_target_40_models,extrapolation_model_estimate,0.01188825579,4.815575744,4.839352256,0.02521886608,4.802245134,4.852682866,,,,,
57,71,128,La,,,4.823962,0.002446647,40,unmeasured_target_40_models,extrapolation_model_estimate,0.00960217253,4.814359827,4.833564173,0.02021836195,4.803743638,4.844180362,,,,,
57,72,129,La,,,4.8275347,0.0017546756,40,unmeasured_target_40_models,extrapolation_model_estimate,0.009483410348,4.81805129,4.83701811,0.02040463474,4.807130065,4.847939335,,,,,
57,73,130,La,,,4.827622,0.0017455886,40,unmeasured_target_40_models,extrapolation_model_estimate,0.009009555797,4.818612444,4.836631556,0.01979118715,4.807830813,4.847413187,,,,,
57,74,131,La,,,4.837666,0.0021664342,40,unmeasured_target_40_models,extrapolation_model_estimate,0.01139030045,4.8262757,4.8490563,0.02393277064,4.813733229,4.861598771,,,,,
57,75,132,La,,,4.8407774,0.0018503949,40,unmeasured_target_40_models,extrapolation_model_estimate,0.01105715671,4.829720243,4.851834557,0.02315466765,4.817622732,4.863932068,,,,,
57,76,133,La,,,4.842847,0.0019482146,40,unmeasured_target_40_models,extrapolation_model_estimate,0.009939829791,4.83290717,4.85278683,0.02059706071,4.822249939,4.863444061,,,,,
57,77,134,La,,,4.847138,0.0019980012,40,unmeasured_target_40_models,extrapolation_model_estimate,0.009966924565,4.837171075,4.857104925,0.02126339671,4.825874603,4.868401397,,,,,
57,78,135,La,4.8488,0.006,4.8508043,0.00090954255,4,measured_target_oof_4_models,heldout_test_aggregate,0.0107970051,4.840007295,4.861601305,0.02383708852,4.826967211,4.874641389,,,,,
57,79,136,La,,,4.8449583,0.0020831018,40,unmeasured_target_40_models,extrapolation_model_estimate,0.01028283224,4.834675468,4.855241132,0.02167106292,4.823287237,4.866629363,,,,,
57,80,137,La,4.8496,0.0053,4.8558607,0.0010171182,4,measured_target_oof_4_models,heldout_test_aggregate,0.01146132267,4.844399377,4.867322023,0.02383646075,4.832024239,4.879697161,,,,,
57,81,138,La,4.8473,0.0051,4.8552237,0.0012390326,4,measured_target_oof_4_models,heldout_test_aggregate,0.008876034896,4.846347665,4.864099735,0.01852296786,4.836700732,4.873746668,,,,,
57,82,139,La,4.855,0.0049,4.849909,0.00049346976,4,measured_target_oof_4_models,heldout_test_aggregate,0.01014871276,4.839760287,4.860057713,0.02134877302,4.828560227,4.871257773,,,,,
57,83,140,La,,,4.861209,0.001601907,40,unmeasured_target_40_models,extrapolation_model_estimate,0.009747108083,4.851461892,4.870956108,0.02079894563,4.840410054,4.882007946,,,,,
57,84,141,La,,,4.8799443,0.001868729,40,unmeasured_target_40_models,extrapolation_model_estimate,0.008509381816,4.871434918,4.888453682,0.01804046887,4.861903831,4.897984769,,,,,
57,85,142,La,,,4.890214,0.0022076154,40,unmeasured_target_40_models,extrapolation_model_estimate,0.007723159546,4.88249084,4.89793716,0.01651451788,4.873699482,4.906728518,,,,,
57,86,143,La,,,4.9010134,0.001856016,40,unmeasured_target_40_models,extrapolation_model_estimate,0.00721028007,4.89380312,4.90822368,0.01568659073,4.885326809,4.916699991,,,,,
57,87,144,La,,,4.911482,0.0021960728,40,unmeasured_target_40_models,extrapolation_model_estimate,0.006460232662,4.905021767,4.917942233,0.01374932631,4.897732674,4.925231326,,,,,
57,88,145,La,,,4.9305563,0.0026644631,40,unmeasured_target_40_models,extrapolation_model_estimate,0.009097123054,4.921459177,4.939653423,0.01940016691,4.911156133,4.949956467,,,,,
57,89,146,La,,,4.9465356,0.0020597188,40,unmeasured_target_40_models,extrapolation_model_estimate,0.01160572272,4.934929877,4.958141323,0.02487811427,4.921657486,4.971413714,,,,,
57,90,147,La,,,4.957404,0.0018382389,40,unmeasured_target_40_models,extrapolation_model_estimate,0.01119540628,4.946208594,4.968599406,0.02413087895,4.933273121,4.981534879,,,,,
57,91,148,La,,,4.97358,0.0016602813,40,unmeasured_target_40_models,extrapolation_model_estimate,0.01206390808,4.961516092,4.985643908,0.02546425803,4.948115742,4.999044258,,,,,
57,92,149,La,,,4.983485,0.0015449233,40,unmeasured_target_40_models,extrapolation_model_estimate,0.01270570845,4.970779292,4.996190708,0.02600884127,4.957476159,5.009493841,,,,,
57,93,150,La,,,4.988313,0.0010590948,40,unmeasured_target_40_models,extrapolation_model_estimate,0.01088384994,4.97742915,4.99919685,0.02369474772,4.964618252,5.012007748,,,,,
57,94,151,La,,,4.998905,0.002233004,40,unmeasured_target_40_models,extrapolation_model_estimate,0.01034558271,4.988559417,5.009250583,0.02189526032,4.97700974,5.02080026,,,,,
57,95,152,La,,,5.0033364,0.0019652608,40,unmeasured_target_40_models,extrapolation_model_estimate,0.009712931658,4.993623468,5.013049332,0.02135239772,4.981984002,5.024688798,,,,,
57,96,153,La,,,5.0114546,0.0014688878,40,unmeasured_target_40_models,extrapolation_model_estimate,0.009325243826,5.002129356,5.020779844,0.02028048813,4.991174112,5.031735088,,,,,
57,97,154,La,,,5.023426,0.0018507725,40,unmeasured_target_40_models,extrapolation_model_estimate,0.008883077798,5.014542922,5.032309078,0.01936785274,5.004058147,5.042793853,,,,,
57,98,155,La,,,5.0362353,0.0029496355,40,unmeasured_target_40_models,extrapolation_model_estimate,0.009188729462,5.027046571,5.045424029,0.02017545196,5.016059848,5.056410752,,,,,
57,99,156,La,,,5.039902,0.0013969381,40,unmeasured_target_40_models,extrapolation_model_estimate,0.009871084921,5.030030915,5.049773085,0.02125862594,5.018643374,5.061160626,,,,,
57,100,157,La,,,5.0511365,0.0020168487,40,unmeasured_target_40_models,extrapolation_model_estimate,0.01103184021,5.04010466,5.06216834,0.02437393343,5.026762567,5.075510433,,,,,
58,63,121,Ce,,,4.80925,0.00399603,40,unmeasured_target_40_models,extrapolation_model_estimate,0.03657990322,4.772670097,4.845829903,0.07694631074,4.732303689,4.886196311,,,,,
58,64,122,Ce,,,4.810441,0.004755923,40,unmeasured_target_40_models,extrapolation_model_estimate,0.03502481438,4.775416186,4.845465814,0.07457035452,4.735870645,4.885011355,,,,,
58,65,123,Ce,,,4.8225427,0.005425157,40,unmeasured_target_40_models,extrapolation_model_estimate,0.03917021794,4.783372482,4.861712918,0.08320016688,4.739342533,4.905742867,,,,,
58,66,124,Ce,,,4.82471,0.002151103,40,unmeasured_target_40_models,extrapolation_model_estimate,0.02905026749,4.795659733,4.853760267,0.06340621412,4.761303786,4.888116214,,,,,
58,67,125,Ce,,,4.827377,0.002372104,40,unmeasured_target_40_models,extrapolation_model_estimate,0.01913790082,4.808239099,4.846514901,0.04088035611,4.786496644,4.868257356,,,,,
58,68,126,Ce,,,4.836244,0.002493615,40,unmeasured_target_40_models,extrapolation_model_estimate,0.02220208714,4.814041913,4.858446087,0.04688535321,4.789358647,4.883129353,,,,,
58,69,127,Ce,,,4.8394,0.002284425,40,unmeasured_target_40_models,extrapolation_model_estimate,0.0170468907,4.822353109,4.856446891,0.03743309674,4.801966903,4.876833097,,,,,
58,70,128,Ce,,,4.8494267,0.002728063,40,unmeasured_target_40_models,extrapolation_model_estimate,0.01333284229,4.836093858,4.862759542,0.02857667047,4.82085003,4.87800337,,,,,
58,71,129,Ce,,,4.844808,0.0024867824,40,unmeasured_target_40_models,extrapolation_model_estimate,0.008938077954,4.835869922,4.853746078,0.01924012231,4.825567878,4.864048122,,,,,
58,72,130,Ce,,,4.848095,0.0025420815,40,unmeasured_target_40_models,extrapolation_model_estimate,0.009068660064,4.83902634,4.85716366,0.01906086395,4.829034136,4.867155864,,,,,
58,73,131,Ce,,,4.847581,0.001677911,40,unmeasured_target_40_models,extrapolation_model_estimate,0.008415511009,4.839165489,4.855996511,0.0181002437,4.829480756,4.865681244,,,,,
58,74,132,Ce,,,4.8591833,0.0020017466,40,unmeasured_target_40_models,extrapolation_model_estimate,0.01018298455,4.849000315,4.869366285,0.02144711919,4.837736181,4.880630419,,,,,
58,75,133,Ce,,,4.860109,0.0018242269,40,unmeasured_target_40_models,extrapolation_model_estimate,0.01062658114,4.849482419,4.870735581,0.02199612458,4.838112875,4.882105125,,,,,
58,76,134,Ce,,,4.864175,0.0019496853,40,unmeasured_target_40_models,extrapolation_model_estimate,0.01034880967,4.85382619,4.87452381,0.02189860785,4.842276392,4.886073608,,,,,
58,77,135,Ce,,,4.864988,0.0019052298,40,unmeasured_target_40_models,extrapolation_model_estimate,0.009249671713,4.855738328,4.874237672,0.01946060553,4.845527394,4.884448606,,,,,
58,78,136,Ce,4.8739,0.0018,4.873669,0.0007775782,4,measured_target_oof_4_models,heldout_test_aggregate,0.01062974733,4.863039253,4.884298747,0.02309841747,4.850570583,4.896767417,,,,,
58,79,137,Ce,,,4.864303,0.0015403844,40,unmeasured_target_40_models,extrapolation_model_estimate,0.008822428546,4.855480571,4.873125429,0.01880586854,4.845497131,4.883108869,,,,,
58,80,138,Ce,4.8737,0.0018,4.87075,0.0006424773,4,measured_target_oof_4_models,heldout_test_aggregate,0.01038189477,4.860368105,4.881131895,0.02274279519,4.848007205,4.893492795,,,,,
58,81,139,Ce,,,4.870095,0.0021802725,40,unmeasured_target_40_models,extrapolation_model_estimate,0.00983515857,4.860259841,4.879930159,0.02074793005,4.84934707,4.89084293,,,,,
58,82,140,Ce,4.8771,0.0018,4.8681555,0.00044121436,4,measured_target_oof_4_models,heldout_test_aggregate,0.01092314851,4.857232351,4.879078649,0.02407322036,4.84408228,4.89222872,,,,,
58,83,141,Ce,,,4.8790655,0.0021221777,40,unmeasured_target_40_models,extrapolation_model_estimate,0.008828500169,4.870237,4.887894,0.01920343824,4.859862062,4.898268938,,,,,
58,84,142,Ce,4.9063,0.002,4.893812,0.0015334327,4,measured_target_oof_4_models,heldout_test_aggregate,0.00976266469,4.884049335,4.903574665,0.02062001066,4.873191989,4.914432011,,,,,
58,85,143,Ce,,,4.9074965,0.0020251577,40,unmeasured_target_40_models,extrapolation_model_estimate,0.007839479725,4.89965702,4.91533598,0.01666371237,4.890832788,4.924160212,,,,,
58,86,144,Ce,4.9303,0.0024,4.918906,0.0005606577,4,measured_target_oof_4_models,heldout_test_aggregate,0.007005408041,4.911900592,4.925911408,0.01545619137,4.903449809,4.934362191,,,,,
58,87,145,Ce,,,4.929822,0.0016068869,40,unmeasured_target_40_models,extrapolation_model_estimate,0.007181571399,4.922640429,4.937003571,0.01543868262,4.914383317,4.945260683,,,,,
58,88,146,Ce,4.959,0.0028,4.9468503,0.0010270805,4,measured_target_oof_4_models,heldout_test_aggregate,0.006759565029,4.940090735,4.953609865,0.01503383105,4.931816469,4.961884131,,,,,
58,89,147,Ce,,,4.9649534,0.0015893774,40,unmeasured_target_40_models,extrapolation_model_estimate,0.007389699635,4.9575637,4.9723431,0.01563304892,4.949320351,4.980586449,,,,,
58,90,148,Ce,4.9893,0.0035,4.975541,0.0012783679,4,measured_target_oof_4_models,heldout_test_aggregate,0.008200332557,4.967340667,4.983741333,0.01816369006,4.95737731,4.99370469,,,,,
58,91,149,Ce,,,4.9958057,0.0014722623,40,unmeasured_target_40_models,extrapolation_model_estimate,0.01126978113,4.984535919,5.007075481,0.02421291628,4.971592784,5.020018616,,,,,
58,92,150,Ce,,,5.0048957,0.0014336484,40,unmeasured_target_40_models,extrapolation_model_estimate,0.01092050172,4.993975198,5.015816202,0.02319979406,4.981695906,5.028095494,,,,,
58,93,151,Ce,,,5.009406,0.0018654442,40,unmeasured_target_40_models,extrapolation_model_estimate,0.01138107696,4.998024923,5.020787077,0.02439216817,4.985013832,5.033798168,,,,,
58,94,152,Ce,,,5.019559,0.0025942328,40,unmeasured_target_40_models,extrapolation_model_estimate,0.01106509614,5.008493904,5.030624096,0.02500097519,4.994558025,5.044559975,,,,,
58,95,153,Ce,,,5.0257707,0.0021963364,40,unmeasured_target_40_models,extrapolation_model_estimate,0.01100052518,5.014770175,5.036771225,0.02405203687,5.001718663,5.049822737,,,,,
58,96,154,Ce,,,5.0339417,0.00164647,40,unmeasured_target_40_models,extrapolation_model_estimate,0.009500444062,5.024441256,5.043442144,0.02107146204,5.012870238,5.055013162,,,,,
58,97,155,Ce,,,5.047254,0.002373527,40,unmeasured_target_40_models,extrapolation_model_estimate,0.009628033894,5.037625966,5.056882034,0.02085828874,5.026395711,5.068112289,,,,,
58,98,156,Ce,,,5.0594063,0.0032973413,40,unmeasured_target_40_models,extrapolation_model_estimate,0.01004683204,5.049359468,5.069453132,0.02179663657,5.037609663,5.081202937,,,,,
58,99,157,Ce,,,5.0647793,0.0024546662,40,unmeasured_target_40_models,extrapolation_model_estimate,0.00939171406,5.055387586,5.074171014,0.02041665853,5.044362641,5.085195959,,,,,
58,100,158,Ce,,,5.0739613,0.0025579215,40,unmeasured_target_40_models,extrapolation_model_estimate,0.01053810489,5.063423195,5.084499405,0.02278150187,5.051179798,5.096742802,,,,,
59,62,121,Pr,,,4.8203926,0.0032538474,40,unmeasured_target_40_models,extrapolation_model_estimate,0.04541542036,4.77497718,4.86580802,0.09584438048,4.72454822,4.91623698,,,,,
59,65,124,Pr,,,4.842257,0.00414471,40,unmeasured_target_40_models,extrapolation_model_estimate,0.03703708686,4.805219913,4.879294087,0.07820648831,4.764050512,4.920463488,,,,,
59,66,125,Pr,,,4.8464475,0.00191459,40,unmeasured_target_40_models,extrapolation_model_estimate,0.02789055195,4.818556948,4.874338052,0.06245920043,4.7839883,4.9089067,,,,,
59,67,126,Pr,,,4.8490076,0.0016636436,40,unmeasured_target_40_models,extrapolation_model_estimate,0.02735115796,4.821656442,4.876358758,0.05857537287,4.790432227,4.907582973,,,,,
59,68,127,Pr,,,4.856517,0.0024165963,40,unmeasured_target_40_models,extrapolation_model_estimate,0.02562985524,4.830887145,4.882146855,0.05491393948,4.801603061,4.911430939,,,,,
59,69,128,Pr,,,4.859368,0.0021026938,40,unmeasured_target_40_models,extrapolation_model_estimate,0.02198948062,4.837378519,4.881357481,0.04861458344,4.810753417,4.907982583,,,,,
59,70,129,Pr,,,4.8707876,0.0026186884,40,unmeasured_target_40_models,extrapolation_model_estimate,0.02226866992,4.84851893,4.89305627,0.04724182768,4.823545772,4.918029428,,,,,
59,71,130,Pr,,,4.865486,0.0025623648,40,unmeasured_target_40_models,extrapolation_model_estimate,0.01330031076,4.852185689,4.878786311,0.02826820828,4.837217792,4.893754208,,,,,
59,72,131,Pr,,,4.872243,0.002171268,40,unmeasured_target_40_models,extrapolation_model_estimate,0.01110051545,4.861142485,4.883343515,0.02331089037,4.84893211,4.89555389,,,,,
59,73,132,Pr,,,4.8701577,0.0019569255,40,unmeasured_target_40_models,extrapolation_model_estimate,0.009144659332,4.861013041,4.879302359,0.0198524324,4.850305268,4.890010132,,,,,
59,74,133,Pr,,,4.8827777,0.0019921334,40,unmeasured_target_40_models,extrapolation_model_estimate,0.01051777123,4.872259929,4.893295471,0.02191738541,4.860860315,4.904695085,,,,,
59,75,134,Pr,,,4.886004,0.0017211144,40,unmeasured_target_40_models,extrapolation_model_estimate,0.01051237189,4.875491628,4.896516372,0.02184377408,4.864160226,4.907847774,,,,,
59,76,135,Pr,,,4.8869715,0.0017603267,40,unmeasured_target_40_models,extrapolation_model_estimate,0.01075821137,4.876213289,4.897729711,0.02249024144,4.864481259,4.909461741,,,,,
59,77,136,Pr,,,4.8907614,0.00235229,40,unmeasured_target_40_models,extrapolation_model_estimate,0.01033504572,4.880426354,4.901096446,0.02170401957,4.86905738,4.91246542,,,,,
59,78,137,Pr,,,4.898711,0.0021465425,40,unmeasured_target_40_models,extrapolation_model_estimate,0.01060642188,4.888104578,4.909317422,0.0223808311,4.876330169,4.921091831,,,,,
59,79,138,Pr,,,4.8905153,0.0020249097,40,unmeasured_target_40_models,extrapolation_model_estimate,0.009796383666,4.880718916,4.900311684,0.02075651318,4.869758787,4.911271813,,,,,
59,80,139,Pr,,,4.9006453,0.0023586233,40,unmeasured_target_40_models,extrapolation_model_estimate,0.01049387797,4.890151422,4.911139178,0.02236761057,4.878277689,4.923012911,,,,,
59,81,140,Pr,,,4.8964653,0.0027962734,40,unmeasured_target_40_models,extrapolation_model_estimate,0.01053850034,4.8859268,4.9070038,0.02298441772,4.873480882,4.919449718,,,,,
59,82,141,Pr,4.8919,0.005,4.8992343,0.0029411225,4,measured_target_oof_4_models,heldout_test_aggregate,0.01053847982,4.88869582,4.90977278,0.02154591826,4.877688382,4.920780218,,,,,
59,83,142,Pr,,,4.9067893,0.002192777,40,unmeasured_target_40_models,extrapolation_model_estimate,0.01270900352,4.894080296,4.919498304,0.02685826898,4.879931031,4.933647569,,,,,
59,84,143,Pr,,,4.9276676,0.0026221992,40,unmeasured_target_40_models,extrapolation_model_estimate,0.01292791404,4.914739686,4.940595514,0.02745906246,4.900208538,4.955126662,,,,,
59,85,144,Pr,,,4.9389443,0.0025213805,40,unmeasured_target_40_models,extrapolation_model_estimate,0.009472781638,4.929471518,4.948417082,0.02021263286,4.918731667,4.959156933,,,,,
59,86,145,Pr,,,4.951037,0.0021526045,40,unmeasured_target_40_models,extrapolation_model_estimate,0.009473389518,4.94156361,4.96051039,0.02038897242,4.930648028,4.971425972,,,,,
59,87,146,Pr,,,4.9609785,0.002346917,40,unmeasured_target_40_models,extrapolation_model_estimate,0.008090395303,4.952888105,4.969068895,0.01721325094,4.943765249,4.978191751,,,,,
59,88,147,Pr,,,4.9795103,0.0022095172,40,unmeasured_target_40_models,extrapolation_model_estimate,0.008661447882,4.970848852,4.988171748,0.01828187959,4.96122842,4.99779218,,,,,
59,89,148,Pr,,,4.9980993,0.0020460123,40,unmeasured_target_40_models,extrapolation_model_estimate,0.008159174659,4.989940125,5.006258475,0.01756019614,4.980539104,5.015659496,,,,,
59,90,149,Pr,,,5.0105324,0.0018246339,40,unmeasured_target_40_models,extrapolation_model_estimate,0.007186024028,5.003346376,5.017718424,0.01552395188,4.995008448,5.026056352,,,,,
59,91,150,Pr,,,5.026431,0.0022071677,40,unmeasured_target_40_models,extrapolation_model_estimate,0.008245355479,5.018185645,5.034676355,0.01827938645,5.008151614,5.044710386,,,,,
59,92,151,Pr,,,5.0361924,0.0016412927,40,unmeasured_target_40_models,extrapolation_model_estimate,0.0103969208,5.025795479,5.046589321,0.02185073532,5.014341665,5.058043135,,,,,
59,93,152,Pr,,,5.042445,0.0019207586,40,unmeasured_target_40_models,extrapolation_model_estimate,0.01104058426,5.031404416,5.053485584,0.02335573398,5.019089266,5.065800734,,,,,
59,94,153,Pr,,,5.0498466,0.002814848,40,unmeasured_target_40_models,extrapolation_model_estimate,0.01197737949,5.037869221,5.061823979,0.02503849173,5.024808108,5.074885092,,,,,
59,95,154,Pr,,,5.056612,0.0012810539,40,unmeasured_target_40_models,extrapolation_model_estimate,0.01145499278,5.045157007,5.068066993,0.02441914286,5.032192857,5.081031143,,,,,
59,96,155,Pr,,,5.0653143,0.0019636287,40,unmeasured_target_40_models,extrapolation_model_estimate,0.01163732266,5.053676977,5.076951623,0.02599000343,5.039324297,5.091304303,,,,,
59,97,156,Pr,,,5.0792103,0.0021871391,40,unmeasured_target_40_models,extrapolation_model_estimate,0.01183876786,5.067371532,5.091049068,0.02532315704,5.053887143,5.104533457,,,,,
59,98,157,Pr,,,5.0877404,0.0026953826,40,unmeasured_target_40_models,extrapolation_model_estimate,0.01178059349,5.075959807,5.099520993,0.02523155772,5.062508842,5.112971958,,,,,
59,99,158,Pr,,,5.094235,0.0017959764,40,unmeasured_target_40_models,extrapolation_model_estimate,0.01096469456,5.083270305,5.105199695,0.02365291121,5.070582089,5.117887911,,,,,
59,100,159,Pr,,,5.1037664,0.0018802778,40,unmeasured_target_40_models,extrapolation_model_estimate,0.0108118748,5.092954525,5.114578275,0.02355338043,5.08021302,5.12731978,,,,,
59,101,160,Pr,,,5.1158495,0.0037714837,40,unmeasured_target_40_models,extrapolation_model_estimate,0.01105350011,5.104796,5.126903,0.02354067645,5.092308824,5.139390176,,,,,
59,102,161,Pr,,,5.113515,0.0020256056,40,unmeasured_target_40_models,extrapolation_model_estimate,0.01209541875,5.101419581,5.125610419,0.0254316439,5.088083356,5.138946644,,,,,
60,65,125,Nd,,,4.865899,0.004413794,40,unmeasured_target_40_models,extrapolation_model_estimate,0.03494789152,4.830951108,4.900846892,0.07412063087,4.791778369,4.940019631,,,,,
60,66,126,Nd,,,4.867406,0.0020870592,40,unmeasured_target_40_models,extrapolation_model_estimate,0.03523465422,4.832171346,4.902640654,0.07418488224,4.793221118,4.941590882,,,,,
60,67,127,Nd,,,4.8727746,0.0023933125,40,unmeasured_target_40_models,extrapolation_model_estimate,0.02649063361,4.846283966,4.899265234,0.05604245662,4.816732143,4.928817057,,,,,
60,68,128,Nd,,,4.8793054,0.0026630594,40,unmeasured_target_40_models,extrapolation_model_estimate,0.02183291897,4.857472481,4.901138319,0.04914819301,4.830157207,4.928453593,,,,,
60,69,129,Nd,,,4.884185,0.0016808736,40,unmeasured_target_40_models,extrapolation_model_estimate,0.02643635618,4.857748644,4.910621356,0.05791614654,4.826268853,4.942101147,,,,,
60,70,130,Nd,,,4.8936415,0.0023182738,40,unmeasured_target_40_models,extrapolation_model_estimate,0.02591674991,4.86772475,4.91955825,0.05508515798,4.838556342,4.948726658,,,,,
60,71,131,Nd,,,4.890717,0.0019116813,40,unmeasured_target_40_models,extrapolation_model_estimate,0.01923483788,4.871482162,4.909951838,0.04016120709,4.850555793,4.930878207,,,,,
60,72,132,Nd,4.9174,0.0026,4.887865,0.0014207425,4,measured_target_oof_4_models,heldout_test_aggregate,0.01242259952,4.8754424,4.9002876,0.02668519777,4.861179802,4.914550198,,,,,
60,73,133,Nd,,,4.8934717,0.0012402725,40,unmeasured_target_40_models,extrapolation_model_estimate,0.01029177575,4.883179924,4.903763476,0.0222022733,4.871269427,4.915673973,,,,,
60,74,134,Nd,4.9128,0.0026,4.900695,0.0018707446,4,measured_target_oof_4_models,heldout_test_aggregate,0.009242802646,4.891452197,4.909937803,0.01883537729,4.881859623,4.919530377,,,,,
60,75,135,Nd,4.9086,0.0026,4.906436,0.0009546309,4,measured_target_oof_4_models,heldout_test_aggregate,0.009383849188,4.897052151,4.915819849,0.02065806166,4.885777938,4.927094062,,,,,
60,76,136,Nd,4.9111,0.0026,4.909164,0.00032372455,4,measured_target_oof_4_models,heldout_test_aggregate,0.01041635758,4.898747642,4.919580358,0.02260778006,4.88655622,4.93177178,,,,,
60,77,137,Nd,4.908,0.0026,4.9135876,0.0007415468,4,measured_target_oof_4_models,heldout_test_aggregate,0.009760158205,4.903827442,4.923347758,0.02039387289,4.893193727,4.933981473,,,,,
60,78,138,Nd,4.9123,0.0026,4.921029,0.0011026888,4,measured_target_oof_4_models,heldout_test_aggregate,0.01120347198,4.909825528,4.932232472,0.0241137751,4.896915225,4.945142775,,,,,
60,79,139,Nd,4.9076,0.0025,4.913179,0.0010897423,4,measured_target_oof_4_models,heldout_test_aggregate,0.009805788385,4.903373212,4.922984788,0.02101211132,4.892166889,4.934191111,,,,,
60,80,140,Nd,4.9101,0.0026,4.923721,0.0010041893,4,measured_target_oof_4_models,heldout_test_aggregate,0.009829058366,4.913891942,4.933550058,0.02138254692,4.902338453,4.945103547,,,,,
60,81,141,Nd,4.9057,0.0026,4.9217205,0.0011528664,4,measured_target_oof_4_models,heldout_test_aggregate,0.008671654306,4.913048846,4.930392154,0.01802841909,4.903692081,4.939748919,,,,,
60,82,142,Nd,4.9123,0.0025,4.9205427,0.0006464003,4,measured_target_oof_4_models,heldout_test_aggregate,0.01010335844,4.910439342,4.930646058,0.02102175326,4.899520947,4.941564453,,,,,
60,83,143,Nd,4.9254,0.0026,4.930242,0.00070610247,4,measured_target_oof_4_models,heldout_test_aggregate,0.01015039332,4.920091607,4.940392393,0.02162742876,4.908614571,4.951869429,,,,,
60,84,144,Nd,4.9421,0.0027,4.9519825,0.0011990671,4,measured_target_oof_4_models,heldout_test_aggregate,0.01084372431,4.941138776,4.962826224,0.02369061937,4.928291881,4.975673119,,,,,
60,85,145,Nd,4.9535,0.0028,4.9624915,0.0011587228,4,measured_target_oof_4_models,heldout_test_aggregate,0.01199659407,4.950494906,4.974488094,0.02458999427,4.937901506,4.987081494,,,,,
60,86,146,Nd,4.9696,0.003,4.973978,0.0010416985,4,measured_target_oof_4_models,heldout_test_aggregate,0.01118614302,4.962791857,4.985164143,0.02273984705,4.951238153,4.996717847,,,,,
60,87,147,Nd,,,4.983688,0.0017487576,40,unmeasured_target_40_models,extrapolation_model_estimate,0.009685853432,4.974002147,4.993373853,0.02083424693,4.962853753,5.004522247,,,,,
60,88,148,Nd,4.9999,0.0036,5.002389,0.00061132514,4,measured_target_oof_4_models,heldout_test_aggregate,0.008903528877,4.993485471,5.011292529,0.01852853006,4.98386047,5.02091753,,,,,
60,89,149,Nd,,,5.0193014,0.0013279619,40,unmeasured_target_40_models,extrapolation_model_estimate,0.008705939347,5.010595461,5.028007339,0.01864866029,5.00065274,5.03795006,,,,,
60,90,150,Nd,5.04,0.0044,5.0345097,0.0007470364,4,measured_target_oof_4_models,heldout_test_aggregate,0.009213523101,5.025296177,5.043723223,0.0206984311,5.013811269,5.055208131,,,,,
60,91,151,Nd,,,5.0490046,0.0010178539,40,unmeasured_target_40_models,extrapolation_model_estimate,0.008295896703,5.040708703,5.057300497,0.01782207012,5.03118253,5.06682667,,,,,
60,92,152,Nd,,,5.0589447,0.0009027377,40,unmeasured_target_40_models,extrapolation_model_estimate,0.007893904385,5.051050796,5.066838604,0.01672433489,5.042220365,5.075669035,,,,,
60,93,153,Nd,,,5.065623,0.0012334483,40,unmeasured_target_40_models,extrapolation_model_estimate,0.009575079237,5.056047921,5.075198079,0.02065647833,5.044966522,5.086279478,,,,,
60,94,154,Nd,,,5.073394,0.0020206037,40,unmeasured_target_40_models,extrapolation_model_estimate,0.01148176663,5.061912233,5.084875767,0.02428959217,5.049104408,5.097683592,,,,,
60,95,155,Nd,,,5.082898,0.0010664138,40,unmeasured_target_40_models,extrapolation_model_estimate,0.01171019294,5.071187807,5.094608193,0.0249219486,5.057976051,5.107819949,,,,,
60,96,156,Nd,,,5.0904365,0.0013424271,40,unmeasured_target_40_models,extrapolation_model_estimate,0.01166470434,5.078771796,5.102101204,0.02556716008,5.06486934,5.11600366,,,,,
60,97,157,Nd,,,5.1047015,0.0022793924,40,unmeasured_target_40_models,extrapolation_model_estimate,0.01311889749,5.091582603,5.117820397,0.02805377063,5.076647729,5.132755271,,,,,
60,98,158,Nd,,,5.1155043,0.0024433725,40,unmeasured_target_40_models,extrapolation_model_estimate,0.0144847039,5.101019596,5.129989004,0.03106943435,5.084434866,5.146573734,,,,,
60,99,159,Nd,,,5.1204753,0.0023141205,40,unmeasured_target_40_models,extrapolation_model_estimate,0.01229031063,5.108184989,5.132765611,0.0266842704,5.09379103,5.14715957,,,,,
60,100,160,Nd,,,5.129544,0.0026425768,40,unmeasured_target_40_models,extrapolation_model_estimate,0.01244997018,5.11709403,5.14199397,0.02615972453,5.103384275,5.155703725,,,,,
60,101,161,Nd,,,5.141621,0.003106172,40,unmeasured_target_40_models,extrapolation_model_estimate,0.01228332126,5.129337679,5.153904321,0.02571486105,5.115906139,5.167335861,,,,,
60,102,162,Nd,,,5.1383195,0.0021128128,40,unmeasured_target_40_models,extrapolation_model_estimate,0.01185102483,5.126468475,5.150170525,0.0254723993,5.112847101,5.163791899,,,,,
60,103,163,Nd,,,5.1500406,0.0021547691,40,unmeasured_target_40_models,extrapolation_model_estimate,0.01221297934,5.137827621,5.162253579,0.02725273166,5.122787868,5.177293332,,,,,
61,67,128,Pm,,,4.870043,0.0018957403,40,unmeasured_target_40_models,extrapolation_model_estimate,0.0316564051,4.838386595,4.901699405,0.06768240824,4.802360592,4.937725408,,,,,
61,68,129,Pm,,,4.8798456,0.0021334833,40,unmeasured_target_40_models,extrapolation_model_estimate,0.02829355031,4.85155205,4.90813915,0.06036640111,4.819479199,4.940212001,,,,,
61,69,130,Pm,,,4.8822403,0.0023227397,40,unmeasured_target_40_models,extrapolation_model_estimate,0.0222888226,4.859951477,4.904529123,0.04745518923,4.834785111,4.929695489,,,,,
61,70,131,Pm,,,4.8948874,0.0025639916,40,unmeasured_target_40_models,extrapolation_model_estimate,0.03034979282,4.864537607,4.925237193,0.06562129588,4.829266104,4.960508696,,,,,
61,71,132,Pm,,,4.888866,0.002520519,40,unmeasured_target_40_models,extrapolation_model_estimate,0.0214630173,4.867402983,4.910329017,0.04573288189,4.843133118,4.934598882,,,,,
61,72,133,Pm,,,4.8950095,0.0018212525,40,unmeasured_target_40_models,extrapolation_model_estimate,0.01988653027,4.87512297,4.91489603,0.04245646748,4.852553033,4.937465967,,,,,
61,73,134,Pm,,,4.8928785,0.001363551,40,unmeasured_target_40_models,extrapolation_model_estimate,0.017527766,4.875350734,4.910406266,0.03758921783,4.855289282,4.930467718,,,,,
61,74,135,Pm,,,4.9041243,0.001744081,40,unmeasured_target_40_models,extrapolation_model_estimate,0.01530602558,4.888818274,4.919430326,0.03272286374,4.871401436,4.936847164,,,,,
61,75,136,Pm,,,4.9054966,0.001302491,40,unmeasured_target_40_models,extrapolation_model_estimate,0.01156240196,4.893934198,4.917059002,0.02475287304,4.880743727,4.930249473,,,,,
61,76,137,Pm,,,4.907611,0.0016490179,40,unmeasured_target_40_models,extrapolation_model_estimate,0.009770647045,4.897840353,4.917381647,0.02063492483,4.886976075,4.928245925,,,,,
61,77,138,Pm,,,4.9103904,0.0017223096,40,unmeasured_target_40_models,extrapolation_model_estimate,0.009476758286,4.900913642,4.919867158,0.02027013165,4.890120268,4.930660532,,,,,
61,78,139,Pm,,,4.9182053,0.001450823,40,unmeasured_target_40_models,extrapolation_model_estimate,0.009863651617,4.908341648,4.928068952,0.02119472802,4.897010572,4.939400028,,,,,
61,79,140,Pm,,,4.9085608,0.0010614492,40,unmeasured_target_40_models,extrapolation_model_estimate,0.01055321936,4.898007581,4.919114019,0.022110657,4.886450143,4.930671457,,,,,
61,80,141,Pm,,,4.9177313,0.0015400061,40,unmeasured_target_40_models,extrapolation_model_estimate,0.01214929819,4.905582002,4.929880598,0.02555067676,4.892180623,4.943281977,,,,,
61,81,142,Pm,,,4.91375,0.0023269914,40,unmeasured_target_40_models,extrapolation_model_estimate,0.01132891786,4.902421082,4.925078918,0.02429918441,4.889450816,4.938049184,,,,,
61,82,143,Pm,,,4.915835,0.0013839793,40,unmeasured_target_40_models,extrapolation_model_estimate,0.01042277668,4.905412223,4.926257777,0.02264248578,4.893192514,4.938477486,,,,,
61,83,144,Pm,,,4.9293,0.0013629629,40,unmeasured_target_40_models,extrapolation_model_estimate,0.01054176065,4.918758239,4.939841761,0.02287680775,4.906423192,4.952176808,,,,,
61,84,145,Pm,,,4.94785,0.001606025,40,unmeasured_target_40_models,extrapolation_model_estimate,0.0113794767,4.936470523,4.959229477,0.02421176671,4.923638233,4.972061767,,,,,
61,85,146,Pm,,,4.9581256,0.001942508,40,unmeasured_target_40_models,extrapolation_model_estimate,0.01074218156,4.947383418,4.968867782,0.02300444825,4.935121152,4.981130048,,,,,
61,86,147,Pm,,,4.9725018,0.0017909488,40,unmeasured_target_40_models,extrapolation_model_estimate,0.011620138,4.960881662,4.984121938,0.02495805783,4.947543742,4.997459858,,,,,
61,87,148,Pm,,,4.984565,0.0022036356,40,unmeasured_target_40_models,extrapolation_model_estimate,0.01284164629,4.971723354,4.997406646,0.02741156123,4.957153439,5.011976561,,,,,
61,88,149,Pm,,,5.002261,0.0021437535,40,unmeasured_target_40_models,extrapolation_model_estimate,0.0105708364,4.991690164,5.012831836,0.02213222509,4.980128775,5.024393225,,,,,
61,89,150,Pm,,,5.020574,0.0018722415,40,unmeasured_target_40_models,extrapolation_model_estimate,0.01110664938,5.009467351,5.031680649,0.02336961744,4.997204383,5.043943617,,,,,
61,90,151,Pm,,,5.035154,0.0015110365,40,unmeasured_target_40_models,extrapolation_model_estimate,0.008962576124,5.026191424,5.044116576,0.01892652361,5.016227476,5.054080524,,,,,
61,91,152,Pm,,,5.0507007,0.0016476812,40,unmeasured_target_40_models,extrapolation_model_estimate,0.00913721755,5.041563482,5.059837918,0.02015295708,5.030547743,5.070853657,,,,,
61,92,153,Pm,,,5.060542,0.0013953764,40,unmeasured_target_40_models,extrapolation_model_estimate,0.009556096819,5.050985903,5.070098097,0.02073260633,5.039809394,5.081274606,,,,,
61,93,154,Pm,,,5.0685835,0.0011981461,40,unmeasured_target_40_models,extrapolation_model_estimate,0.008740608959,5.059842891,5.077324109,0.01872141187,5.049862088,5.087304912,,,,,
61,94,155,Pm,,,5.0769067,0.0020444675,40,unmeasured_target_40_models,extrapolation_model_estimate,0.008566416289,5.068340284,5.085473116,0.01834608489,5.058560615,5.095252785,,,,,
61,95,156,Pm,,,5.083097,0.0018263191,40,unmeasured_target_40_models,extrapolation_model_estimate,0.01102600492,5.072070995,5.094123005,0.02349100881,5.059605991,5.106588009,,,,,
61,96,157,Pm,,,5.091386,0.0013848481,40,unmeasured_target_40_models,extrapolation_model_estimate,0.01241124121,5.078974759,5.103797241,0.02537120192,5.066014798,5.116757202,,,,,
61,97,158,Pm,,,5.1036787,0.0021402577,40,unmeasured_target_40_models,extrapolation_model_estimate,0.01112893953,5.09254976,5.11480764,0.0243383336,5.079340366,5.128017034,,,,,
61,98,159,Pm,,,5.1163254,0.003119987,40,unmeasured_target_40_models,extrapolation_model_estimate,0.01309456918,5.103230831,5.129419969,0.02847251191,5.087852888,5.144797912,,,,,
61,99,160,Pm,,,5.120418,0.0016003964,40,unmeasured_target_40_models,extrapolation_model_estimate,0.01342013243,5.106997868,5.133838132,0.02883598856,5.091582011,5.149253989,,,,,
61,100,161,Pm,,,5.129934,0.0020299708,40,unmeasured_target_40_models,extrapolation_model_estimate,0.01543975788,5.114494242,5.145373758,0.03288285542,5.097051145,5.162816855,,,,,
61,101,162,Pm,,,5.1400557,0.0031445792,40,unmeasured_target_40_models,extrapolation_model_estimate,0.01258103669,5.127474663,5.152636737,0.02721321298,5.112842487,5.167268913,,,,,
61,102,163,Pm,,,5.1397886,0.0013465857,40,unmeasured_target_40_models,extrapolation_model_estimate,0.01318608772,5.126602512,5.152974688,0.02891111525,5.110877485,5.168699715,,,,,
61,103,164,Pm,,,5.1480317,0.002134133,40,unmeasured_target_40_models,extrapolation_model_estimate,0.01285204272,5.135179657,5.160883743,0.02730096136,5.120730739,5.175332661,,,,,
61,104,165,Pm,,,5.153411,0.0025097628,40,unmeasured_target_40_models,extrapolation_model_estimate,0.01225477883,5.141156221,5.165665779,0.02652208699,5.126888913,5.179933087,,,,,
62,67,129,Sm,,,4.9050207,0.0024213665,40,unmeasured_target_40_models,extrapolation_model_estimate,0.02759136762,4.877429332,4.932612068,0.05575719279,4.849263507,4.960777893,,,,,
62,68,130,Sm,,,4.912341,0.0023651829,40,unmeasured_target_40_models,extrapolation_model_estimate,0.02660581405,4.885735186,4.938946814,0.05934142732,4.852999573,4.971682427,,,,,
62,69,131,Sm,,,4.91763,0.0018658421,40,unmeasured_target_40_models,extrapolation_model_estimate,0.0263630643,4.891266936,4.943993064,0.05472328913,4.862906711,4.972353289,,,,,
62,70,132,Sm,,,4.9298773,0.0024951333,40,unmeasured_target_40_models,extrapolation_model_estimate,0.02231904735,4.907558253,4.952196347,0.04745916214,4.882418138,4.977336462,,,,,
62,71,133,Sm,,,4.927018,0.0020348036,40,unmeasured_target_40_models,extrapolation_model_estimate,0.01622660116,4.910791399,4.943244601,0.03438643319,4.892631567,4.961404433,,,,,
62,72,134,Sm,,,4.9315133,0.0017206902,40,unmeasured_target_40_models,extrapolation_model_estimate,0.01934428289,4.912169017,4.950857583,0.04267496632,4.888838334,4.974188266,,,,,
62,73,135,Sm,,,4.931629,0.0010441747,40,unmeasured_target_40_models,extrapolation_model_estimate,0.01797104717,4.913657953,4.949600047,0.03756989833,4.894059102,4.969198898,,,,,
62,74,136,Sm,,,4.943204,0.0019842319,40,unmeasured_target_40_models,extrapolation_model_estimate,0.0171096636,4.926094336,4.960313664,0.03696799745,4.906236003,4.980171997,,,,,
62,75,137,Sm,,,4.9438124,0.001234295,40,unmeasured_target_40_models,extrapolation_model_estimate,0.01514916211,4.928663238,4.958961562,0.03280915945,4.911003241,4.976621559,,,,,
62,76,138,Sm,4.9599,0.0034,4.9436655,0.0012917643,4,measured_target_oof_4_models,heldout_test_aggregate,0.009977656137,4.933687844,4.953643156,0.02101968618,4.922645814,4.964685186,,,,,
62,77,139,Sm,4.9556,0.0034,4.948255,0.0016600656,4,measured_target_oof_4_models,heldout_test_aggregate,0.00890282313,4.939352177,4.957157823,0.01907378623,4.929181214,4.967328786,,,,,
62,78,140,Sm,4.9565,0.0034,4.954588,0.001419767,4,measured_target_oof_4_models,heldout_test_aggregate,0.009146998714,4.945441001,4.963734999,0.01967002513,4.934917975,4.974258025,,,,,
62,79,141,Sm,4.9517,0.0034,4.9476805,0.0005005298,4,measured_target_oof_4_models,heldout_test_aggregate,0.009148802944,4.938531697,4.956829303,0.01923785412,4.928442646,4.966918354,,,,,
62,80,142,Sm,4.9518,0.0034,4.956361,0.0012223809,4,measured_target_oof_4_models,heldout_test_aggregate,0.01075128652,4.945609713,4.967112287,0.02261264557,4.933748354,4.978973646,,,,,
62,81,143,Sm,4.9479,0.0034,4.956652,0.0006951891,4,measured_target_oof_4_models,heldout_test_aggregate,0.01076486619,4.945887134,4.967416866,0.0225280817,4.934123918,4.979180082,,,,,
62,82,144,Sm,4.9524,0.0034,4.957055,0.00085996004,4,measured_target_oof_4_models,heldout_test_aggregate,0.01033739509,4.946717605,4.967392395,0.02348981196,4.933565188,4.980544812,,,,,
62,83,145,Sm,4.9651,0.0034,4.9695606,0.000552178,4,measured_target_oof_4_models,heldout_test_aggregate,0.01019465141,4.959365949,4.979755251,0.02268166974,4.94687893,4.99224227,,,,,
62,84,146,Sm,4.9808,0.0035,4.9902453,0.00019568497,4,measured_target_oof_4_models,heldout_test_aggregate,0.01084985524,4.979395445,5.001095155,0.02308218719,4.967163113,5.013327487,,,,,
62,85,147,Sm,4.9892,0.0035,4.9980726,0.0006823584,4,measured_target_oof_4_models,heldout_test_aggregate,0.009759772694,4.988312827,5.007832373,0.02029692782,4.977775672,5.018369528,,,,,
62,86,148,Sm,5.0042,0.0034,5.0135813,0.00054613326,4,measured_target_oof_4_models,heldout_test_aggregate,0.0104863808,5.003094919,5.024067681,0.02271498133,4.990866319,5.036296281,,,,,
62,87,149,Sm,5.0134,0.0035,5.022647,0.00036477036,4,measured_target_oof_4_models,heldout_test_aggregate,0.009700142354,5.012946858,5.032347142,0.02005699317,5.002590007,5.042703993,,,,,
62,88,150,Sm,5.0387,0.0048,5.0413876,0.0005918661,4,measured_target_oof_4_models,heldout_test_aggregate,0.01210421346,5.029283387,5.053491813,0.02734883555,5.014038764,5.068736436,,,,,
62,89,151,Sm,5.055,0.0057,5.0595818,0.0013262569,4,measured_target_oof_4_models,heldout_test_aggregate,0.01340067056,5.046181129,5.072982471,0.02811268781,5.031469112,5.087694488,,,,,
62,90,152,Sm,5.0819,0.006,5.0753183,0.00070010254,4,measured_target_oof_4_models,heldout_test_aggregate,0.01007804336,5.065240257,5.085396343,0.02162640315,5.053691897,5.096944703,,,,,
62,91,153,Sm,5.0925,0.0068,5.088117,0.0017921948,4,measured_target_oof_4_models,heldout_test_aggregate,0.009259705589,5.078857294,5.097376706,0.01908478142,5.069032219,5.107201781,,,,,
62,92,154,Sm,5.1053,0.0067,5.099263,0.0016152649,4,measured_target_oof_4_models,heldout_test_aggregate,0.009636693085,5.089626307,5.108899693,0.02055064669,5.078712353,5.119813647,,,,,
62,93,155,Sm,,,5.1069636,0.001643568,40,unmeasured_target_40_models,extrapolation_model_estimate,0.008153507737,5.098810092,5.115117108,0.01749021235,5.089473388,5.124453812,,,,,
62,94,156,Sm,,,5.117964,0.0022759615,40,unmeasured_target_40_models,extrapolation_model_estimate,0.009186175282,5.108777825,5.127150175,0.02003747937,5.097926521,5.138001479,,,,,
62,95,157,Sm,,,5.1240196,0.001402649,40,unmeasured_target_40_models,extrapolation_model_estimate,0.009390724037,5.114628876,5.133410324,0.02025471136,5.103764889,5.144274311,,,,,
62,96,158,Sm,,,5.1331735,0.0016084771,40,unmeasured_target_40_models,extrapolation_model_estimate,0.008933287679,5.124240212,5.142106788,0.01826174775,5.114911752,5.151435248,,,,,
62,97,159,Sm,,,5.147521,0.0020043084,40,unmeasured_target_40_models,extrapolation_model_estimate,0.01123669604,5.136284304,5.158757696,0.02368950261,5.123831497,5.171210503,,,,,
62,98,160,Sm,,,5.159358,0.0023214556,40,unmeasured_target_40_models,extrapolation_model_estimate,0.01169773362,5.147660266,5.171055734,0.0254364325,5.133921568,5.184794432,,,,,
62,99,161,Sm,,,5.1628237,0.0018012725,40,unmeasured_target_40_models,extrapolation_model_estimate,0.01197646118,5.150847239,5.174800161,0.02553886519,5.137284835,5.188362565,,,,,
62,100,162,Sm,,,5.1716046,0.0020944923,40,unmeasured_target_40_models,extrapolation_model_estimate,0.01514027391,5.156464326,5.186744874,0.03236676181,5.139237838,5.203971362,,,,,
62,101,163,Sm,,,5.183775,0.002956216,40,unmeasured_target_40_models,extrapolation_model_estimate,0.01436827154,5.169406728,5.198143272,0.03188236883,5.151892631,5.215657369,,,,,
62,102,164,Sm,,,5.180858,0.0015681041,40,unmeasured_target_40_models,extrapolation_model_estimate,0.01467114527,5.166186855,5.195529145,0.03108036317,5.149777637,5.211938363,,,,,
62,103,165,Sm,,,5.19246,0.001648996,40,unmeasured_target_40_models,extrapolation_model_estimate,0.01215439157,5.180305608,5.204614392,0.02640079208,5.166059208,5.218860792,,,,,
62,104,166,Sm,,,5.1967278,0.0022617371,40,unmeasured_target_40_models,extrapolation_model_estimate,0.01249195596,5.184235844,5.209219756,0.02707375156,5.169654048,5.223801552,,,,,
62,105,167,Sm,,,5.2058063,0.0020847167,40,unmeasured_target_40_models,extrapolation_model_estimate,0.01286935061,5.192936949,5.218675651,0.02733647029,5.17846983,5.23314277,,,,,
62,106,168,Sm,,,5.202942,0.0020912979,40,unmeasured_target_40_models,extrapolation_model_estimate,0.01331216238,5.189629838,5.216254162,0.03028884683,5.172653153,5.233230847,,,,,
63,67,130,Eu,,,4.9233665,0.0025753889,40,unmeasured_target_40_models,extrapolation_model_estimate,0.03020611806,4.893160382,4.953572618,0.06425358267,4.859112917,4.987620083,,,,,
63,68,131,Eu,,,4.932237,0.0027014466,40,unmeasured_target_40_models,extrapolation_model_estimate,0.02974745932,4.902489541,4.961984459,0.06014486974,4.87209213,4.99238187,,,,,
63,69,132,Eu,,,4.937289,0.0027307817,40,unmeasured_target_40_models,extrapolation_model_estimate,0.02706714622,4.910221854,4.964356146,0.05765620468,4.879632795,4.994945205,,,,,
63,71,134,Eu,,,4.9468656,0.002424851,40,unmeasured_target_40_models,extrapolation_model_estimate,0.01859467667,4.928270923,4.965460277,0.04063093315,4.906234667,4.987496533,,,,,
63,72,135,Eu,,,4.950841,0.0018540852,40,unmeasured_target_40_models,extrapolation_model_estimate,0.01871087225,4.932130128,4.969551872,0.03899178853,4.911849211,4.989832789,,,,,
63,73,136,Eu,,,4.952693,0.0012706373,40,unmeasured_target_40_models,extrapolation_model_estimate,0.012449789,4.940243211,4.965142789,0.02773451309,4.924958487,4.980427513,,,,,
63,74,137,Eu,4.9762,0.0095,4.9578104,0.0013829495,4,measured_target_oof_4_models,heldout_test_aggregate,0.02077012547,4.937040275,4.978580525,0.04394783571,4.913862564,5.001758236,,,,,
63,75,138,Eu,4.9779,0.0094,4.962316,0.001168322,4,measured_target_oof_4_models,heldout_test_aggregate,0.01915033275,4.943165667,4.981466333,0.04103522204,4.921280778,5.003351222,,,,,
63,76,139,Eu,4.976,0.0093,4.963405,0.0013150469,4,measured_target_oof_4_models,heldout_test_aggregate,0.01780693666,4.945598063,4.981211937,0.03708336475,4.926321635,5.000488365,,,,,
63,77,140,Eu,4.9695,0.0091,4.9683986,0.001372735,4,measured_target_oof_4_models,heldout_test_aggregate,0.01694741149,4.951451189,4.985346011,0.03569418611,4.932704414,5.004092786,,,,,
63,78,141,Eu,4.9697,0.0091,4.9724665,0.00058127503,4,measured_target_oof_4_models,heldout_test_aggregate,0.01140173272,4.961064767,4.983868233,0.02476496372,4.947701536,4.997231464,,,,,
63,79,142,Eu,4.9607,0.0091,4.963814,0.00029201867,4,measured_target_oof_4_models,heldout_test_aggregate,0.009650307968,4.954163692,4.973464308,0.02145205642,4.942361944,4.985266056,,,,,
63,80,143,Eu,4.9636,0.0091,4.978217,0.0010229443,4,measured_target_oof_4_models,heldout_test_aggregate,0.01022105543,4.967995945,4.988438055,0.02157270904,4.956644291,4.999789709,,,,,
63,81,144,Eu,4.9612,0.0091,4.9731326,0.0009025046,4,measured_target_oof_4_models,heldout_test_aggregate,0.009379162334,4.963753438,4.982511762,0.01913239371,4.954000206,4.992264994,,,,,
63,82,145,Eu,4.9663,0.0091,4.9704723,0.00074722077,4,measured_target_oof_4_models,heldout_test_aggregate,0.009699498686,4.960772801,4.980171799,0.02245838289,4.948013917,4.992930683,,,,,
63,83,146,Eu,4.9789,0.0092,4.989623,0.0012973591,4,measured_target_oof_4_models,heldout_test_aggregate,0.01099678673,4.978626213,5.000619787,0.02334039898,4.966282601,5.012963399,,,,,
63,84,147,Eu,4.9938,0.0094,5.006603,0.0007881892,4,measured_target_oof_4_models,heldout_test_aggregate,0.01193754945,4.994665451,5.018540549,0.02493241337,4.981670587,5.031535413,,,,,
63,85,148,Eu,5.0045,0.0097,5.0210943,0.00073022116,4,measured_target_oof_4_models,heldout_test_aggregate,0.01143281724,5.009661483,5.032527117,0.02416287019,4.99693143,5.04525717,,,,,
63,86,149,Eu,5.0202,0.0103,5.0323052,0.0010273707,4,measured_target_oof_4_models,heldout_test_aggregate,0.009553780425,5.02275142,5.04185898,0.02065226538,5.011652935,5.052957465,,,,,
63,87,150,Eu,5.0296,0.0108,5.0488605,0.0010940925,4,measured_target_oof_4_models,heldout_test_aggregate,0.009994929523,5.03886557,5.05885543,0.02084318985,5.02801731,5.06970369,,,,,
63,88,151,Eu,5.0522,0.0046,5.066979,0.00081433635,4,measured_target_oof_4_models,heldout_test_aggregate,0.01173160627,5.055247394,5.078710606,0.02478326994,5.04219573,5.09176227,,,,,
63,89,152,Eu,5.1064,0.0066,5.078645,0.0016203605,4,measured_target_oof_4_models,heldout_test_aggregate,0.01225877718,5.066386223,5.090903777,0.0252278069,5.053417193,5.103872807,,,,,
63,90,153,Eu,5.1115,0.0062,5.095101,0.0009727998,4,measured_target_oof_4_models,heldout_test_aggregate,0.01369584542,5.081405155,5.108796845,0.02903279136,5.066068209,5.124133791,,,,,
63,91,154,Eu,5.1239,0.0079,5.1108556,0.00087329367,4,measured_target_oof_4_models,heldout_test_aggregate,0.01091937781,5.099936222,5.121774978,0.02492968621,5.085925914,5.135785286,,,,,
63,92,155,Eu,5.1221,0.0069,5.1219354,0.00057044066,4,measured_target_oof_4_models,heldout_test_aggregate,0.01269807755,5.109237322,5.134633478,0.02661892243,5.095316478,5.148554322,,,,,
63,93,156,Eu,5.1264,0.0071,5.1296244,0.0008320523,4,measured_target_oof_4_models,heldout_test_aggregate,0.007846416924,5.121777983,5.137470817,0.017124472,5.112499928,5.146748872,,,,,
63,94,157,Eu,5.1351,0.0075,5.1366377,0.0013545944,4,measured_target_oof_4_models,heldout_test_aggregate,0.01149016189,5.125147538,5.148127862,0.0235140212,5.113123679,5.160151721,,,,,
63,95,158,Eu,5.1413,0.0078,5.146243,0.0014761362,4,measured_target_oof_4_models,heldout_test_aggregate,0.01096252418,5.135280476,5.157205524,0.02286302011,5.12337998,5.16910602,,,,,
63,96,159,Eu,5.1498,0.0084,5.1539106,0.0007255027,4,measured_target_oof_4_models,heldout_test_aggregate,0.01105054249,5.142860058,5.164961142,0.02293554218,5.130975058,5.176846142,,,,,
63,97,160,Eu,,,5.1677427,0.0020527332,40,unmeasured_target_40_models,extrapolation_model_estimate,0.01154201921,5.156200681,5.179284719,0.02458884603,5.143153854,5.192331546,,,,,
63,98,161,Eu,,,5.178805,0.002890304,40,unmeasured_target_40_models,extrapolation_model_estimate,0.01204126158,5.166763738,5.190846262,0.02605709872,5.152747901,5.204862099,,,,,
63,99,162,Eu,,,5.182644,0.0020706381,40,unmeasured_target_40_models,extrapolation_model_estimate,0.008181733963,5.174462266,5.190825734,0.01680370734,5.165840293,5.199447707,,,,,
63,100,163,Eu,,,5.1922145,0.0023669049,40,unmeasured_target_40_models,extrapolation_model_estimate,0.01612942613,5.176085074,5.208343926,0.03291467625,5.159299824,5.225129176,,,,,
63,101,164,Eu,,,5.2008967,0.0026378832,40,unmeasured_target_40_models,extrapolation_model_estimate,0.01570016592,5.185196534,5.216596866,0.03191882689,5.168977873,5.232815527,,,,,
63,102,165,Eu,,,5.199528,0.0016912718,40,unmeasured_target_40_models,extrapolation_model_estimate,0.01793831443,5.181589686,5.217466314,0.03842967066,5.161098329,5.237957671,,,,,
63,103,166,Eu,,,5.2103357,0.002213681,40,unmeasured_target_40_models,extrapolation_model_estimate,0.01725681167,5.193078888,5.227592512,0.03627841857,5.174057281,5.246614119,,,,,
63,104,167,Eu,,,5.2153797,0.0023645165,40,unmeasured_target_40_models,extrapolation_model_estimate,0.01644191102,5.198937789,5.231821611,0.03515282809,5.180226872,5.250532528,,,,,
63,105,168,Eu,,,5.2217975,0.0026515012,40,unmeasured_target_40_models,extrapolation_model_estimate,0.01514836036,5.20664914,5.23694586,0.03434495617,5.187452544,5.256142456,,,,,
63,106,169,Eu,,,5.220043,0.0025048319,40,unmeasured_target_40_models,extrapolation_model_estimate,0.01727140468,5.202771595,5.237314405,0.03753648373,5.182506516,5.257579484,,,,,
64,70,134,Gd,,,4.9530263,0.0032609461,40,unmeasured_target_40_models,extrapolation_model_estimate,0.02568289281,4.927343407,4.978709193,0.054636577,4.898389723,5.007662877,,,,,
64,71,135,Gd,,,4.9528937,0.002752956,40,unmeasured_target_40_models,extrapolation_model_estimate,0.01892810613,4.933965594,4.971821806,0.03943196447,4.913461736,4.992325664,,,,,
64,72,136,Gd,,,4.9582496,0.002148774,40,unmeasured_target_40_models,extrapolation_model_estimate,0.01743293644,4.940816664,4.975682536,0.03827342145,4.919976179,4.996523021,,,,,
64,73,137,Gd,,,4.9576445,0.0019167201,40,unmeasured_target_40_models,extrapolation_model_estimate,0.01644391876,4.941200581,4.974088419,0.03506208892,4.922582411,4.992706589,,,,,
64,74,138,Gd,,,4.968016,0.0030900813,40,unmeasured_target_40_models,extrapolation_model_estimate,0.01342011407,4.954595886,4.981436114,0.03066954995,4.93734645,4.99868555,,,,,
64,75,139,Gd,,,4.9698434,0.0024714777,40,unmeasured_target_40_models,extrapolation_model_estimate,0.0177954274,4.952047973,4.987638827,0.03954699014,4.93029641,5.00939039,,,,,
64,76,140,Gd,,,4.9723506,0.0022954755,40,unmeasured_target_40_models,extrapolation_model_estimate,0.01800052511,4.954350075,4.990351125,0.03888757594,4.933463024,5.011238176,,,,,
64,77,141,Gd,,,4.978403,0.0021219405,40,unmeasured_target_40_models,extrapolation_model_estimate,0.01515854168,4.963244458,4.993561542,0.0328143294,4.945588671,5.011217329,,,,,
64,78,142,Gd,,,4.9834595,0.0017181628,40,unmeasured_target_40_models,extrapolation_model_estimate,0.01364566529,4.969813835,4.997105165,0.02937107792,4.954088422,5.012830578,,,,,
64,79,143,Gd,,,4.976306,0.0023958404,40,unmeasured_target_40_models,extrapolation_model_estimate,0.01151052665,4.964795473,4.987816527,0.0244781262,4.951827874,5.000784126,,,,,
64,80,144,Gd,,,4.986459,0.002194367,40,unmeasured_target_40_models,extrapolation_model_estimate,0.01086086336,4.975598137,4.997319863,0.02272361481,4.963735385,5.009182615,,,,,
64,81,145,Gd,4.9786,0.0077,4.9794264,0.0014656923,4,measured_target_oof_4_models,heldout_test_aggregate,0.01011715035,4.96930925,4.98954355,0.02122933187,4.958197068,5.000655732,,,,,
64,82,146,Gd,4.9801,0.014,4.9815426,0.0010463427,4,measured_target_oof_4_models,heldout_test_aggregate,0.01077671598,4.970765884,4.992319316,0.02270563036,4.95883697,5.00424823,,,,,
64,83,147,Gd,,,4.9942393,0.0020746724,40,unmeasured_target_40_models,extrapolation_model_estimate,0.01035835501,4.983880945,5.004597655,0.0216277247,4.972611575,5.015867025,,,,,
64,84,148,Gd,5.008,0.0171,5.0196447,0.00087790174,4,measured_target_oof_4_models,heldout_test_aggregate,0.01119646769,5.008448232,5.030841168,0.02324492382,4.996399776,5.042889624,,,,,
64,85,149,Gd,,,5.028805,0.0018060661,40,unmeasured_target_40_models,extrapolation_model_estimate,0.01053651302,5.018268487,5.039341513,0.02246055753,5.006344442,5.051265558,,,,,
64,86,150,Gd,5.0342,0.0159,5.049358,0.0006183163,4,measured_target_oof_4_models,heldout_test_aggregate,0.01139346905,5.037964531,5.060751469,0.02311948011,5.02623852,5.07247748,,,,,
64,87,151,Gd,,,5.055932,0.001786084,40,unmeasured_target_40_models,extrapolation_model_estimate,0.01159125809,5.044340742,5.067523258,0.02393365526,5.031998345,5.079865655,,,,,
64,88,152,Gd,5.0774,0.0048,5.073406,0.0005944135,4,measured_target_oof_4_models,heldout_test_aggregate,0.01024718027,5.06315882,5.08365318,0.02278069288,5.050625307,5.096186693,,,,,
64,89,153,Gd,,,5.0921235,0.0018543209,40,unmeasured_target_40_models,extrapolation_model_estimate,0.01110163877,5.081021861,5.103225139,0.02377358019,5.06834992,5.11589708,,,,,
64,90,154,Gd,5.1223,0.004,5.10308,0.0003770777,4,measured_target_oof_4_models,heldout_test_aggregate,0.009863094021,5.093216906,5.112943094,0.02126078504,5.081819215,5.124340785,,,,,
64,91,155,Gd,5.1319,0.0041,5.1142826,0.0009184021,4,measured_target_oof_4_models,heldout_test_aggregate,0.009259474572,5.105023125,5.123542075,0.0203343522,5.093948248,5.134616952,,,,,
64,92,156,Gd,5.142,0.0042,5.128604,0.0014094197,4,measured_target_oof_4_models,heldout_test_aggregate,0.01188875128,5.116715249,5.140492751,0.02553089821,5.103073102,5.154134898,,,,,
64,93,157,Gd,5.1449,0.0042,5.1356554,0.0011886627,4,measured_target_oof_4_models,heldout_test_aggregate,0.01054221283,5.125113187,5.146197613,0.02255573002,5.11309967,5.15821113,,,,,
64,94,158,Gd,5.1569,0.0043,5.14268,0.0006983393,4,measured_target_oof_4_models,heldout_test_aggregate,0.009160952135,5.133519048,5.151840952,0.02082268634,5.121857314,5.163502686,,,,,
64,95,159,Gd,,,5.1533504,0.001819382,40,unmeasured_target_40_models,extrapolation_model_estimate,0.009987645578,5.143362754,5.163338046,0.02155677193,5.131793628,5.174907172,,,,,
64,96,160,Gd,5.1734,0.0044,5.1600227,0.00095029373,4,measured_target_oof_4_models,heldout_test_aggregate,0.009545592095,5.150477108,5.169568292,0.02022956925,5.139793131,5.180252269,,,,,
64,97,161,Gd,,,5.1762214,0.0023526817,40,unmeasured_target_40_models,extrapolation_model_estimate,0.01098786669,5.165233533,5.187209267,0.02350761655,5.152713783,5.199729017,,,,,
64,98,162,Gd,,,5.187872,0.0029818886,40,unmeasured_target_40_models,extrapolation_model_estimate,0.01246695316,5.175405047,5.200338953,0.02632804142,5.161543959,5.214200041,,,,,
64,99,163,Gd,,,5.1925726,0.0020430463,40,unmeasured_target_40_models,extrapolation_model_estimate,0.009232389704,5.18334021,5.20180499,0.02020035646,5.172372244,5.212772956,,,,,
64,100,164,Gd,,,5.201624,0.0020164924,40,unmeasured_target_40_models,extrapolation_model_estimate,0.01254026293,5.189083737,5.214164263,0.02677938774,5.174844612,5.228403388,,,,,
64,101,165,Gd,,,5.2153287,0.003078147,40,unmeasured_target_40_models,extrapolation_model_estimate,0.01335962016,5.20196908,5.22868832,0.02828203017,5.18704667,5.24361073,,,,,
64,102,166,Gd,,,5.2113714,0.0024608225,40,unmeasured_target_40_models,extrapolation_model_estimate,0.01536645452,5.196004945,5.226737855,0.03172020723,5.179651193,5.243091607,,,,,
64,103,167,Gd,,,5.223743,0.0020946288,40,unmeasured_target_40_models,extrapolation_model_estimate,0.01538715891,5.208355841,5.239130159,0.03223767082,5.191505329,5.255980671,,,,,
64,104,168,Gd,,,5.2273893,0.0033235147,40,unmeasured_target_40_models,extrapolation_model_estimate,0.01597908315,5.211410217,5.243368383,0.03326918482,5.194120115,5.260658485,,,,,
64,105,169,Gd,,,5.235732,0.0028002132,40,unmeasured_target_40_models,extrapolation_model_estimate,0.01560340285,5.220128597,5.251335403,0.03314503418,5.202586966,5.268877034,,,,,
64,106,170,Gd,,,5.233311,0.0027943556,40,unmeasured_target_40_models,extrapolation_model_estimate,0.0166679681,5.216643032,5.249978968,0.034470977,5.198840023,5.267781977,,,,,
64,107,171,Gd,,,5.2396398,0.0034425869,40,unmeasured_target_40_models,extrapolation_model_estimate,0.01583316586,5.223806634,5.255472966,0.03370469503,5.205935105,5.273344495,,,,,
64,108,172,Gd,,,5.237684,0.0026251255,40,unmeasured_target_40_models,extrapolation_model_estimate,0.01755731046,5.22012669,5.25524131,0.03765600605,5.200027994,5.275340006,,,,,
65,70,135,Tb,,,4.888818,0.003349917,40,unmeasured_target_40_models,extrapolation_model_estimate,0.02731251354,4.861505486,4.916130514,0.05740144301,4.831416557,4.946219443,,,,,
65,73,138,Tb,,,4.8957853,0.0022748173,40,unmeasured_target_40_models,extrapolation_model_estimate,0.01863072239,4.877154578,4.914416022,0.03935735818,4.856427942,4.935142658,,,,,
65,74,139,Tb,,,4.904374,0.0029942675,40,unmeasured_target_40_models,extrapolation_model_estimate,0.01871082613,4.885663174,4.923084826,0.0386521361,4.865721864,4.943026136,,,,,
65,75,140,Tb,,,4.905858,0.0026742606,40,unmeasured_target_40_models,extrapolation_model_estimate,0.01427418373,4.891583816,4.920132184,0.03275483166,4.873103168,4.938612832,,,,,
65,76,141,Tb,,,4.9064393,0.0027472295,40,unmeasured_target_40_models,extrapolation_model_estimate,0.0151622014,4.891277099,4.921601501,0.03403414125,4.872405159,4.940473441,,,,,
65,77,142,Tb,,,4.910155,0.0030299434,40,unmeasured_target_40_models,extrapolation_model_estimate,0.01883060933,4.891324391,4.928985609,0.040689812,4.869465188,4.950844812,,,,,
65,78,143,Tb,,,4.916425,0.002282475,40,unmeasured_target_40_models,extrapolation_model_estimate,0.01857651729,4.897848483,4.935001517,0.03884962987,4.87757537,4.95527463,,,,,
65,79,144,Tb,,,4.9088674,0.0028648765,40,unmeasured_target_40_models,extrapolation_model_estimate,0.01473892581,4.894128474,4.923606326,0.03173668277,4.877130717,4.940604083,,,,,
65,80,145,Tb,,,4.9184747,0.0025638053,40,unmeasured_target_40_models,extrapolation_model_estimate,0.01569909251,4.902775607,4.934173793,0.03333875492,4.885135945,4.951813455,,,,,
65,81,146,Tb,,,4.913259,0.0025956566,40,unmeasured_target_40_models,extrapolation_model_estimate,0.01178004582,4.901478954,4.925039046,0.02508039066,4.888178609,4.938339391,,,,,
65,82,147,Tb,4.9201,0.1508,4.9193563,0.0014357753,4,measured_target_oof_4_models,heldout_test_aggregate,0.01346629457,4.905890005,4.932822595,0.02850625162,4.890850048,4.947862552,,,,,
65,83,148,Tb,4.9291,0.1507,4.9326425,0.0008425056,4,measured_target_oof_4_models,heldout_test_aggregate,0.01128140096,4.921361099,4.943923901,0.02382977036,4.90881273,4.95647227,,,,,
65,84,149,Tb,4.9427,0.1506,4.9575524,0.0006178853,4,measured_target_oof_4_models,heldout_test_aggregate,0.01036271323,4.947189687,4.967915113,0.02088955425,4.936662846,4.978441954,,,,,
65,85,150,Tb,4.9499,0.1505,4.9659486,0.00042838152,4,measured_target_oof_4_models,heldout_test_aggregate,0.01091099168,4.955037608,4.976859592,0.02280843539,4.943140165,4.988757035,,,,,
65,86,151,Tb,4.963,0.1504,4.9862676,0.0004640608,4,measured_target_oof_4_models,heldout_test_aggregate,0.01167748091,4.974590119,4.997945081,0.02449208688,4.961775513,5.010759687,,,,,
65,87,152,Tb,4.9689,0.1504,4.995387,0.00092036894,4,measured_target_oof_4_models,heldout_test_aggregate,0.01089507666,4.984491923,5.006282077,0.02242023522,4.972966765,5.017807235,,,,,
65,88,153,Tb,4.995,0.1502,5.0144186,0.00075142155,4,measured_target_oof_4_models,heldout_test_aggregate,0.01144294774,5.002975652,5.025861548,0.02543529136,4.988983309,5.039853891,,,,,
65,89,154,Tb,5.0333,0.1501,5.0307484,0.00017330828,4,measured_target_oof_4_models,heldout_test_aggregate,0.01366871607,5.017079684,5.044417116,0.02888088599,5.001867514,5.059629286,,,,,
65,90,155,Tb,5.0391,0.15,5.047213,0.0007669393,4,measured_target_oof_4_models,heldout_test_aggregate,0.01254402369,5.034668976,5.059757024,0.02556248563,5.021650514,5.072775486,,,,,
65,91,156,Tb,,,5.0572214,0.0019319465,40,unmeasured_target_40_models,extrapolation_model_estimate,0.01155338594,5.045668014,5.068774786,0.02426105453,5.032960345,5.081482455,,,,,
65,92,157,Tb,5.0489,0.15,5.075367,0.00056873064,4,measured_target_oof_4_models,heldout_test_aggregate,0.01096591194,5.064401088,5.086332912,0.02352583316,5.051841167,5.098892833,,,,,
65,93,158,Tb,,,5.0746646,0.0018182541,40,unmeasured_target_40_models,extrapolation_model_estimate,0.01123552399,5.063429076,5.085900124,0.0239319177,5.050732682,5.098596518,,,,,
65,94,159,Tb,5.06,0.15,5.0923963,0.0015821388,4,measured_target_oof_4_models,heldout_test_aggregate,0.0113047642,5.081091536,5.103701064,0.0239096266,5.068486673,5.116305927,,,,,
65,95,160,Tb,,,5.092899,0.0019882529,40,unmeasured_target_40_models,extrapolation_model_estimate,0.01114327071,5.081755729,5.104042271,0.02361452576,5.069284474,5.116513526,,,,,
65,96,161,Tb,,,5.10182,0.0023871544,40,unmeasured_target_40_models,extrapolation_model_estimate,0.01096718578,5.090852814,5.112787186,0.02350056639,5.078319434,5.125320566,,,,,
65,97,162,Tb,,,5.114898,0.002247601,40,unmeasured_target_40_models,extrapolation_model_estimate,0.01295010789,5.101947892,5.127848108,0.02861835865,5.086279641,5.143516359,,,,,
65,98,163,Tb,,,5.1268272,0.0022381064,40,unmeasured_target_40_models,extrapolation_model_estimate,0.0149600251,5.111867175,5.141787225,0.03223683941,5.094590361,5.159064039,,,,,
65,99,164,Tb,,,5.131853,0.002125373,40,unmeasured_target_40_models,extrapolation_model_estimate,0.01531580251,5.116537197,5.147168803,0.03339713194,5.098455868,5.165250132,,,,,
65,100,165,Tb,,,5.1423907,0.0023586752,40,unmeasured_target_40_models,extrapolation_model_estimate,0.01761835261,5.124772347,5.160009053,0.03753097913,5.104859721,5.179921679,,,,,
65,101,166,Tb,,,5.152552,0.0034615584,40,unmeasured_target_40_models,extrapolation_model_estimate,0.01288620054,5.139665799,5.165438201,0.02849443976,5.12405756,5.18104644,,,,,
65,102,167,Tb,,,5.1513624,0.0021351334,40,unmeasured_target_40_models,extrapolation_model_estimate,0.01706667513,5.134295725,5.168429075,0.03886879717,5.112493603,5.190231197,,,,,
65,103,168,Tb,,,5.163585,0.0015027584,40,unmeasured_target_40_models,extrapolation_model_estimate,0.01715095047,5.14643405,5.18073595,0.03663213901,5.126952861,5.200217139,,,,,
65,104,169,Tb,,,5.16793,0.0029115363,40,unmeasured_target_40_models,extrapolation_model_estimate,0.0184076313,5.149522369,5.186337631,0.03957577778,5.128354222,5.207505778,,,,,
65,105,170,Tb,,,5.177042,0.0024826247,40,unmeasured_target_40_models,extrapolation_model_estimate,0.0187268844,5.158315116,5.195768884,0.03998388833,5.137058112,5.217025888,,,,,
65,106,171,Tb,,,5.1739864,0.00259826,40,unmeasured_target_40_models,extrapolation_model_estimate,0.02063711596,5.153349284,5.194623516,0.04515826662,5.128828133,5.219144667,,,,,
65,107,172,Tb,,,5.1807632,0.0029998969,40,unmeasured_target_40_models,extrapolation_model_estimate,0.01990985113,5.160853349,5.200673051,0.04263507499,5.138128125,5.223398275,,,,,
65,108,173,Tb,,,5.178755,0.002392382,40,unmeasured_target_40_models,extrapolation_model_estimate,0.02079277304,5.157962227,5.199547773,0.04512128522,5.133633715,5.223876285,,,,,
65,109,174,Tb,,,5.170348,0.0023234033,40,unmeasured_target_40_models,extrapolation_model_estimate,0.01980505089,5.150542949,5.190153051,0.04098164722,5.129366353,5.211329647,,,,,
66,73,139,Dy,,,5.0019536,0.0017259242,40,unmeasured_target_40_models,extrapolation_model_estimate,0.01592732749,4.986026273,5.017880927,0.03274554566,4.969208054,5.034699146,,,,,
66,74,140,Dy,,,5.009084,0.0024804159,40,unmeasured_target_40_models,extrapolation_model_estimate,0.01778498833,4.991299012,5.026868988,0.03810761394,4.970976386,5.047191614,,,,,
66,75,141,Dy,,,5.0109186,0.002209937,40,unmeasured_target_40_models,extrapolation_model_estimate,0.0151455015,4.995773098,5.026064102,0.03181565374,4.979102946,5.042734254,,,,,
66,76,142,Dy,,,5.011725,0.0020090628,40,unmeasured_target_40_models,extrapolation_model_estimate,0.01577599719,4.995949003,5.027500997,0.03376184509,4.977963155,5.045486845,,,,,
66,77,143,Dy,,,5.0197706,0.0016583364,40,unmeasured_target_40_models,extrapolation_model_estimate,0.01213905463,5.007631545,5.031909655,0.0269085106,4.992862089,5.046679111,,,,,
66,78,144,Dy,,,5.024665,0.0016500305,40,unmeasured_target_40_models,extrapolation_model_estimate,0.01028061854,5.014384381,5.034945619,0.02223895978,5.00242604,5.04690396,,,,,
66,79,145,Dy,,,5.01943,0.0016225463,40,unmeasured_target_40_models,extrapolation_model_estimate,0.01526872802,5.004161272,5.034698728,0.03222588998,4.98720411,5.05165589,,,,,
66,80,146,Dy,5.0438,0.2389,5.026883,0.0012016321,4,measured_target_oof_4_models,heldout_test_aggregate,0.01458674147,5.012296259,5.041469741,0.02983745496,4.997045545,5.056720455,,,,,
66,81,147,Dy,,,5.0245976,0.0020851095,40,unmeasured_target_40_models,extrapolation_model_estimate,0.01331771109,5.011279889,5.037915311,0.02782182934,4.996775771,5.052419429,,,,,
66,82,148,Dy,5.0455,0.2389,5.0259037,7.415955e-05,4,measured_target_oof_4_models,heldout_test_aggregate,0.009630357467,5.016273343,5.035534057,0.02075475209,5.005148948,5.046658452,,,,,
66,83,149,Dy,5.0567,0.2394,5.0330696,0.00038599214,4,measured_target_oof_4_models,heldout_test_aggregate,0.007586158558,5.025483441,5.040655759,0.01663473703,5.016434863,5.049704337,,,,,
66,84,150,Dy,5.0706,0.2413,5.0580974,0.0004638463,4,measured_target_oof_4_models,heldout_test_aggregate,0.0087646549,5.049332745,5.066862055,0.02021195996,5.03788544,5.07830936,,,,,
66,85,151,Dy,5.0801,0.2435,5.0748634,0.00079528143,4,measured_target_oof_4_models,heldout_test_aggregate,0.009254860852,5.065608539,5.084118261,0.01910150579,5.055761894,5.093964906,,,,,
66,86,152,Dy,5.095,0.2482,5.088892,0.00072989304,4,measured_target_oof_4_models,heldout_test_aggregate,0.01011374634,5.078778254,5.099005746,0.02089122016,5.06800078,5.10978322,,,,,
66,87,153,Dy,5.1035,0.2516,5.1025877,0.0008873535,4,measured_target_oof_4_models,heldout_test_aggregate,0.0109753368,5.091612363,5.113563037,0.02334586991,5.07924183,5.12593357,,,,,
66,88,154,Dy,5.1241,0.2618,5.1217203,0.0005184693,4,measured_target_oof_4_models,heldout_test_aggregate,0.01067191536,5.111048385,5.132392215,0.02339750373,5.098322796,5.145117804,,,,,
66,89,155,Dy,5.1457,0.2751,5.1406603,0.0012291599,4,measured_target_oof_4_models,heldout_test_aggregate,0.01105426082,5.129606039,5.151714561,0.02268993101,5.117970369,5.163350231,,,,,
66,90,156,Dy,5.1622,0.2869,5.152496,0.00089227,4,measured_target_oof_4_models,heldout_test_aggregate,0.01075294581,5.141743054,5.163248946,0.02175854745,5.130737453,5.174254547,,,,,
66,91,157,Dy,5.1709,0.2936,5.1646338,0.00104841,4,measured_target_oof_4_models,heldout_test_aggregate,0.01039076871,5.154243031,5.175024569,0.0223046551,5.142329145,5.186938455,,,,,
66,92,158,Dy,5.1815,0.3023,5.177344,0.001252571,4,measured_target_oof_4_models,heldout_test_aggregate,0.009597107003,5.167746893,5.186941107,0.02034102338,5.157002977,5.197685023,,,,,
66,93,159,Dy,5.1825,0.3031,5.1807804,0.0006910349,4,measured_target_oof_4_models,heldout_test_aggregate,0.01043928375,5.170341116,5.191219684,0.02234114886,5.158439251,5.203121549,,,,,
66,94,160,Dy,5.1951,0.3139,5.193619,0.00064524676,4,measured_target_oof_4_models,heldout_test_aggregate,0.01203888042,5.18158012,5.20565788,0.02570506866,5.167913931,5.219324069,,,,,
66,95,161,Dy,5.1962,0.0459,5.2025495,0.00033496058,4,measured_target_oof_4_models,heldout_test_aggregate,0.009990845609,5.192558654,5.212540346,0.02100644773,5.181543052,5.223555948,,,,,
66,96,162,Dy,5.2074,0.0172,5.2103705,0.0015117673,4,measured_target_oof_4_models,heldout_test_aggregate,0.01293158773,5.197438912,5.223302088,0.02691983398,5.183450666,5.237290334,,,,,
66,97,163,Dy,5.2099,0.012,5.2279215,0.00153792,4,measured_target_oof_4_models,heldout_test_aggregate,0.008645478334,5.219276022,5.236566978,0.01734639758,5.210575102,5.245267898,,,,,
66,98,164,Dy,5.2218,0.0106,5.238149,0.001317186,4,measured_target_oof_4_models,heldout_test_aggregate,0.0119499324,5.226199068,5.250098932,0.02808130929,5.210067691,5.266230309,,,,,
66,99,165,Dy,,,5.241459,0.0015437097,40,unmeasured_target_40_models,extrapolation_model_estimate,0.01319962567,5.228259374,5.254658626,0.02852914157,5.212929858,5.269988142,,,,,
66,100,166,Dy,,,5.250443,0.0017566815,40,unmeasured_target_40_models,extrapolation_model_estimate,0.01442878902,5.236014211,5.264871789,0.03062085397,5.219822146,5.281063854,,,,,
66,101,167,Dy,,,5.262428,0.0032110224,40,unmeasured_target_40_models,extrapolation_model_estimate,0.01459490616,5.247833094,5.277022906,0.03162001627,5.230807984,5.294048016,,,,,
66,102,168,Dy,,,5.259281,0.0019225294,40,unmeasured_target_40_models,extrapolation_model_estimate,0.01370197885,5.245579021,5.272982979,0.02978019832,5.229500802,5.289061198,,,,,
66,103,169,Dy,,,5.2736998,0.0024289694,40,unmeasured_target_40_models,extrapolation_model_estimate,0.01183633815,5.261863462,5.285536138,0.02558966365,5.248110136,5.299289464,,,,,
66,104,170,Dy,,,5.2761316,0.0019542554,40,unmeasured_target_40_models,extrapolation_model_estimate,0.01422748125,5.261904119,5.290359081,0.03047878232,5.245652818,5.306610382,,,,,
66,105,171,Dy,,,5.285693,0.0022669625,40,unmeasured_target_40_models,extrapolation_model_estimate,0.01507661681,5.270616383,5.300769617,0.03255601405,5.253136986,5.318249014,,,,,
66,106,172,Dy,,,5.281626,0.0020815963,40,unmeasured_target_40_models,extrapolation_model_estimate,0.01596247567,5.265663524,5.297588476,0.03343701204,5.248188988,5.315063012,,,,,
66,107,173,Dy,,,5.2900853,0.0020136903,40,unmeasured_target_40_models,extrapolation_model_estimate,0.0167441659,5.273341134,5.306829466,0.03554697598,5.254538324,5.325632276,,,,,
66,108,174,Dy,,,5.288353,0.0018739118,40,unmeasured_target_40_models,extrapolation_model_estimate,0.0181663278,5.270186672,5.306519328,0.03777524974,5.25057775,5.32612825,,,,,
66,109,175,Dy,,,5.2808304,0.0019102988,40,unmeasured_target_40_models,extrapolation_model_estimate,0.01668206932,5.264148331,5.297512469,0.03590037601,5.244930024,5.316730776,,,,,
66,110,176,Dy,,,5.2848563,0.0021782997,40,unmeasured_target_40_models,extrapolation_model_estimate,0.01727595528,5.267580345,5.302132255,0.03691825424,5.247938046,5.321774554,,,,,
67,73,140,Ho,,,4.982852,0.0015715186,40,unmeasured_target_40_models,extrapolation_model_estimate,0.01620915778,4.966642842,4.999061158,0.03397632531,4.948875675,5.016828325,,,,,
67,74,141,Ho,,,4.991826,0.0025539296,40,unmeasured_target_40_models,extrapolation_model_estimate,0.01859647264,4.973229527,5.010422473,0.0390771003,4.9527489,5.0309031,,,,,
67,75,142,Ho,,,4.993885,0.0016388041,40,unmeasured_target_40_models,extrapolation_model_estimate,0.01712647596,4.976758524,5.011011476,0.03658715874,4.957297841,5.030472159,,,,,
67,76,143,Ho,,,4.996442,0.001684391,40,unmeasured_target_40_models,extrapolation_model_estimate,0.01471570817,4.981726292,5.011157708,0.03149934652,4.964942653,5.027941347,,,,,
67,77,144,Ho,,,5.0036964,0.0017694272,40,unmeasured_target_40_models,extrapolation_model_estimate,0.01490960019,4.9887868,5.018606,0.03263304215,4.971063358,5.036329442,,,,,
67,78,145,Ho,,,5.008069,0.0016561578,40,unmeasured_target_40_models,extrapolation_model_estimate,0.01354993733,4.994519063,5.021618937,0.02819099309,4.979878007,5.036259993,,,,,
67,79,146,Ho,,,5.0003905,0.0015910509,40,unmeasured_target_40_models,extrapolation_model_estimate,0.01212516949,4.988265331,5.012515669,0.02621945448,4.974171046,5.026609954,,,,,
67,80,147,Ho,,,5.012203,0.0018814835,40,unmeasured_target_40_models,extrapolation_model_estimate,0.01527061585,4.996932384,5.027473616,0.03242326469,4.979779735,5.044626265,,,,,
67,81,148,Ho,,,5.008717,0.0019803653,40,unmeasured_target_40_models,extrapolation_model_estimate,0.01484046117,4.993876539,5.023557461,0.03219577486,4.976521225,5.040912775,,,,,
67,82,149,Ho,,,5.011127,0.0009833742,40,unmeasured_target_40_models,extrapolation_model_estimate,0.01311129753,4.998015702,5.024238298,0.02806842796,4.983058572,5.039195428,,,,,
67,83,150,Ho,,,5.0254006,0.001593765,40,unmeasured_target_40_models,extrapolation_model_estimate,0.01256841213,5.012832188,5.037969012,0.02596041117,4.999440189,5.051361011,,,,,
67,84,151,Ho,5.0398,0.0354,5.048623,0.0010288004,4,measured_target_oof_4_models,heldout_test_aggregate,0.01229029305,5.036332707,5.060913293,0.02564965283,5.022973347,5.074272653,,,,,
67,85,152,Ho,5.0614,0.0343,5.064542,0.0011742824,4,measured_target_oof_4_models,heldout_test_aggregate,0.009961462377,5.054580538,5.074503462,0.0216773732,5.042864627,5.086219373,,,,,
67,86,153,Ho,5.076,0.0339,5.0775824,0.0012599229,4,measured_target_oof_4_models,heldout_test_aggregate,0.009571295818,5.068011104,5.087153696,0.01915853324,5.058423867,5.096740933,,,,,
67,87,154,Ho,5.0856,0.0333,5.092173,0.0007455085,4,measured_target_oof_4_models,heldout_test_aggregate,0.00841541949,5.083757581,5.100588419,0.0177671654,5.074405835,5.109940165,,,,,
67,88,155,Ho,5.1076,0.0326,5.1097865,0.00038262576,4,measured_target_oof_4_models,heldout_test_aggregate,0.01007437013,5.09971213,5.11986087,0.01972063855,5.090065861,5.129507139,,,,,
67,89,156,Ho,5.1156,0.0326,5.1257706,0.00088014285,4,measured_target_oof_4_models,heldout_test_aggregate,0.009149380383,5.11662122,5.13491998,0.0203552368,5.105415363,5.146125837,,,,,
67,90,157,Ho,5.1535,0.0316,5.1373158,0.001001664,4,measured_target_oof_4_models,heldout_test_aggregate,0.009877895364,5.127437905,5.147193695,0.02133945444,5.115976346,5.158655254,,,,,
67,91,158,Ho,5.1571,0.0316,5.1529975,0.00078275864,4,measured_target_oof_4_models,heldout_test_aggregate,0.009540619991,5.14345688,5.16253812,0.02091110841,5.132086392,5.173908608,,,,,
67,92,159,Ho,5.1675,0.0314,5.1652985,0.0005704472,4,measured_target_oof_4_models,heldout_test_aggregate,0.01218893395,5.153109566,5.177487434,0.02443704603,5.140861454,5.189735546,,,,,
67,93,160,Ho,5.1662,0.0315,5.1705413,0.00027447694,4,measured_target_oof_4_models,heldout_test_aggregate,0.008120822319,5.162420478,5.178662122,0.01752423676,5.153017063,5.188065537,,,,,
67,94,161,Ho,5.1785,0.0313,5.178077,0.00020989841,4,measured_target_oof_4_models,heldout_test_aggregate,0.01126867978,5.16680832,5.18934568,0.02360450534,5.154472495,5.201681505,,,,,
67,95,162,Ho,5.1817,0.0313,5.1854563,0.0010379268,4,measured_target_oof_4_models,heldout_test_aggregate,0.01130179087,5.174154509,5.196758091,0.02445507438,5.161001226,5.209911374,,,,,
67,96,163,Ho,5.1907,0.0313,5.192148,0.00076335523,4,measured_target_oof_4_models,heldout_test_aggregate,0.01310074638,5.179047254,5.205248746,0.02846421506,5.163683785,5.220612215,,,,,
67,97,164,Ho,,,5.2082257,0.0020765176,40,unmeasured_target_40_models,extrapolation_model_estimate,0.01619355524,5.192032145,5.224419255,0.0351413526,5.173084347,5.243367053,,,,,
67,98,165,Ho,5.2022,0.0312,5.22338,0.0016145498,4,measured_target_oof_4_models,heldout_test_aggregate,0.01411183812,5.209268162,5.237491838,0.03177042736,5.191609573,5.255150427,,,,,
67,99,166,Ho,,,5.226741,0.0012940755,40,unmeasured_target_40_models,extrapolation_model_estimate,0.009880671833,5.216860328,5.236621672,0.02147579048,5.20526521,5.24821679,,,,,
67,100,167,Ho,,,5.2355757,0.0017492559,40,unmeasured_target_40_models,extrapolation_model_estimate,0.01451705533,5.221058645,5.250092755,0.03073292833,5.204842772,5.266308628,,,,,
67,101,168,Ho,,,5.2454023,0.003241658,40,unmeasured_target_40_models,extrapolation_model_estimate,0.01367374813,5.231728552,5.259076048,0.02899436335,5.216407937,5.274396663,,,,,
67,102,169,Ho,,,5.2460318,0.0010527592,40,unmeasured_target_40_models,extrapolation_model_estimate,0.01561162207,5.230420178,5.261643422,0.03268130669,5.213350493,5.278713107,,,,,
67,103,170,Ho,,,5.257001,0.0017769631,40,unmeasured_target_40_models,extrapolation_model_estimate,0.01408640238,5.242914598,5.271087402,0.03120699018,5.22579401,5.28820799,,,,,
67,104,171,Ho,,,5.263434,0.0024381136,40,unmeasured_target_40_models,extrapolation_model_estimate,0.01454098608,5.248893014,5.277974986,0.03106492613,5.232369074,5.294498926,,,,,
67,105,172,Ho,,,5.2698145,0.0024898355,40,unmeasured_target_40_models,extrapolation_model_estimate,0.01211716239,5.257697338,5.281931662,0.02549750301,5.244316997,5.295312003,,,,,
67,106,173,Ho,,,5.2693605,0.0023677046,40,unmeasured_target_40_models,extrapolation_model_estimate,0.01555037453,5.253810125,5.284910875,0.03408496297,5.235275537,5.303445463,,,,,
67,107,174,Ho,,,5.274766,0.0022987558,40,unmeasured_target_40_models,extrapolation_model_estimate,0.01561489871,5.259151101,5.290380899,0.03288502329,5.241880977,5.307651023,,,,,
67,108,175,Ho,,,5.273165,0.002392142,40,unmeasured_target_40_models,extrapolation_model_estimate,0.0171363428,5.256028657,5.290301343,0.037378693,5.235786307,5.310543693,,,,,
67,109,176,Ho,,,5.266749,0.0018938007,40,unmeasured_target_40_models,extrapolation_model_estimate,0.01666043634,5.250088564,5.283409436,0.03586810113,5.230880899,5.302617101,,,,,
67,110,177,Ho,,,5.270826,0.0027311319,40,unmeasured_target_40_models,extrapolation_model_estimate,0.01710488643,5.253721114,5.287930886,0.03690967128,5.233916329,5.307735671,,,,,
67,111,178,Ho,,,5.27161,0.0025979583,40,unmeasured_target_40_models,extrapolation_model_estimate,0.01712377073,5.254486229,5.288733771,0.03656693194,5.235043068,5.308176932,,,,,
68,75,143,Er,,,5.0287123,0.002059077,40,unmeasured_target_40_models,extrapolation_model_estimate,0.01536867988,5.01334362,5.04408098,0.032870413,4.995841887,5.061582713,,,,,
68,76,144,Er,,,5.0311785,0.0017587306,40,unmeasured_target_40_models,extrapolation_model_estimate,0.01590684092,5.015271659,5.047085341,0.03241102496,4.998767475,5.063589525,,,,,
68,77,145,Er,,,5.0404644,0.0015741446,40,unmeasured_target_40_models,extrapolation_model_estimate,0.01204590293,5.028418497,5.052510303,0.02675092594,5.013713474,5.067215326,,,,,
68,78,146,Er,,,5.044228,0.0016857618,40,unmeasured_target_40_models,extrapolation_model_estimate,0.01348588174,5.030742118,5.057713882,0.02822001248,5.016007988,5.072448012,,,,,
68,79,147,Er,,,5.039671,0.0016687697,40,unmeasured_target_40_models,extrapolation_model_estimate,0.01150468283,5.028166317,5.051175683,0.02598376486,5.013687235,5.065654765,,,,,
68,80,148,Er,,,5.047893,0.0015219704,40,unmeasured_target_40_models,extrapolation_model_estimate,0.01341168063,5.034481319,5.061304681,0.02802667835,5.019866322,5.075919678,,,,,
68,81,149,Er,,,5.044961,0.0016658613,40,unmeasured_target_40_models,extrapolation_model_estimate,0.01207138703,5.032889613,5.057032387,0.02554906354,5.019411936,5.070510064,,,,,
68,82,150,Er,5.0548,0.0254,5.0448513,0.000683209,4,measured_target_oof_4_models,heldout_test_aggregate,0.01251059784,5.032340702,5.057361898,0.0264495806,5.018401719,5.071300881,,,,,
68,83,151,Er,,,5.0590944,0.0014781909,40,unmeasured_target_40_models,extrapolation_model_estimate,0.01262445712,5.046469943,5.071718857,0.02719140513,5.031902995,5.086285805,,,,,
68,84,152,Er,5.0843,0.0257,5.0834227,0.00033712116,4,measured_target_oof_4_models,heldout_test_aggregate,0.01520210711,5.068220593,5.098624807,0.03065894564,5.052763754,5.114081646,,,,,
68,85,153,Er,,,5.0950108,0.0008627233,40,unmeasured_target_40_models,extrapolation_model_estimate,0.01016381311,5.084846987,5.105174613,0.02172487574,5.073285924,5.116735676,,,,,
68,86,154,Er,5.1129,0.0268,5.1142855,0.00091689534,4,measured_target_oof_4_models,heldout_test_aggregate,0.009945200426,5.1043403,5.1242307,0.02202541368,5.092260086,5.136310914,,,,,
68,87,155,Er,,,5.125373,0.0017100663,40,unmeasured_target_40_models,extrapolation_model_estimate,0.008013478723,5.117359521,5.133386479,0.01684593537,5.108527065,5.142218935,,,,,
68,88,156,Er,5.1429,0.0285,5.1457496,0.0003842426,4,measured_target_oof_4_models,heldout_test_aggregate,0.008494375502,5.137255224,5.154243976,0.01784360165,5.127905998,5.163593202,,,,,
68,89,157,Er,,,5.1615524,0.0016245415,40,unmeasured_target_40_models,extrapolation_model_estimate,0.008847182358,5.152705218,5.170399582,0.0186558904,5.14289651,5.18020829,,,,,
68,90,158,Er,5.1761,0.0312,5.174293,0.0011268771,4,measured_target_oof_4_models,heldout_test_aggregate,0.01002653744,5.164266463,5.184319537,0.02088751995,5.15340548,5.19518052,,,,,
68,91,159,Er,,,5.187669,0.0016697483,40,unmeasured_target_40_models,extrapolation_model_estimate,0.009426760121,5.17824224,5.19709576,0.02015918329,5.167509817,5.207828183,,,,,
68,92,160,Er,5.2045,0.0336,5.197919,0.0015114568,4,measured_target_oof_4_models,heldout_test_aggregate,0.01033147955,5.18758752,5.20825048,0.02198564176,5.175933358,5.219904642,,,,,
68,93,161,Er,,,5.2058277,0.0010924463,40,unmeasured_target_40_models,extrapolation_model_estimate,0.009567586919,5.196260113,5.215395287,0.02068917851,5.185138521,5.226516879,,,,,
68,94,162,Er,5.2246,0.004,5.214298,0.00044983436,4,measured_target_oof_4_models,heldout_test_aggregate,0.01053843087,5.203759569,5.224836431,0.02231929678,5.191978703,5.236617297,,,,,
68,95,163,Er,,,5.2233415,0.0014998948,40,unmeasured_target_40_models,extrapolation_model_estimate,0.009419616817,5.213921883,5.232761117,0.02041799618,5.202923504,5.243759496,,,,,
68,96,164,Er,5.2389,0.0035,5.2314515,0.00030205777,4,measured_target_oof_4_models,heldout_test_aggregate,0.01036948385,5.221082016,5.241820984,0.02058662872,5.210864871,5.252038129,,,,,
68,97,165,Er,,,5.2472653,0.0018611826,40,unmeasured_target_40_models,extrapolation_model_estimate,0.01133805112,5.235927249,5.258603351,0.02433651183,5.222928788,5.271601812,,,,,
68,98,166,Er,5.2516,0.0031,5.2578907,0.00046315996,4,measured_target_oof_4_models,heldout_test_aggregate,0.013079882,5.244810818,5.270970582,0.02803245053,5.229858249,5.285923151,,,,,
68,99,167,Er,5.256,0.0031,5.2626534,0.0008838677,4,measured_target_oof_4_models,heldout_test_aggregate,0.01367172647,5.248981674,5.276325126,0.02825097922,5.234402421,5.290904379,,,,,
68,100,168,Er,5.2644,0.0035,5.2719173,0.0009494036,4,measured_target_oof_4_models,heldout_test_aggregate,0.01133092729,5.260586373,5.283248227,0.02417795562,5.247739344,5.296095256,,,,,
68,101,169,Er,,,5.2857237,0.0027049491,40,unmeasured_target_40_models,extrapolation_model_estimate,0.01087947183,5.274844228,5.296603172,0.02381128581,5.261912414,5.309534986,,,,,
68,102,170,Er,5.2789,0.0041,5.2817774,0.00061898545,4,measured_target_oof_4_models,heldout_test_aggregate,0.0123608774,5.269416523,5.294138277,0.02652025102,5.255257149,5.308297651,,,,,
68,103,171,Er,,,5.2964883,0.0016112704,40,unmeasured_target_40_models,extrapolation_model_estimate,0.01067211985,5.28581618,5.30716042,0.02380575244,5.272682548,5.320294052,,,,,
68,104,172,Er,,,5.3005896,0.0018692495,40,unmeasured_target_40_models,extrapolation_model_estimate,0.01084053816,5.289749062,5.311430138,0.02413588382,5.276453716,5.324725484,,,,,
68,105,173,Er,,,5.309804,0.0020892217,40,unmeasured_target_40_models,extrapolation_model_estimate,0.01087500832,5.298928992,5.320679008,0.02430604819,5.285497952,5.334110048,,,,,
68,106,174,Er,,,5.3063345,0.0017535962,40,unmeasured_target_40_models,extrapolation_model_estimate,0.01189150156,5.294442998,5.318226002,0.02562141554,5.280713084,5.331955916,,,,,
68,107,175,Er,,,5.3153963,0.0017865115,40,unmeasured_target_40_models,extrapolation_model_estimate,0.00963082975,5.30576547,5.32502713,0.02129768653,5.294098613,5.336693987,,,,,
68,108,176,Er,,,5.312114,0.0013903386,40,unmeasured_target_40_models,extrapolation_model_estimate,0.01088192912,5.301232071,5.322995929,0.02256488771,5.289549112,5.334678888,,,,,
68,109,177,Er,,,5.3052244,0.0013253676,40,unmeasured_target_40_models,extrapolation_model_estimate,0.01163482633,5.293589574,5.316859226,0.02560142998,5.27962297,5.33082583,,,,,
68,110,178,Er,,,5.311555,0.0019894112,40,unmeasured_target_40_models,extrapolation_model_estimate,0.01361178096,5.297943219,5.325166781,0.02932486511,5.282230135,5.340879865,,,,,
68,111,179,Er,,,5.3118815,0.0018495579,40,unmeasured_target_40_models,extrapolation_model_estimate,0.01340294844,5.298478552,5.325284448,0.02915691501,5.282724585,5.341038415,,,,,
68,112,180,Er,,,5.3164477,0.0014273123,40,unmeasured_target_40_models,extrapolation_model_estimate,0.01429623592,5.302151464,5.330743936,0.03039677372,5.286050926,5.346844474,,,,,
69,75,144,Tm,,,4.9920454,0.002593113,40,unmeasured_target_40_models,extrapolation_model_estimate,0.01870814653,4.973337253,5.010753547,0.04052027234,4.951525128,5.032565672,,,,,
69,76,145,Tm,,,4.994643,0.0020813246,40,unmeasured_target_40_models,extrapolation_model_estimate,0.01893190327,4.975711097,5.013574903,0.0397648904,4.95487811,5.03440789,,,,,
69,77,146,Tm,,,5.003267,0.0019855243,40,unmeasured_target_40_models,extrapolation_model_estimate,0.01679574895,4.986471251,5.020062749,0.03512670539,4.968140295,5.038393705,,,,,
69,78,147,Tm,,,5.0083084,0.0022252577,40,unmeasured_target_40_models,extrapolation_model_estimate,0.01379888718,4.994509513,5.022107287,0.02953107195,4.978777328,5.037839472,,,,,
69,79,148,Tm,,,5.00087,0.0022953942,40,unmeasured_target_40_models,extrapolation_model_estimate,0.0158078763,4.985062124,5.016677876,0.03263846849,4.968231532,5.033508468,,,,,
69,80,149,Tm,,,5.0117655,0.0020338064,40,unmeasured_target_40_models,extrapolation_model_estimate,0.01488644672,4.996879053,5.026651947,0.03274863802,4.979016862,5.044514138,,,,,
69,81,150,Tm,,,5.007382,0.0018952454,40,unmeasured_target_40_models,extrapolation_model_estimate,0.01459299196,4.992789008,5.021974992,0.03131587633,4.976066124,5.038697876,,,,,
69,82,151,Tm,,,5.0088053,0.0020098155,40,unmeasured_target_40_models,extrapolation_model_estimate,0.01162196069,4.997183339,5.020427261,0.02435245812,4.984452842,5.033157758,,,,,
69,83,152,Tm,,,5.0217724,0.002296174,40,unmeasured_target_40_models,extrapolation_model_estimate,0.01129054318,5.010481857,5.033062943,0.02283608679,4.998936313,5.044608487,,,,,
69,84,153,Tm,5.0643,0.019,5.0442686,0.0013188868,4,measured_target_oof_4_models,heldout_test_aggregate,0.01385032625,5.030418274,5.058118926,0.02866960029,5.015599,5.0729382,,,,,
69,85,154,Tm,5.0755,0.0166,5.059206,0.00067488325,4,measured_target_oof_4_models,heldout_test_aggregate,0.01144592486,5.047760075,5.070651925,0.02360891858,5.035597081,5.082814919,,,,,
69,86,155,Tm,,,5.0784903,0.0019189813,40,unmeasured_target_40_models,extrapolation_model_estimate,0.01083749487,5.067652805,5.089327795,0.02317341511,5.055316885,5.101663715,,,,,
69,87,156,Tm,5.0976,0.0135,5.092551,0.0012172066,4,measured_target_oof_4_models,heldout_test_aggregate,0.01075620911,5.081794791,5.103307209,0.02313132529,5.069419675,5.115682325,,,,,
69,88,157,Tm,5.114,0.0074,5.110211,0.0009490623,4,measured_target_oof_4_models,heldout_test_aggregate,0.009000263324,5.101210737,5.119211263,0.0207352548,5.089475745,5.130946255,,,,,
69,89,158,Tm,5.1235,0.0069,5.1297445,0.0009247891,4,measured_target_oof_4_models,heldout_test_aggregate,0.009513471483,5.120231029,5.139257971,0.02086389465,5.108880605,5.150608395,,,,,
69,90,159,Tm,5.1392,0.006,5.1432276,0.00092543766,4,measured_target_oof_4_models,heldout_test_aggregate,0.01015659255,5.133071007,5.153384193,0.02032981819,5.122897782,5.163557418,,,,,
69,91,160,Tm,5.1504,0.0055,5.1534805,0.00064119714,4,measured_target_oof_4_models,heldout_test_aggregate,0.009956744502,5.143523755,5.163437245,0.02023570239,5.133244798,5.173716202,,,,,
69,92,161,Tm,5.1616,0.005,5.1668067,0.0004490159,4,measured_target_oof_4_models,heldout_test_aggregate,0.009484730305,5.15732197,5.17629143,0.02133083283,5.145475867,5.188137533,,,,,
69,93,162,Tm,5.1713,0.0048,5.171376,0.0003293861,4,measured_target_oof_4_models,heldout_test_aggregate,0.01198291659,5.159393083,5.183358917,0.02587546644,5.145500534,5.197251466,,,,,
69,94,163,Tm,5.1849,0.0042,5.178923,0.00040745846,4,measured_target_oof_4_models,heldout_test_aggregate,0.01124891635,5.167674084,5.190171916,0.02585788631,5.153065114,5.204780886,,,,,
69,95,164,Tm,5.1906,0.0042,5.1858377,0.001368709,4,measured_target_oof_4_models,heldout_test_aggregate,0.01300003318,5.172837667,5.198837733,0.02669167361,5.159146026,5.212529374,,,,,
69,96,165,Tm,5.2004,0.0038,5.1910963,0.0013883666,4,measured_target_oof_4_models,heldout_test_aggregate,0.01223479228,5.178861508,5.203331092,0.02622414187,5.164872158,5.217320442,,,,,
69,97,166,Tm,5.2046,0.0038,5.213406,0.00199198,4,measured_target_oof_4_models,heldout_test_aggregate,0.01102385431,5.202382146,5.224429854,0.02399977791,5.189406222,5.237405778,,,,,
69,98,167,Tm,5.2129,0.0036,5.219548,0.00050546275,4,measured_target_oof_4_models,heldout_test_aggregate,0.01258739713,5.206960603,5.232135397,0.02682490542,5.192723095,5.246372905,,,,,
69,99,168,Tm,5.217,0.0036,5.2339487,0.00055562943,4,measured_target_oof_4_models,heldout_test_aggregate,0.01136326019,5.22258544,5.24531196,0.02243992073,5.211508779,5.256388621,,,,,
69,100,169,Tm,5.2256,0.0035,5.2437477,0.0011440732,4,measured_target_oof_4_models,heldout_test_aggregate,0.01411483141,5.229632869,5.257862531,0.02962249537,5.214125205,5.273370195,,,,,
69,101,170,Tm,5.2303,0.0036,5.2536416,0.0011926307,4,measured_target_oof_4_models,heldout_test_aggregate,0.01548374885,5.238157851,5.269125349,0.032996444,5.220645156,5.286638044,,,,,
69,102,171,Tm,5.2388,0.0037,5.2481165,0.0006283406,4,measured_target_oof_4_models,heldout_test_aggregate,0.01184963756,5.236266862,5.259966138,0.02474373443,5.223372766,5.272860234,,,,,
69,103,172,Tm,5.2411,0.0052,5.2644095,0.0012948009,4,measured_target_oof_4_models,heldout_test_aggregate,0.0110232447,5.253386255,5.275432745,0.02253450891,5.241874991,5.286944009,,,,,
69,104,173,Tm,,,5.2648892,0.0015635603,40,unmeasured_target_40_models,extrapolation_model_estimate,0.01193932484,5.252949875,5.276828525,0.02522697482,5.239662225,5.290116175,,,,,
69,105,174,Tm,,,5.2719426,0.0026751542,40,unmeasured_target_40_models,extrapolation_model_estimate,0.01184677268,5.260095827,5.283789373,0.02574031196,5.246202288,5.297682912,,,,,
69,106,175,Tm,,,5.2706127,0.0022160579,40,unmeasured_target_40_models,extrapolation_model_estimate,0.01349871276,5.257113987,5.284111413,0.02903342268,5.241579277,5.299646123,,,,,
69,107,176,Tm,,,5.2760706,0.0022453703,40,unmeasured_target_40_models,extrapolation_model_estimate,0.01296574701,5.263104853,5.289036347,0.0271065111,5.248964089,5.303177111,,,,,
69,108,177,Tm,,,5.2732778,0.002081101,40,unmeasured_target_40_models,extrapolation_model_estimate,0.01045473314,5.262823067,5.283732533,0.02164494141,5.251632859,5.294922741,,,,,
69,109,178,Tm,,,5.2660923,0.0022744257,40,unmeasured_target_40_models,extrapolation_model_estimate,0.009326172683,5.256766127,5.275418473,0.0198368878,5.246255412,5.285929188,,,,,
69,110,179,Tm,,,5.272486,0.0023406507,40,unmeasured_target_40_models,extrapolation_model_estimate,0.01073220436,5.261753796,5.283218204,0.02254796813,5.249938032,5.295033968,,,,,
69,111,180,Tm,,,5.2733655,0.0023488651,40,unmeasured_target_40_models,extrapolation_model_estimate,0.01292478902,5.260440711,5.286290289,0.02726042412,5.246105076,5.300625924,,,,,
69,112,181,Tm,,,5.2769885,0.002230893,40,unmeasured_target_40_models,extrapolation_model_estimate,0.0137470574,5.263241443,5.290735557,0.02871049741,5.248278003,5.305698997,,,,,
70,79,149,Yb,,,5.0470395,0.0018000747,40,unmeasured_target_40_models,extrapolation_model_estimate,0.01221488346,5.034824617,5.059254383,0.02596078941,5.021078711,5.073000289,,,,,
70,80,150,Yb,,,5.053301,0.0020024432,40,unmeasured_target_40_models,extrapolation_model_estimate,0.01577912954,5.03752187,5.06908013,0.03322335267,5.020077647,5.086524353,,,,,
70,81,151,Yb,,,5.051948,0.0015139328,40,unmeasured_target_40_models,extrapolation_model_estimate,0.01193849806,5.040009502,5.063886498,0.02597769801,5.025970302,5.077925698,,,,,
70,82,152,Yb,5.0423,0.0146,5.0545316,0.001219621,4,measured_target_oof_4_models,heldout_test_aggregate,0.008446188355,5.046085412,5.062977788,0.0189985386,5.035533061,5.073530139,,,,,
70,83,153,Yb,,,5.0661845,0.0017098943,40,unmeasured_target_40_models,extrapolation_model_estimate,0.01247639537,5.053708105,5.078660895,0.02518234701,5.041002153,5.091366847,,,,,
70,84,154,Yb,5.0875,0.0105,5.0903654,0.00025542825,4,measured_target_oof_4_models,heldout_test_aggregate,0.01171387153,5.078651528,5.102079272,0.02234106578,5.068024334,5.112706466,,,,,
70,85,155,Yb,5.104,0.011,5.1036773,0.00055870414,4,measured_target_oof_4_models,heldout_test_aggregate,0.01286293902,5.090814361,5.116540239,0.02950083337,5.074176467,5.133178133,,,,,
70,86,156,Yb,5.1219,0.0103,5.1194363,0.0012204978,4,measured_target_oof_4_models,heldout_test_aggregate,0.01317447983,5.10626182,5.13261078,0.02890935734,5.090526943,5.148345657,,,,,
70,87,157,Yb,5.1324,0.01,5.133296,0.00081410265,4,measured_target_oof_4_models,heldout_test_aggregate,0.01245270572,5.120843294,5.145748706,0.02737720362,5.105918796,5.160673204,,,,,
70,88,158,Yb,5.1498,0.0088,5.153001,0.0010416496,4,measured_target_oof_4_models,heldout_test_aggregate,0.01131715763,5.141683842,5.164318158,0.02341433259,5.129586667,5.176415333,,,,,
70,89,159,Yb,5.1629,0.0084,5.1727095,0.00072678895,4,measured_target_oof_4_models,heldout_test_aggregate,0.01074475769,5.161964742,5.183454258,0.02202623417,5.150683266,5.194735734,,,,,
70,90,160,Yb,5.1781,0.0076,5.1843166,0.0006854059,4,measured_target_oof_4_models,heldout_test_aggregate,0.01019183511,5.174124765,5.194508435,0.0223279651,5.161988635,5.206644565,,,,,
70,91,161,Yb,5.1889,0.0072,5.1991234,0.00091123837,4,measured_target_oof_4_models,heldout_test_aggregate,0.009046860064,5.19007654,5.20817026,0.01853805618,5.180585344,5.217661456,,,,,
70,92,162,Yb,5.2054,0.0067,5.2072353,0.0003608705,4,measured_target_oof_4_models,heldout_test_aggregate,0.009332870959,5.197902429,5.216568171,0.01981594786,5.187419352,5.227051248,,,,,
70,93,163,Yb,5.2157,0.0064,5.2174506,0.0014765428,4,measured_target_oof_4_models,heldout_test_aggregate,0.009875291966,5.207575308,5.227325892,0.02047423951,5.19697636,5.23792484,,,,,
70,94,164,Yb,5.2307,0.006,5.222559,0.0011190515,4,measured_target_oof_4_models,heldout_test_aggregate,0.01117491204,5.211384088,5.233733912,0.02404174104,5.198517259,5.246600741,,,,,
70,95,165,Yb,5.2399,0.0058,5.234495,0.0006189932,4,measured_target_oof_4_models,heldout_test_aggregate,0.01098295125,5.223512049,5.245477951,0.02370287323,5.210792127,5.258197873,,,,,
70,96,166,Yb,5.2525,0.0057,5.2399917,0.0012021872,4,measured_target_oof_4_models,heldout_test_aggregate,0.01124673665,5.228744963,5.251238437,0.0226915966,5.217300103,5.262683297,,,,,
70,97,167,Yb,5.2621,0.0056,5.254294,0.0015036971,4,measured_target_oof_4_models,heldout_test_aggregate,0.01047230492,5.243821695,5.264766305,0.02243557386,5.231858426,5.276729574,,,,,
70,98,168,Yb,5.2702,0.0056,5.2623744,0.00077263,4,measured_target_oof_4_models,heldout_test_aggregate,0.01089196842,5.251482432,5.273266368,0.02293302279,5.239441377,5.285307423,,,,,
70,99,169,Yb,5.2771,0.0056,5.276406,0.0005062733,4,measured_target_oof_4_models,heldout_test_aggregate,0.0103358904,5.26607011,5.28674189,0.02236260776,5.254043392,5.298768608,,,,,
70,100,170,Yb,5.2853,0.0056,5.280619,0.00082410406,4,measured_target_oof_4_models,heldout_test_aggregate,0.01105757701,5.269561423,5.291676577,0.0229482365,5.257670763,5.303567237,,,,,
70,101,171,Yb,5.2906,0.0057,5.2977123,0.0006543034,4,measured_target_oof_4_models,heldout_test_aggregate,0.0117775042,5.285934796,5.309489804,0.02419319084,5.273519109,5.321905491,,,,,
70,102,172,Yb,5.2995,0.0058,5.2913156,0.0008984923,4,measured_target_oof_4_models,heldout_test_aggregate,0.01137844916,5.279937151,5.302694049,0.02441729102,5.266898309,5.315732891,,,,,
70,103,173,Yb,5.3046,0.0059,5.3072486,0.0007141067,4,measured_target_oof_4_models,heldout_test_aggregate,0.01195087638,5.295297724,5.319199476,0.02430680712,5.282941793,5.331555407,,,,,
70,104,174,Yb,5.3108,0.006,5.312004,0.0009892451,4,measured_target_oof_4_models,heldout_test_aggregate,0.0115053683,5.300498632,5.323509368,0.0245720197,5.28743198,5.33657602,,,,,
70,105,175,Yb,5.3135,0.0061,5.323872,0.0018759496,4,measured_target_oof_4_models,heldout_test_aggregate,0.008983568407,5.314888432,5.332855568,0.02005777583,5.303814224,5.343929776,,,,,
70,106,176,Yb,5.3215,0.0062,5.317606,0.00085485727,4,measured_target_oof_4_models,heldout_test_aggregate,0.008873149623,5.30873285,5.32647915,0.02064894287,5.296957057,5.338254943,,,,,
70,107,177,Yb,,,5.32556,0.0017977057,40,unmeasured_target_40_models,extrapolation_model_estimate,0.01011643679,5.315443563,5.335676437,0.0215494188,5.304010581,5.347109419,,,,,
70,108,178,Yb,,,5.3217306,0.001590595,40,unmeasured_target_40_models,extrapolation_model_estimate,0.01050782316,5.311222777,5.332238423,0.02229405181,5.299436548,5.344024652,,,,,
70,109,179,Yb,,,5.3144093,0.0014989431,40,unmeasured_target_40_models,extrapolation_model_estimate,0.009873864312,5.304535436,5.324283164,0.02086399586,5.293545304,5.335273296,,,,,
70,110,180,Yb,,,5.320976,0.0018796057,40,unmeasured_target_40_models,extrapolation_model_estimate,0.008127198798,5.312848801,5.329103199,0.01725934813,5.303716652,5.338235348,,,,,
70,111,181,Yb,,,5.320577,0.0017506349,40,unmeasured_target_40_models,extrapolation_model_estimate,0.008398643087,5.312178357,5.328975643,0.01832444258,5.302252557,5.338901443,,,,,
70,112,182,Yb,,,5.325555,0.0015407862,40,unmeasured_target_40_models,extrapolation_model_estimate,0.01029827145,5.315256729,5.335853271,0.0217182132,5.303836787,5.347273213,,,,,
70,113,183,Yb,,,5.326657,0.0025840572,40,unmeasured_target_40_models,extrapolation_model_estimate,0.01155242443,5.315104576,5.338209424,0.02416904895,5.302487951,5.350826049,,,,,
70,114,184,Yb,,,5.333218,0.0020526096,40,unmeasured_target_40_models,extrapolation_model_estimate,0.01270210326,5.320515897,5.345920103,0.02712700709,5.306090993,5.360345007,,,,,
70,115,185,Yb,,,5.3340006,0.002311184,40,unmeasured_target_40_models,extrapolation_model_estimate,0.01160550677,5.322395093,5.345606107,0.02456848405,5.309432116,5.358569084,,,,,
71,78,149,Lu,,,5.10574,0.0017901752,40,unmeasured_target_40_models,extrapolation_model_estimate,0.01786886234,5.087871138,5.123608862,0.03756457156,5.068175428,5.143304572,,,,,
71,79,150,Lu,,,5.094361,0.0022495724,40,unmeasured_target_40_models,extrapolation_model_estimate,0.01742242309,5.076938577,5.111783423,0.03648864409,5.057872356,5.130849644,,,,,
71,80,151,Lu,,,5.1031275,0.0015019614,40,unmeasured_target_40_models,extrapolation_model_estimate,0.01673824146,5.086389259,5.119865741,0.03533980023,5.0677877,5.1384673,,,,,
71,81,152,Lu,,,5.10291,0.0016212371,40,unmeasured_target_40_models,extrapolation_model_estimate,0.01486579212,5.088044208,5.117775792,0.03219640011,5.0707136,5.1351064,,,,,
71,82,153,Lu,,,5.103989,0.0015132546,40,unmeasured_target_40_models,extrapolation_model_estimate,0.01223419584,5.091754804,5.116223196,0.02552226583,5.078466734,5.129511266,,,,,
71,83,154,Lu,,,5.116974,0.0021601238,40,unmeasured_target_40_models,extrapolation_model_estimate,0.01271800679,5.104255993,5.129692007,0.02585461221,5.091119388,5.142828612,,,,,
71,84,155,Lu,,,5.141941,0.0017974009,40,unmeasured_target_40_models,extrapolation_model_estimate,0.01323724304,5.128703757,5.155178243,0.02808511656,5.113855883,5.170026117,,,,,
71,85,156,Lu,,,5.1546817,0.0013195889,40,unmeasured_target_40_models,extrapolation_model_estimate,0.01055729,5.14412441,5.16523899,0.02312122343,5.131560477,5.177802923,,,,,
71,86,157,Lu,,,5.1725574,0.0017918559,40,unmeasured_target_40_models,extrapolation_model_estimate,0.009634502057,5.162922898,5.182191902,0.02056211715,5.151995283,5.193119517,,,,,
71,87,158,Lu,,,5.1874623,0.0016350189,40,unmeasured_target_40_models,extrapolation_model_estimate,0.008885631279,5.178576669,5.196347931,0.01986926103,5.167593039,5.207331561,,,,,
71,88,159,Lu,,,5.205663,0.0014184387,40,unmeasured_target_40_models,extrapolation_model_estimate,0.01374011766,5.191922882,5.219403118,0.02944844746,5.176214553,5.235111447,,,,,
71,89,160,Lu,,,5.2235537,0.0015658201,40,unmeasured_target_40_models,extrapolation_model_estimate,0.01342325895,5.210130441,5.236976959,0.02932500733,5.194228693,5.252878707,,,,,
71,90,161,Lu,5.2293,0.032,5.2373614,0.0012169158,4,measured_target_oof_4_models,heldout_test_aggregate,0.01295302263,5.224408377,5.250314423,0.02754285715,5.209818543,5.264904257,,,,,
71,91,162,Lu,5.2398,0.0317,5.250561,0.0011012921,4,measured_target_oof_4_models,heldout_test_aggregate,0.01131085307,5.239250147,5.261871853,0.02534258247,5.225218418,5.275903582,,,,,
71,92,163,Lu,5.2567,0.0312,5.2620535,0.0010704597,4,measured_target_oof_4_models,heldout_test_aggregate,0.0104762917,5.251577208,5.272529792,0.02284237659,5.239211123,5.284895877,,,,,
71,93,164,Lu,5.2677,0.031,5.269833,0.0014163497,4,measured_target_oof_4_models,heldout_test_aggregate,0.009835905645,5.259997094,5.279668906,0.02127508468,5.248557915,5.291108085,,,,,
71,94,165,Lu,5.283,0.0307,5.2765384,0.001396409,4,measured_target_oof_4_models,heldout_test_aggregate,0.009900534062,5.266637866,5.286438934,0.02094444641,5.255593954,5.297482846,,,,,
71,95,166,Lu,5.2972,0.0305,5.2847304,0.0015005084,4,measured_target_oof_4_models,heldout_test_aggregate,0.01053695945,5.274193441,5.295267359,0.02143271562,5.263297684,5.306163116,,,,,
71,96,167,Lu,5.3108,0.0303,5.2924886,0.0009009517,4,measured_target_oof_4_models,heldout_test_aggregate,0.0107456904,5.28174291,5.30323429,0.02321338667,5.269275213,5.315701987,,,,,
71,97,168,Lu,5.3227,0.0302,5.3097134,0.00094532093,4,measured_target_oof_4_models,heldout_test_aggregate,0.01175174416,5.297961656,5.321465144,0.02562953313,5.284083867,5.335342933,,,,,
71,98,169,Lu,5.329,0.0302,5.316333,0.0009670396,4,measured_target_oof_4_models,heldout_test_aggregate,0.01188810395,5.304444896,5.328221104,0.02531893648,5.291014064,5.341651936,,,,,
71,99,170,Lu,5.3364,0.0302,5.327341,0.00041209869,4,measured_target_oof_4_models,heldout_test_aggregate,0.01176639743,5.315574603,5.339107397,0.02494288809,5.302398112,5.352283888,,,,,
71,100,171,Lu,5.3436,0.0302,5.33568,8.218804e-05,4,measured_target_oof_4_models,heldout_test_aggregate,0.01237853025,5.32330147,5.34805853,0.02573808999,5.30994191,5.36141809,,,,,
71,101,172,Lu,5.3486,0.0302,5.349208,0.0008109137,4,measured_target_oof_4_models,heldout_test_aggregate,0.01284835315,5.336359647,5.362056353,0.02907975233,5.320128248,5.378287752,,,,,
71,102,173,Lu,5.3577,0.0303,5.346606,0.0007413677,4,measured_target_oof_4_models,heldout_test_aggregate,0.01164095337,5.334965047,5.358246953,0.02565868288,5.320947317,5.372264683,,,,,
71,103,174,Lu,5.3634,0.0303,5.3618393,0.0006152799,4,measured_target_oof_4_models,heldout_test_aggregate,0.01231042822,5.349528872,5.374149728,0.02742906506,5.334410235,5.389268365,,,,,
71,104,175,Lu,5.37,0.0304,5.364304,0.00074801245,4,measured_target_oof_4_models,heldout_test_aggregate,0.009745815664,5.354558184,5.374049816,0.02162385746,5.342680143,5.385927857,,,,,
71,105,176,Lu,5.3739,0.0304,5.3729343,0.0015809356,4,measured_target_oof_4_models,heldout_test_aggregate,0.01265502735,5.360279273,5.385589327,0.02561393419,5.347320366,5.398548234,,,,,
71,106,177,Lu,5.3815,0.0305,5.375586,0.0012894999,4,measured_target_oof_4_models,heldout_test_aggregate,0.01116858445,5.364417416,5.386754584,0.023373046,5.352212954,5.398959046,,,,,
71,107,178,Lu,5.3857,0.0306,5.379758,0.00042507378,4,measured_target_oof_4_models,heldout_test_aggregate,0.009584035576,5.370173964,5.389342036,0.01933303927,5.360424961,5.399091039,,,,,
71,108,179,Lu,5.3917,0.0307,5.376318,0.00027223307,4,measured_target_oof_4_models,heldout_test_aggregate,0.009646339804,5.36667166,5.38596434,0.02101023815,5.355307762,5.397328238,,,,,
71,109,180,Lu,,,5.3721576,0.0014717988,40,unmeasured_target_40_models,extrapolation_model_estimate,0.01004500705,5.362112593,5.382202607,0.02124354926,5.350914051,5.393401149,,,,,
71,110,181,Lu,,,5.3757224,0.0016155194,40,unmeasured_target_40_models,extrapolation_model_estimate,0.01091443958,5.36480796,5.38663684,0.02345314945,5.352269251,5.399175549,,,,,
71,111,182,Lu,,,5.3756495,0.0015283691,40,unmeasured_target_40_models,extrapolation_model_estimate,0.00963365831,5.366015842,5.385283158,0.02013060158,5.355518898,5.395780102,,,,,
71,112,183,Lu,,,5.3814077,0.0015605135,40,unmeasured_target_40_models,extrapolation_model_estimate,0.00750524058,5.373902459,5.388912941,0.01612093398,5.365286766,5.397528634,,,,,
71,113,184,Lu,,,5.3832564,0.0019386039,40,unmeasured_target_40_models,extrapolation_model_estimate,0.009041023943,5.374215376,5.392297424,0.019459603,5.363796797,5.402716003,,,,,
71,114,185,Lu,,,5.387877,0.0020048115,40,unmeasured_target_40_models,extrapolation_model_estimate,0.01068325968,5.37719374,5.39856026,0.02263005613,5.365246944,5.410507056,,,,,
71,115,186,Lu,,,5.3886557,0.0018647071,40,unmeasured_target_40_models,extrapolation_model_estimate,0.01162097292,5.377034727,5.400276673,0.02485536717,5.363800333,5.413511067,,,,,
71,116,187,Lu,,,5.3931513,0.0014313112,40,unmeasured_target_40_models,extrapolation_model_estimate,0.01304128022,5.38011002,5.40619258,0.02820577108,5.364945529,5.421357071,,,,,
71,117,188,Lu,,,5.3984537,0.0018938172,40,unmeasured_target_40_models,extrapolation_model_estimate,0.01217075586,5.386282944,5.410624456,0.02592746198,5.372526238,5.424381162,,,,,
72,79,151,Hf,,,5.055339,0.0025343657,40,unmeasured_target_40_models,extrapolation_model_estimate,0.01528015475,5.040058845,5.070619155,0.0322400852,5.023098915,5.087579085,,,,,
72,81,153,Hf,,,5.0618668,0.0017949803,40,unmeasured_target_40_models,extrapolation_model_estimate,0.0124736302,5.04939317,5.07434043,0.02684797628,5.035018824,5.088714776,,,,,
72,82,154,Hf,,,5.0622916,0.0023204586,40,unmeasured_target_40_models,extrapolation_model_estimate,0.01112396975,5.05116763,5.07341557,0.02438898634,5.037902614,5.086680586,,,,,
72,83,155,Hf,,,5.0736294,0.0018980086,40,unmeasured_target_40_models,extrapolation_model_estimate,0.0103825369,5.063246863,5.084011937,0.02259815621,5.051031244,5.096227556,,,,,
72,84,156,Hf,,,5.100262,0.0024300122,40,unmeasured_target_40_models,extrapolation_model_estimate,0.01299710734,5.087264893,5.113259107,0.02540305152,5.074858948,5.125665052,,,,,
72,85,157,Hf,,,5.1135225,0.0015007852,40,unmeasured_target_40_models,extrapolation_model_estimate,0.01027040077,5.103252099,5.123792901,0.02160294164,5.091919558,5.135125442,,,,,
72,86,158,Hf,,,5.1312804,0.0018659824,40,unmeasured_target_40_models,extrapolation_model_estimate,0.01070627023,5.12057413,5.14198667,0.02226224151,5.109018158,5.153542642,,,,,
72,87,159,Hf,,,5.1465883,0.001771671,40,unmeasured_target_40_models,extrapolation_model_estimate,0.008858256177,5.137730044,5.155446556,0.01858230765,5.128005992,5.165170608,,,,,
72,88,160,Hf,,,5.163904,0.0017233369,40,unmeasured_target_40_models,extrapolation_model_estimate,0.009282912003,5.154621088,5.173186912,0.02042909413,5.143474906,5.184333094,,,,,
72,89,161,Hf,,,5.18316,0.0018442903,40,unmeasured_target_40_models,extrapolation_model_estimate,0.01240472016,5.17075528,5.19556472,0.02614399308,5.157016007,5.209303993,,,,,
72,90,162,Hf,,,5.1971,0.0017051526,40,unmeasured_target_40_models,extrapolation_model_estimate,0.01346156424,5.183638436,5.210561564,0.02851735703,5.168582643,5.225617357,,,,,
72,91,163,Hf,,,5.2116017,0.0015713093,40,unmeasured_target_40_models,extrapolation_model_estimate,0.01265690262,5.198944797,5.224258603,0.02665514582,5.184946554,5.238256846,,,,,
72,92,164,Hf,,,5.2235584,0.0016627541,40,unmeasured_target_40_models,extrapolation_model_estimate,0.01308458186,5.210473818,5.236642982,0.02780534142,5.195753059,5.251363741,,,,,
72,93,165,Hf,,,5.231309,0.0016228122,40,unmeasured_target_40_models,extrapolation_model_estimate,0.01239221257,5.218916787,5.243701213,0.02622364945,5.205085351,5.257532649,,,,,
72,94,166,Hf,,,5.2420883,0.0021063357,40,unmeasured_target_40_models,extrapolation_model_estimate,0.01126586628,5.230822434,5.253354166,0.02317917304,5.218909127,5.265267473,,,,,
72,95,167,Hf,,,5.2500553,0.0017695007,40,unmeasured_target_40_models,extrapolation_model_estimate,0.01001914104,5.240036159,5.260074441,0.02113959807,5.228915702,5.271194898,,,,,
72,96,168,Hf,,,5.259646,0.0013407794,40,unmeasured_target_40_models,extrapolation_model_estimate,0.01096531071,5.248680689,5.270611311,0.02279612392,5.236849876,5.282442124,,,,,
72,97,169,Hf,,,5.276241,0.001201178,40,unmeasured_target_40_models,extrapolation_model_estimate,0.01079456301,5.265446437,5.287035563,0.02307283817,5.253168162,5.299313838,,,,,
72,98,170,Hf,5.2898,0.0055,5.2816997,0.0012590025,4,measured_target_oof_4_models,heldout_test_aggregate,0.01196102272,5.269738677,5.293660723,0.02543048374,5.256269216,5.307130184,,,,,
72,99,171,Hf,5.3041,0.0049,5.2933855,0.00063089805,4,measured_target_oof_4_models,heldout_test_aggregate,0.01183666409,5.281548836,5.305222164,0.02425530645,5.269130194,5.317640806,,,,,
72,100,172,Hf,5.3065,0.0043,5.299637,0.0009794793,4,measured_target_oof_4_models,heldout_test_aggregate,0.01271664938,5.286920351,5.312353649,0.02803659182,5.271600408,5.327673592,,,,,
72,101,173,Hf,5.314,0.0038,5.3078756,0.0006989678,4,measured_target_oof_4_models,heldout_test_aggregate,0.01107186762,5.296803732,5.318947468,0.02381953266,5.284056067,5.331695133,,,,,
72,102,174,Hf,5.3201,0.0035,5.3134403,0.0013374569,4,measured_target_oof_4_models,heldout_test_aggregate,0.01172749718,5.301712803,5.325167797,0.02361343859,5.289826861,5.337053739,,,,,
72,103,175,Hf,5.3191,0.0036,5.3286796,0.00054251094,4,measured_target_oof_4_models,heldout_test_aggregate,0.01144566255,5.317233937,5.340125263,0.02393627981,5.30474332,5.35261588,,,,,
72,104,176,Hf,5.3286,0.0032,5.333763,0.0003510302,4,measured_target_oof_4_models,heldout_test_aggregate,0.0114202635,5.322342737,5.345183263,0.02322325181,5.310539748,5.356986252,,,,,
72,105,177,Hf,5.3309,0.0031,5.343911,0.001710355,4,measured_target_oof_4_models,heldout_test_aggregate,0.01086430622,5.333046694,5.354775306,0.02324024706,5.320670753,5.367151247,,,,,
72,106,178,Hf,5.3371,0.0031,5.34135,0.0006758757,4,measured_target_oof_4_models,heldout_test_aggregate,0.01214165322,5.329208347,5.353491653,0.02616728622,5.315182714,5.367517286,,,,,
72,107,179,Hf,5.3408,0.0031,5.3485637,0.00071359094,4,measured_target_oof_4_models,heldout_test_aggregate,0.01128540328,5.337278297,5.359849103,0.02304200497,5.325521695,5.371605705,,,,,
72,108,180,Hf,5.347,0.0032,5.346268,0.00056908437,4,measured_target_oof_4_models,heldout_test_aggregate,0.01086064844,5.335407352,5.357128648,0.02235955745,5.323908443,5.368627557,,,,,
72,109,181,Hf,,,5.337434,0.00095252023,40,unmeasured_target_40_models,extrapolation_model_estimate,0.008444702196,5.328989298,5.345878702,0.01829830557,5.319135694,5.355732306,,,,,
72,110,182,Hf,5.3516,0.0036,5.341898,0.0008670165,4,measured_target_oof_4_models,heldout_test_aggregate,0.007398566019,5.334499434,5.349296566,0.01681891901,5.325079081,5.358716919,,,,,
72,111,183,Hf,,,5.34358,0.001453108,40,unmeasured_target_40_models,extrapolation_model_estimate,0.008910629828,5.33466937,5.35249063,0.01897655876,5.324603441,5.362556559,,,,,
72,112,184,Hf,,,5.348501,0.0012223881,40,unmeasured_target_40_models,extrapolation_model_estimate,0.009642039256,5.338858961,5.358143039,0.02082779806,5.327673202,5.369328798,,,,,
72,113,185,Hf,,,5.3515825,0.0021965513,40,unmeasured_target_40_models,extrapolation_model_estimate,0.008950372185,5.342632128,5.360532872,0.01912121913,5.332461281,5.370703719,,,,,
72,114,186,Hf,,,5.3557773,0.0015679783,40,unmeasured_target_40_models,extrapolation_model_estimate,0.008248222319,5.347529078,5.364025522,0.0177321682,5.338045132,5.373509468,,,,,
72,115,187,Hf,,,5.357711,0.0019636054,40,unmeasured_target_40_models,extrapolation_model_estimate,0.009903824069,5.347807176,5.367614824,0.02060208996,5.33710891,5.37831309,,,,,
72,116,188,Hf,,,5.362058,0.0014729183,40,unmeasured_target_40_models,extrapolation_model_estimate,0.01227377412,5.349784226,5.374331774,0.02587786735,5.336180133,5.387935867,,,,,
72,117,189,Hf,,,5.3666725,0.0011012923,40,unmeasured_target_40_models,extrapolation_model_estimate,0.01145577804,5.355216722,5.378128278,0.02452970785,5.342142792,5.391202208,,,,,
72,118,190,Hf,,,5.364029,0.0011574298,40,unmeasured_target_40_models,extrapolation_model_estimate,0.0112514978,5.352777502,5.375280498,0.02451624541,5.339512755,5.388545245,,,,,
73,82,155,Ta,,,5.078011,0.002308045,40,unmeasured_target_40_models,extrapolation_model_estimate,0.01388148803,5.064129512,5.091892488,0.02885249937,5.049158501,5.106863499,,,,,
73,83,156,Ta,,,5.0887537,0.0027243264,40,unmeasured_target_40_models,extrapolation_model_estimate,0.0120230729,5.076730627,5.100776773,0.02691168146,5.061842019,5.115665381,,,,,
73,84,157,Ta,,,5.114068,0.0025917268,40,unmeasured_target_40_models,extrapolation_model_estimate,0.01398543342,5.100082567,5.128053433,0.03066831807,5.083399682,5.144736318,,,,,
73,85,158,Ta,,,5.1273885,0.0024979091,40,unmeasured_target_40_models,extrapolation_model_estimate,0.01118445243,5.116204048,5.138572952,0.02246656786,5.104921932,5.149855068,,,,,
73,86,159,Ta,,,5.1446514,0.0027679072,40,unmeasured_target_40_models,extrapolation_model_estimate,0.01221818462,5.132433215,5.156869585,0.02421630949,5.120435091,5.168867709,,,,,
73,87,160,Ta,,,5.159602,0.0020290557,40,unmeasured_target_40_models,extrapolation_model_estimate,0.01131087787,5.148291122,5.170912878,0.02401466433,5.135587336,5.183616664,,,,,
73,88,161,Ta,,,5.180091,0.0023386532,40,unmeasured_target_40_models,extrapolation_model_estimate,0.01089507238,5.169195928,5.190986072,0.02388500932,5.156205991,5.203976009,,,,,
73,89,162,Ta,,,5.1988583,0.0025150282,40,unmeasured_target_40_models,extrapolation_model_estimate,0.01041637683,5.188441923,5.209274677,0.02318139738,5.175676903,5.222039697,,,,,
73,90,163,Ta,,,5.212017,0.0027752882,40,unmeasured_target_40_models,extrapolation_model_estimate,0.01168626047,5.20033074,5.22370326,0.02521783483,5.186799165,5.237234835,,,,,
73,91,164,Ta,,,5.2250423,0.0024198277,40,unmeasured_target_40_models,extrapolation_model_estimate,0.01495508114,5.210087219,5.239997381,0.03099528837,5.194047012,5.256037588,,,,,
73,92,165,Ta,,,5.23833,0.0023334627,40,unmeasured_target_40_models,extrapolation_model_estimate,0.01546798026,5.22286202,5.25379798,0.03318562913,5.205144371,5.271515629,,,,,
73,93,166,Ta,,,5.2455697,0.002941926,40,unmeasured_target_40_models,extrapolation_model_estimate,0.01383044179,5.231739258,5.259400142,0.02911332841,5.216456372,5.274683028,,,,,
73,94,167,Ta,,,5.2552576,0.0022288088,40,unmeasured_target_40_models,extrapolation_model_estimate,0.01588742956,5.23937017,5.27114503,0.03363931086,5.221618289,5.288896911,,,,,
73,95,168,Ta,,,5.263196,0.002279838,40,unmeasured_target_40_models,extrapolation_model_estimate,0.0141109763,5.249085024,5.277306976,0.02995936074,5.233236639,5.293155361,,,,,
73,96,169,Ta,,,5.2725835,0.0025260735,40,unmeasured_target_40_models,extrapolation_model_estimate,0.01211923876,5.260464261,5.284702739,0.02550658459,5.247076915,5.298090085,,,,,
73,97,170,Ta,,,5.2901487,0.0023801401,40,unmeasured_target_40_models,extrapolation_model_estimate,0.01083233363,5.279316366,5.300981034,0.02343132939,5.266717371,5.313580029,,,,,
73,98,171,Ta,,,5.2981577,0.0027086972,40,unmeasured_target_40_models,extrapolation_model_estimate,0.01230045147,5.285857249,5.310458151,0.02617186652,5.271985833,5.324329567,,,,,
73,99,172,Ta,,,5.306743,0.0022167088,40,unmeasured_target_40_models,extrapolation_model_estimate,0.01221982423,5.294523176,5.318962824,0.02644044091,5.280302559,5.333183441,,,,,
73,100,173,Ta,,,5.31576,0.002074393,40,unmeasured_target_40_models,extrapolation_model_estimate,0.01355709591,5.302202904,5.329317096,0.02891173296,5.286848267,5.344671733,,,,,
73,101,174,Ta,,,5.3284883,0.0026371833,40,unmeasured_target_40_models,extrapolation_model_estimate,0.01287522482,5.315613075,5.341363525,0.0276974945,5.300790806,5.356185794,,,,,
73,102,175,Ta,,,5.325933,0.0025961753,40,unmeasured_target_40_models,extrapolation_model_estimate,0.01275637495,5.313176625,5.338689375,0.0274893369,5.298443663,5.353422337,,,,,
73,103,176,Ta,,,5.3407083,0.0027093426,40,unmeasured_target_40_models,extrapolation_model_estimate,0.0129575616,5.327750738,5.353665862,0.02750214137,5.313206159,5.368210441,,,,,
73,104,177,Ta,,,5.346803,0.0019892533,40,unmeasured_target_40_models,extrapolation_model_estimate,0.01156036488,5.335242635,5.358363365,0.02441278546,5.322390215,5.371215785,,,,,
73,105,178,Ta,,,5.355594,0.002309345,40,unmeasured_target_40_models,extrapolation_model_estimate,0.01231831078,5.343275689,5.367912311,0.02570980504,5.329884195,5.381303805,,,,,
73,106,179,Ta,,,5.354397,0.0018416723,40,unmeasured_target_40_models,extrapolation_model_estimate,0.01316486269,5.341232137,5.367561863,0.02734314083,5.327053859,5.381740141,,,,,
73,107,180,Ta,,,5.3616667,0.0023587216,40,unmeasured_target_40_models,extrapolation_model_estimate,0.01089352514,5.350773175,5.372560225,0.02338070247,5.338285998,5.385047402,,,,,
73,108,181,Ta,5.3507,0.0034,5.365033,0.0017369868,4,measured_target_oof_4_models,heldout_test_aggregate,0.01057922114,5.354453779,5.375612221,0.02162244643,5.343410554,5.386655446,,,,,
73,109,182,Ta,,,5.3532944,0.0018418102,40,unmeasured_target_40_models,extrapolation_model_estimate,0.009802822273,5.343491578,5.363097222,0.02100052753,5.332293872,5.374294928,,,,,
73,110,183,Ta,,,5.359715,0.0014199779,40,unmeasured_target_40_models,extrapolation_model_estimate,0.006783959884,5.35293104,5.36649896,0.01418861547,5.345526385,5.373903615,,,,,
73,111,184,Ta,,,5.3605247,0.0012936208,40,unmeasured_target_40_models,extrapolation_model_estimate,0.008050413408,5.352474287,5.368575113,0.01764950153,5.342875198,5.378174202,,,,,
73,112,185,Ta,,,5.3653827,0.0013309795,40,unmeasured_target_40_models,extrapolation_model_estimate,0.00921168294,5.356171017,5.374594383,0.01948640013,5.3458963,5.3848691,,,,,
73,113,186,Ta,,,5.3692865,0.0022913152,40,unmeasured_target_40_models,extrapolation_model_estimate,0.009127732829,5.360158767,5.378414233,0.02015640654,5.349130093,5.389442907,,,,,
73,114,187,Ta,,,5.373481,0.0018507309,40,unmeasured_target_40_models,extrapolation_model_estimate,0.009427358833,5.364053641,5.382908359,0.02067564302,5.352805357,5.394156643,,,,,
73,115,188,Ta,,,5.373548,0.0017231406,40,unmeasured_target_40_models,extrapolation_model_estimate,0.008957414188,5.364590586,5.382505414,0.01930536356,5.354242636,5.392853364,,,,,
73,116,189,Ta,,,5.377759,0.0013966829,40,unmeasured_target_40_models,extrapolation_model_estimate,0.008172447966,5.369586552,5.385931448,0.0173218396,5.36043716,5.39508084,,,,,
73,117,190,Ta,,,5.380318,0.0021108165,40,unmeasured_target_40_models,extrapolation_model_estimate,0.009939223519,5.370378776,5.390257224,0.02096394599,5.359354054,5.401281946,,,,,
73,118,191,Ta,,,5.3785143,0.0017216549,40,unmeasured_target_40_models,extrapolation_model_estimate,0.01105519628,5.367459104,5.389569496,0.02345740161,5.355056898,5.401971702,,,,,
73,119,192,Ta,,,5.38069,0.0015174884,40,unmeasured_target_40_models,extrapolation_model_estimate,0.01110142671,5.369588573,5.391791427,0.02340742841,5.357282572,5.404097428,,,,,
73,120,193,Ta,,,5.391687,0.0022425277,40,unmeasured_target_40_models,extrapolation_model_estimate,0.009884883188,5.381802117,5.401571883,0.02242692903,5.369260071,5.414113929,,,,,
73,121,194,Ta,,,5.3835535,0.0022265064,40,unmeasured_target_40_models,extrapolation_model_estimate,0.0105148149,5.373038685,5.394068315,0.02243265599,5.361120844,5.405986156,,,,,
74,83,157,W,,,5.0894494,0.001939658,40,unmeasured_target_40_models,extrapolation_model_estimate,0.01352689101,5.075922509,5.102976291,0.02872252399,5.060726876,5.118171924,,,,,
74,84,158,W,,,5.1169734,0.0020436845,40,unmeasured_target_40_models,extrapolation_model_estimate,0.01251353293,5.104459867,5.129486933,0.02714268578,5.089830714,5.144116086,,,,,
74,85,159,W,,,5.129261,0.0021358868,40,unmeasured_target_40_models,extrapolation_model_estimate,0.01117978324,5.118081217,5.140440783,0.02371585113,5.105545149,5.152976851,,,,,
74,86,160,W,,,5.1467967,0.0022381996,40,unmeasured_target_40_models,extrapolation_model_estimate,0.009929479917,5.13686722,5.15672618,0.02097480749,5.125821893,5.167771507,,,,,
74,87,161,W,,,5.1635146,0.002112089,40,unmeasured_target_40_models,extrapolation_model_estimate,0.01080393405,5.152710666,5.174318534,0.0224952589,5.141019341,5.186009859,,,,,
74,88,162,W,,,5.1819983,0.0013627721,40,unmeasured_target_40_models,extrapolation_model_estimate,0.01141103773,5.170587262,5.193409338,0.02330409589,5.158694204,5.205302396,,,,,
74,89,163,W,,,5.202298,0.0022449703,40,unmeasured_target_40_models,extrapolation_model_estimate,0.01040426134,5.191893739,5.212702261,0.02226934267,5.180028657,5.224567343,,,,,
74,90,164,W,,,5.217229,0.0017517838,40,unmeasured_target_40_models,extrapolation_model_estimate,0.01171671763,5.205512282,5.228945718,0.02494633201,5.192282668,5.242175332,,,,,
74,91,165,W,,,5.2303743,0.0016627827,40,unmeasured_target_40_models,extrapolation_model_estimate,0.01039611772,5.219978182,5.240770418,0.02261326516,5.207761035,5.252987565,,,,,
74,92,166,W,,,5.244382,0.0015845774,40,unmeasured_target_40_models,extrapolation_model_estimate,0.0104823445,5.233899656,5.254864344,0.02211221972,5.22226978,5.26649422,,,,,
74,93,167,W,,,5.2513065,0.0016185148,40,unmeasured_target_40_models,extrapolation_model_estimate,0.01422784072,5.237078659,5.265534341,0.02940925039,5.22189725,5.28071575,,,,,
74,94,168,W,,,5.2633667,0.0018795374,40,unmeasured_target_40_models,extrapolation_model_estimate,0.01591044963,5.24745625,5.27927715,0.03390219625,5.229464504,5.297268896,,,,,
74,95,169,W,,,5.272979,0.0019296312,40,unmeasured_target_40_models,extrapolation_model_estimate,0.01362031058,5.259358689,5.286599311,0.02904653205,5.243932468,5.302025532,,,,,
74,96,170,W,,,5.283821,0.0015402567,40,unmeasured_target_40_models,extrapolation_model_estimate,0.01510724932,5.268713751,5.298928249,0.03221371765,5.251607282,5.316034718,,,,,
74,97,171,W,,,5.3000016,0.0017502484,40,unmeasured_target_40_models,extrapolation_model_estimate,0.01201101822,5.287990582,5.312012618,0.02556157714,5.274440023,5.325563177,,,,,
74,98,172,W,,,5.307998,0.0021253906,40,unmeasured_target_40_models,extrapolation_model_estimate,0.01227907132,5.295718929,5.320277071,0.02506000424,5.282937996,5.333058004,,,,,
74,99,173,W,,,5.3162594,0.0021202122,40,unmeasured_target_40_models,extrapolation_model_estimate,0.01109836169,5.305161038,5.327357762,0.0233492479,5.292910152,5.339608648,,,,,
74,100,174,W,,,5.3238816,0.0020981843,40,unmeasured_target_40_models,extrapolation_model_estimate,0.01261452962,5.31126707,5.33649613,0.02654599312,5.297335607,5.350427593,,,,,
74,101,175,W,,,5.338548,0.002369404,40,unmeasured_target_40_models,extrapolation_model_estimate,0.01239007703,5.326157923,5.350938077,0.02579513433,5.312752866,5.364343134,,,,,
74,102,176,W,,,5.337528,0.0018062752,40,unmeasured_target_40_models,extrapolation_model_estimate,0.01234878584,5.325179214,5.349876786,0.02619386584,5.311334134,5.363721866,,,,,
74,103,177,W,,,5.3526697,0.0029208742,40,unmeasured_target_40_models,extrapolation_model_estimate,0.01141271415,5.341256986,5.364082414,0.02471274554,5.327956954,5.377382446,,,,,
74,104,178,W,,,5.358674,0.0011304055,40,unmeasured_target_40_models,extrapolation_model_estimate,0.01169906339,5.346974937,5.370373063,0.02475502075,5.333918979,5.383429021,,,,,
74,105,179,W,,,5.3671846,0.002797985,40,unmeasured_target_40_models,extrapolation_model_estimate,0.01224312048,5.35494148,5.37942772,0.02567681821,5.341507782,5.392861418,,,,,
74,106,180,W,5.3491,0.0022,5.366724,0.0008180092,4,measured_target_oof_4_models,heldout_test_aggregate,0.01059272589,5.356131274,5.377316726,0.02305519972,5.3436688,5.3897792,,,,,
74,107,181,W,,,5.373256,0.0017391617,40,unmeasured_target_40_models,extrapolation_model_estimate,0.01117448556,5.362081514,5.384430486,0.02396728434,5.349288716,5.397223284,,,,,
74,108,182,W,5.3559,0.0017,5.373641,0.0015596284,4,measured_target_oof_4_models,heldout_test_aggregate,0.009796287663,5.363844712,5.383437288,0.02153502121,5.352105979,5.395176021,,,,,
74,109,183,W,5.3611,0.002,5.3646827,0.0011867242,4,measured_target_oof_4_models,heldout_test_aggregate,0.008602630896,5.356080069,5.373285331,0.01685604504,5.347826655,5.381538745,,,,,
74,110,184,W,5.3658,0.0023,5.3717723,0.00061003683,4,measured_target_oof_4_models,heldout_test_aggregate,0.009212481088,5.362559819,5.380984781,0.02012551939,5.351646781,5.391897819,,,,,
74,111,185,W,,,5.371827,0.0016005405,40,unmeasured_target_40_models,extrapolation_model_estimate,0.008254021135,5.363572979,5.380081021,0.0177220754,5.354104925,5.389549075,,,,,
74,112,186,W,5.3743,0.0026,5.376857,0.001795502,4,measured_target_oof_4_models,heldout_test_aggregate,0.007312349468,5.369544651,5.384169349,0.0139815629,5.362875437,5.390838563,,,,,
74,113,187,W,,,5.3796225,0.002492078,40,unmeasured_target_40_models,extrapolation_model_estimate,0.007365119251,5.372257381,5.386987619,0.01565253074,5.363969969,5.395275031,,,,,
74,114,188,W,,,5.384469,0.0016495258,40,unmeasured_target_40_models,extrapolation_model_estimate,0.008407787815,5.376061212,5.392876788,0.01765327863,5.366815721,5.402122279,,,,,
74,115,189,W,,,5.3866024,0.0022918927,40,unmeasured_target_40_models,extrapolation_model_estimate,0.008716233803,5.377886166,5.395318634,0.0184953752,5.368107025,5.405097775,,,,,
74,116,190,W,,,5.38997,0.0021369674,40,unmeasured_target_40_models,extrapolation_model_estimate,0.008598426272,5.381371574,5.398568426,0.01880765649,5.371162344,5.408777656,,,,,
74,117,191,W,,,5.3956385,0.0015807399,40,unmeasured_target_40_models,extrapolation_model_estimate,0.008643471152,5.386995029,5.404281971,0.01834772862,5.377290771,5.413986229,,,,,
74,118,192,W,,,5.3902674,0.0021693786,40,unmeasured_target_40_models,extrapolation_model_estimate,0.007953854322,5.382313546,5.398221254,0.01685807161,5.373409328,5.407125472,,,,,
74,119,193,W,,,5.3944306,0.0016111382,40,unmeasured_target_40_models,extrapolation_model_estimate,0.009442798233,5.384987802,5.403873398,0.01992373845,5.374506862,5.414354338,,,,,
74,120,194,W,,,5.4033065,0.0019597064,40,unmeasured_target_40_models,extrapolation_model_estimate,0.009900019624,5.39340648,5.41320652,0.02175011504,5.381556385,5.425056615,,,,,
74,121,195,W,,,5.397731,0.0018190775,40,unmeasured_target_40_models,extrapolation_model_estimate,0.009728287241,5.388002713,5.407459287,0.02094078104,5.376790219,5.418671781,,,,,
74,122,196,W,,,5.406266,0.001581139,40,unmeasured_target_40_models,extrapolation_model_estimate,0.01003159001,5.39623441,5.41629759,0.02237965008,5.38388635,5.42864565,,,,,
74,123,197,W,,,5.41023,0.0018964559,40,unmeasured_target_40_models,extrapolation_model_estimate,0.009931933744,5.400298066,5.420161934,0.02115702864,5.389072971,5.431387029,,,,,
75,84,159,Re,,,5.1191072,0.0026823005,40,unmeasured_target_40_models,extrapolation_model_estimate,0.01678081634,5.102326384,5.135888016,0.03491469238,5.084192508,5.154021892,,,,,
75,85,160,Re,,,5.134141,0.0030114024,40,unmeasured_target_40_models,extrapolation_model_estimate,0.01214205643,5.121998944,5.146283056,0.02690432201,5.107236678,5.161045322,,,,,
75,86,161,Re,,,5.1520276,0.0025062442,40,unmeasured_target_40_models,extrapolation_model_estimate,0.01239438594,5.139633214,5.164421986,0.02804367566,5.123983924,5.180071276,,,,,
75,87,162,Re,,,5.168271,0.0020517737,40,unmeasured_target_40_models,extrapolation_model_estimate,0.01043295758,5.157838042,5.178703958,0.02110960544,5.147161395,5.189380605,,,,,
75,88,163,Re,,,5.1887164,0.002306333,40,unmeasured_target_40_models,extrapolation_model_estimate,0.01258050789,5.176135892,5.201296908,0.02570868676,5.163007713,5.214425087,,,,,
75,89,164,Re,,,5.207864,0.0028403841,40,unmeasured_target_40_models,extrapolation_model_estimate,0.01310822524,5.194755775,5.220972225,0.02710887651,5.180755123,5.234972877,,,,,
75,90,165,Re,,,5.2227855,0.0027893628,40,unmeasured_target_40_models,extrapolation_model_estimate,0.0132716165,5.209513884,5.236057116,0.02778090979,5.19500459,5.25056641,,,,,
75,91,166,Re,,,5.2367425,0.0021515212,40,unmeasured_target_40_models,extrapolation_model_estimate,0.01160480559,5.225137694,5.248347306,0.02528047875,5.211462021,5.262022979,,,,,
75,92,167,Re,,,5.2498035,0.0023659838,40,unmeasured_target_40_models,extrapolation_model_estimate,0.01266461626,5.237138884,5.262468116,0.02636513306,5.223438367,5.276168633,,,,,
75,93,168,Re,,,5.2586265,0.002015826,40,unmeasured_target_40_models,extrapolation_model_estimate,0.01207551921,5.246550981,5.270702019,0.02689060478,5.231735895,5.285517105,,,,,
75,94,169,Re,,,5.2693486,0.0016258028,40,unmeasured_target_40_models,extrapolation_model_estimate,0.01127285009,5.25807575,5.28062145,0.02409113294,5.245257467,5.293439733,,,,,
75,95,170,Re,,,5.277695,0.0023493923,40,unmeasured_target_40_models,extrapolation_model_estimate,0.01586635237,5.261828648,5.293561352,0.0335218815,5.244173119,5.311216881,,,,,
75,96,171,Re,,,5.286719,0.0023084802,40,unmeasured_target_40_models,extrapolation_model_estimate,0.01665460446,5.270064396,5.303373604,0.03628525361,5.250433746,5.323004254,,,,,
75,97,172,Re,,,5.3028264,0.0028786308,40,unmeasured_target_40_models,extrapolation_model_estimate,0.01613977549,5.286686625,5.318966175,0.03370857163,5.269117828,5.336534972,,,,,
75,98,173,Re,,,5.3110604,0.0028138873,40,unmeasured_target_40_models,extrapolation_model_estimate,0.01777517868,5.293285221,5.328835579,0.03884670292,5.272213697,5.349907103,,,,,
75,99,174,Re,,,5.3196025,0.0026489,40,unmeasured_target_40_models,extrapolation_model_estimate,0.01406008949,5.305542411,5.333662589,0.03030457292,5.289297927,5.349907073,,,,,
75,100,175,Re,,,5.3290606,0.0024434861,40,unmeasured_target_40_models,extrapolation_model_estimate,0.01406960386,5.314990996,5.343130204,0.02980717163,5.299253428,5.358867772,,,,,
75,101,176,Re,,,5.3412185,0.003348165,40,unmeasured_target_40_models,extrapolation_model_estimate,0.0124900398,5.32872846,5.35370854,0.02616842355,5.315050076,5.367386924,,,,,
75,102,177,Re,,,5.3397975,0.0025832546,40,unmeasured_target_40_models,extrapolation_model_estimate,0.01318369805,5.326613802,5.352981198,0.02868675302,5.311110747,5.368484253,,,,,
75,103,178,Re,,,5.35497,0.0034005821,40,unmeasured_target_40_models,extrapolation_model_estimate,0.01281316593,5.342156834,5.367783166,0.02739548525,5.327574515,5.382365485,,,,,
75,104,179,Re,,,5.360402,0.0021904262,40,unmeasured_target_40_models,extrapolation_model_estimate,0.01249540114,5.347906599,5.372897401,0.02634955212,5.334052448,5.386751552,,,,,
75,105,180,Re,,,5.370517,0.0034525301,40,unmeasured_target_40_models,extrapolation_model_estimate,0.0124344675,5.358082533,5.382951467,0.0267305666,5.343786433,5.397247567,,,,,
75,106,181,Re,,,5.3666706,0.0021999797,40,unmeasured_target_40_models,extrapolation_model_estimate,0.01323200649,5.353438594,5.379902606,0.02817934099,5.338491259,5.394849941,,,,,
75,107,182,Re,,,5.3753505,0.0028175225,40,unmeasured_target_40_models,extrapolation_model_estimate,0.01282713062,5.362523369,5.388177631,0.02720725416,5.348143246,5.402557754,,,,,
75,108,183,Re,,,5.374674,0.0024721245,40,unmeasured_target_40_models,extrapolation_model_estimate,0.01192051402,5.362753486,5.386594514,0.02518889008,5.34948511,5.39986289,,,,,
75,109,184,Re,,,5.3652663,0.0022272517,40,unmeasured_target_40_models,extrapolation_model_estimate,0.01015919981,5.3551071,5.3754255,0.02135495543,5.343911345,5.386621255,,,,,
75,110,185,Re,5.3596,0.0172,5.3785524,0.0014464433,4,measured_target_oof_4_models,heldout_test_aggregate,0.008280022402,5.370272378,5.386832422,0.01784060131,5.360711799,5.396393001,,,,,
75,111,186,Re,,,5.3739634,0.0024251025,40,unmeasured_target_40_models,extrapolation_model_estimate,0.00780965804,5.366153742,5.381773058,0.01670806782,5.357255332,5.390671468,,,,,
75,112,187,Re,5.3698,0.0173,5.382653,0.0011833296,4,measured_target_oof_4_models,heldout_test_aggregate,0.008258810574,5.374394189,5.390911811,0.01708561046,5.36556739,5.39973861,,,,,
75,113,188,Re,,,5.3832293,0.003132229,40,unmeasured_target_40_models,extrapolation_model_estimate,0.00803963787,5.375189662,5.391268938,0.01742473562,5.365804564,5.400654036,,,,,
75,114,189,Re,,,5.387254,0.0023268927,40,unmeasured_target_40_models,extrapolation_model_estimate,0.007648814581,5.379605185,5.394902815,0.01667678624,5.370577214,5.403930786,,,,,
75,115,190,Re,,,5.3887496,0.0022985863,40,unmeasured_target_40_models,extrapolation_model_estimate,0.00790263455,5.380846965,5.396652235,0.01693011721,5.371819483,5.405679717,,,,,
75,116,191,Re,,,5.3936553,0.0025036535,40,unmeasured_target_40_models,extrapolation_model_estimate,0.008591874822,5.385063425,5.402247175,0.01856061228,5.375094688,5.412215912,,,,,
75,117,192,Re,,,5.3983316,0.0025817556,40,unmeasured_target_40_models,extrapolation_model_estimate,0.008821972042,5.389509628,5.407153572,0.01925727242,5.379074328,5.417588872,,,,,
75,118,193,Re,,,5.394567,0.0025956647,40,unmeasured_target_40_models,extrapolation_model_estimate,0.008708248968,5.385858751,5.403275249,0.01866536439,5.375901636,5.413232364,,,,,
75,119,194,Re,,,5.397337,0.002020445,40,unmeasured_target_40_models,extrapolation_model_estimate,0.009485662967,5.387851337,5.406822663,0.02063493933,5.376702061,5.417971939,,,,,
75,120,195,Re,,,5.4079175,0.002223384,40,unmeasured_target_40_models,extrapolation_model_estimate,0.007978531917,5.399938968,5.415896032,0.01700685314,5.390910647,5.424924353,,,,,
75,121,196,Re,,,5.402463,0.0025581762,40,unmeasured_target_40_models,extrapolation_model_estimate,0.009344989506,5.39311801,5.41180799,0.01990794084,5.382555059,5.422370941,,,,,
75,122,197,Re,,,5.4113812,0.0023267448,40,unmeasured_target_40_models,extrapolation_model_estimate,0.00963433934,5.401746861,5.421015539,0.02158747903,5.389793721,5.432968679,,,,,
75,123,198,Re,,,5.4152956,0.0026468737,40,unmeasured_target_40_models,extrapolation_model_estimate,0.009573763769,5.405721836,5.424869364,0.02087990325,5.394415697,5.436175503,,,,,
75,124,199,Re,,,5.4164886,0.0025845217,40,unmeasured_target_40_models,extrapolation_model_estimate,0.01107429275,5.405414307,5.427562893,0.0241022645,5.392386336,5.440590864,,,,,
76,85,161,Os,,,5.145095,0.0023094057,40,unmeasured_target_40_models,extrapolation_model_estimate,0.01321964672,5.131875353,5.158314647,0.02785944154,5.117235558,5.172954442,,,,,
76,86,162,Os,,,5.1620264,0.002304532,40,unmeasured_target_40_models,extrapolation_model_estimate,0.01154384705,5.150482553,5.173570247,0.02444653183,5.137579868,5.186472932,,,,,
76,87,163,Os,,,5.1799293,0.0022923977,40,unmeasured_target_40_models,extrapolation_model_estimate,0.01170206164,5.168227238,5.191631362,0.02519340542,5.154735895,5.205122705,,,,,
76,88,164,Os,,,5.1981626,0.001860431,40,unmeasured_target_40_models,extrapolation_model_estimate,0.01072164966,5.18744095,5.20888425,0.02207945499,5.176083145,5.220242055,,,,,
76,89,165,Os,,,5.2172093,0.0024709757,40,unmeasured_target_40_models,extrapolation_model_estimate,0.01158853975,5.20562076,5.22879784,0.02385795832,5.193351342,5.241067258,,,,,
76,90,166,Os,,,5.232175,0.0021358156,40,unmeasured_target_40_models,extrapolation_model_estimate,0.01196647791,5.220208522,5.244141478,0.02431593612,5.207859064,5.256490936,,,,,
76,91,167,Os,,,5.246139,0.0021025601,40,unmeasured_target_40_models,extrapolation_model_estimate,0.01067436716,5.235464633,5.256813367,0.02251899797,5.223620002,5.268657998,,,,,
76,92,168,Os,,,5.2613087,0.0019066494,40,unmeasured_target_40_models,extrapolation_model_estimate,0.01160648406,5.249702216,5.272915184,0.02492112738,5.236387573,5.286229827,,,,,
76,93,169,Os,,,5.2685556,0.0019298061,40,unmeasured_target_40_models,extrapolation_model_estimate,0.0123116679,5.256243932,5.280867268,0.02485977997,5.24369582,5.29341538,,,,,
76,94,170,Os,,,5.2801814,0.0021433835,40,unmeasured_target_40_models,extrapolation_model_estimate,0.01296740378,5.267213996,5.293148804,0.02783947756,5.252341922,5.308020878,,,,,
76,95,171,Os,,,5.292868,0.0022043174,40,unmeasured_target_40_models,extrapolation_model_estimate,0.01267041326,5.280197587,5.305538413,0.0266862536,5.266181746,5.319554254,,,,,
76,96,172,Os,,,5.3015795,0.002123869,40,unmeasured_target_40_models,extrapolation_model_estimate,0.0120584868,5.289521013,5.313637987,0.02590597157,5.275673528,5.327485472,,,,,
76,97,173,Os,,,5.3200784,0.0018548175,40,unmeasured_target_40_models,extrapolation_model_estimate,0.01548987625,5.304588524,5.335568276,0.03361313393,5.286465266,5.353691534,,,,,
76,98,174,Os,,,5.3246813,0.0020115122,40,unmeasured_target_40_models,extrapolation_model_estimate,0.01763919833,5.307042102,5.342320498,0.03827519964,5.2864061,5.3629565,,,,,
76,99,175,Os,,,5.3346267,0.0017347945,40,unmeasured_target_40_models,extrapolation_model_estimate,0.0159781005,5.318648599,5.350604801,0.03462597463,5.300000725,5.369252675,,,,,
76,100,176,Os,,,5.3409443,0.0017918075,40,unmeasured_target_40_models,extrapolation_model_estimate,0.01713102226,5.323813278,5.358075322,0.03695088051,5.303993419,5.377895181,,,,,
76,101,177,Os,,,5.358693,0.002393507,40,unmeasured_target_40_models,extrapolation_model_estimate,0.01350717929,5.345185821,5.372200179,0.02856378327,5.330129217,5.387256783,,,,,
76,102,178,Os,,,5.3556232,0.002059012,40,unmeasured_target_40_models,extrapolation_model_estimate,0.01241990597,5.343203294,5.368043106,0.02687470835,5.328748492,5.382497908,,,,,
76,103,179,Os,,,5.37268,0.0025936896,40,unmeasured_target_40_models,extrapolation_model_estimate,0.0116368619,5.361043138,5.384316862,0.02531315511,5.347366845,5.397993155,,,,,
76,104,180,Os,,,5.37677,0.0014484785,40,unmeasured_target_40_models,extrapolation_model_estimate,0.01158475065,5.365185249,5.388354751,0.0243879766,5.352382023,5.401157977,,,,,
76,105,181,Os,,,5.3889923,0.0019758563,40,unmeasured_target_40_models,extrapolation_model_estimate,0.01109899147,5.377893309,5.400091291,0.02429328418,5.364699016,5.413285584,,,,,
76,106,182,Os,,,5.3856974,0.0016196455,40,unmeasured_target_40_models,extrapolation_model_estimate,0.0115043622,5.374193038,5.397201762,0.02438120134,5.361316199,5.410078601,,,,,
76,107,183,Os,,,5.3951316,0.0014318341,40,unmeasured_target_40_models,extrapolation_model_estimate,0.01151202988,5.38361957,5.40664363,0.02456160886,5.370569991,5.419693209,,,,,
76,108,184,Os,5.3823,0.0022,5.3965764,0.0010946201,4,measured_target_oof_4_models,heldout_test_aggregate,0.01235290346,5.384223497,5.408929303,0.02765894525,5.368917455,5.424235345,,,,,
76,109,185,Os,,,5.3872213,0.001103858,40,unmeasured_target_40_models,extrapolation_model_estimate,0.01036856334,5.376852737,5.397589863,0.02194278516,5.365278515,5.409164085,,,,,
76,110,186,Os,5.3909,0.0017,5.394782,0.0016970448,4,measured_target_oof_4_models,heldout_test_aggregate,0.009356934883,5.385425065,5.404138935,0.01969937669,5.375082623,5.414481377,,,,,
76,111,187,Os,5.3933,0.0018,5.391329,0.0013819746,4,measured_target_oof_4_models,heldout_test_aggregate,0.009144941821,5.382184058,5.400473942,0.02028507124,5.371043929,5.411614071,,,,,
76,112,188,Os,5.3993,0.0011,5.399244,0.00081145146,4,measured_target_oof_4_models,heldout_test_aggregate,0.00940886455,5.389835135,5.408652865,0.01961651927,5.379627481,5.418860519,,,,,
76,113,189,Os,5.4016,0.0012,5.403434,0.00083530095,4,measured_target_oof_4_models,heldout_test_aggregate,0.007164712476,5.396269288,5.410598712,0.01499392098,5.388440079,5.418427921,,,,,
76,114,190,Os,5.4062,0.0013,5.404755,0.001309138,4,measured_target_oof_4_models,heldout_test_aggregate,0.008912987304,5.395842013,5.413667987,0.01787508342,5.386879917,5.422630083,,,,,
76,115,191,Os,,,5.4080396,0.0019870824,40,unmeasured_target_40_models,extrapolation_model_estimate,0.007202343798,5.400837256,5.415241944,0.01532829817,5.392711302,5.423367898,,,,,
76,116,192,Os,5.4126,0.0015,5.4145865,0.0005576741,4,measured_target_oof_4_models,heldout_test_aggregate,0.007912934399,5.406673566,5.422499434,0.01722413294,5.397362367,5.431810633,,,,,
76,117,193,Os,,,5.4175262,0.0012886252,40,unmeasured_target_40_models,extrapolation_model_estimate,0.007301242777,5.410224957,5.424827443,0.01581455932,5.401711641,5.433340759,,,,,
76,118,194,Os,,,5.4124155,0.001406731,40,unmeasured_target_40_models,extrapolation_model_estimate,0.007859899396,5.404555601,5.420275399,0.01727443933,5.395141061,5.429689939,,,,,
76,119,195,Os,,,5.415787,0.001316492,40,unmeasured_target_40_models,extrapolation_model_estimate,0.008396909761,5.40739009,5.42418391,0.01814302853,5.397643971,5.433930029,,,,,
76,120,196,Os,,,5.4255548,0.0012474774,40,unmeasured_target_40_models,extrapolation_model_estimate,0.008533498531,5.417021301,5.434088299,0.01798584093,5.407568959,5.443540641,,,,,
76,121,197,Os,,,5.4212885,0.0012010152,40,unmeasured_target_40_models,extrapolation_model_estimate,0.008738807506,5.412549692,5.430027308,0.01901552439,5.402272976,5.440304024,,,,,
76,122,198,Os,,,5.4292793,0.0011666887,40,unmeasured_target_40_models,extrapolation_model_estimate,0.007827691085,5.421451609,5.437106991,0.01653190283,5.412747397,5.445811203,,,,,
76,123,199,Os,,,5.4351625,0.0012729726,40,unmeasured_target_40_models,extrapolation_model_estimate,0.00837716277,5.426785337,5.443539663,0.01736264812,5.417799852,5.452525148,,,,,
76,124,200,Os,,,5.433678,0.0017373664,40,unmeasured_target_40_models,extrapolation_model_estimate,0.01065591632,5.423022084,5.444333916,0.02358743731,5.410090563,5.457265437,,,,,
76,125,201,Os,,,5.434451,0.0017393498,40,unmeasured_target_40_models,extrapolation_model_estimate,0.01045355422,5.423997446,5.444904554,0.02281273348,5.411638267,5.457263733,,,,,
76,126,202,Os,,,5.4430265,0.0013043045,40,unmeasured_target_40_models,extrapolation_model_estimate,0.01075756948,5.432268931,5.453784069,0.02363575383,5.419390746,5.466662254,,,,,
76,127,203,Os,,,5.447502,0.0018576081,40,unmeasured_target_40_models,extrapolation_model_estimate,0.01108814946,5.436413851,5.458590149,0.02340466005,5.42409734,5.47090666,,,,,
77,87,164,Ir,,,5.171085,0.0018158897,40,unmeasured_target_40_models,extrapolation_model_estimate,0.0130860383,5.157998962,5.184171038,0.02856467226,5.142520328,5.199649672,,,,,
77,88,165,Ir,,,5.191745,0.002323973,40,unmeasured_target_40_models,extrapolation_model_estimate,0.01381219803,5.177932802,5.205557198,0.03061365427,5.161131346,5.222358654,,,,,
77,89,166,Ir,,,5.210755,0.0026135684,40,unmeasured_target_40_models,extrapolation_model_estimate,0.01195035291,5.198804647,5.222705353,0.02353428724,5.187220713,5.234289287,,,,,
77,90,167,Ir,,,5.2270427,0.002881421,40,unmeasured_target_40_models,extrapolation_model_estimate,0.01364900805,5.213393692,5.240691708,0.02759895784,5.199443742,5.254641658,,,,,
77,91,168,Ir,,,5.239939,0.0021674929,40,unmeasured_target_40_models,extrapolation_model_estimate,0.01283385006,5.22710515,5.25277285,0.02658723693,5.213351763,5.266526237,,,,,
77,92,169,Ir,,,5.254099,0.0020865004,40,unmeasured_target_40_models,extrapolation_model_estimate,0.01341968017,5.24067932,5.26751868,0.02907901322,5.225019987,5.283178013,,,,,
77,93,170,Ir,,,5.2627172,0.0020723646,40,unmeasured_target_40_models,extrapolation_model_estimate,0.01296780779,5.249749392,5.275685008,0.02723860583,5.235478594,5.289955806,,,,,
77,94,171,Ir,,,5.273896,0.0025653096,40,unmeasured_target_40_models,extrapolation_model_estimate,0.014447846,5.259448154,5.288343846,0.02929578129,5.244600219,5.303191781,,,,,
77,95,172,Ir,,,5.28794,0.0025899163,40,unmeasured_target_40_models,extrapolation_model_estimate,0.01552067248,5.272419328,5.303460672,0.03219261248,5.255747388,5.320132612,,,,,
77,96,173,Ir,,,5.2955904,0.002586132,40,unmeasured_target_40_models,extrapolation_model_estimate,0.0142157189,5.281374681,5.309806119,0.03028367075,5.265306729,5.325874071,,,,,
77,97,174,Ir,,,5.3156447,0.0024734994,40,unmeasured_target_40_models,extrapolation_model_estimate,0.01399243873,5.301652261,5.329637139,0.02940085516,5.286243845,5.345045555,,,,,
77,98,175,Ir,,,5.3218923,0.0023749694,40,unmeasured_target_40_models,extrapolation_model_estimate,0.01807673175,5.303815568,5.339969032,0.03923279574,5.282659504,5.361125096,,,,,
77,99,176,Ir,,,5.330764,0.0019682324,40,unmeasured_target_40_models,extrapolation_model_estimate,0.01979745961,5.31096654,5.35056146,0.04202864365,5.288735356,5.372792644,,,,,
77,100,177,Ir,,,5.3385324,0.0022264128,40,unmeasured_target_40_models,extrapolation_model_estimate,0.02202001767,5.316512382,5.360552418,0.04679502033,5.29173738,5.38532742,,,,,
77,101,178,Ir,,,5.3537016,0.0030572007,40,unmeasured_target_40_models,extrapolation_model_estimate,0.01923713899,5.334464461,5.372938739,0.04136496725,5.312336633,5.395066567,,,,,
77,102,179,Ir,,,5.3503284,0.0021561282,40,unmeasured_target_40_models,extrapolation_model_estimate,0.0184783715,5.331850028,5.368806772,0.03918935748,5.311139043,5.389517757,,,,,
77,103,180,Ir,,,5.3676195,0.002336455,40,unmeasured_target_40_models,extrapolation_model_estimate,0.01377376159,5.353845738,5.381393262,0.02982125431,5.337798246,5.397440754,,,,,
77,104,181,Ir,,,5.3722744,0.0018372609,40,unmeasured_target_40_models,extrapolation_model_estimate,0.01257030348,5.359704097,5.384844703,0.02706045193,5.345213948,5.399334852,,,,,
77,105,182,Ir,5.3705,0.1061,5.3854065,0.00047894244,4,measured_target_oof_4_models,heldout_test_aggregate,0.01189367075,5.373512829,5.397300171,0.02551896019,5.35988754,5.41092546,,,,,
77,106,183,Ir,5.378,0.1061,5.3803477,0.0013948858,4,measured_target_oof_4_models,heldout_test_aggregate,0.01194558288,5.368402117,5.392293283,0.02647921168,5.353868488,5.406826912,,,,,
77,107,184,Ir,5.3805,0.1061,5.391855,0.0007852469,4,measured_target_oof_4_models,heldout_test_aggregate,0.01209573059,5.379759269,5.403950731,0.02438868556,5.367466314,5.416243686,,,,,
77,108,185,Ir,5.3854,0.1061,5.3915324,0.0009171291,4,measured_target_oof_4_models,heldout_test_aggregate,0.01211388923,5.379418511,5.403646289,0.02494187732,5.366590523,5.416474277,,,,,
77,109,186,Ir,5.39,0.1061,5.3782663,0.0005612087,4,measured_target_oof_4_models,heldout_test_aggregate,0.01008327816,5.368183022,5.388349578,0.02073838672,5.357527913,5.399004687,,,,,
77,110,187,Ir,5.3812,0.1061,5.389475,0.0012791728,4,measured_target_oof_4_models,heldout_test_aggregate,0.01205760767,5.377417392,5.401532608,0.02493527249,5.364539728,5.414410272,,,,,
77,111,188,Ir,5.3838,0.1061,5.390338,0.0006977278,4,measured_target_oof_4_models,heldout_test_aggregate,0.01029436152,5.380043638,5.400632362,0.02073265723,5.369605343,5.411070657,,,,,
77,112,189,Ir,5.3898,0.1061,5.3969975,0.0011358786,4,measured_target_oof_4_models,heldout_test_aggregate,0.008408136182,5.388589364,5.405405636,0.01926875875,5.377728741,5.416266259,,,,,
77,113,190,Ir,,,5.398276,0.0019927907,40,unmeasured_target_40_models,extrapolation_model_estimate,0.007522471095,5.390753529,5.405798471,0.01616529101,5.382110709,5.414441291,,,,,
77,114,191,Ir,5.3968,0.1061,5.403603,0.00065594784,4,measured_target_oof_4_models,heldout_test_aggregate,0.008066136083,5.395536864,5.411669136,0.01752786158,5.386075138,5.421130862,,,,,
77,115,192,Ir,,,5.4044194,0.0019017198,40,unmeasured_target_40_models,extrapolation_model_estimate,0.007559033288,5.396860367,5.411978433,0.01639625824,5.388023142,5.420815658,,,,,
77,116,193,Ir,5.4032,0.1061,5.405938,0.00080099347,4,measured_target_oof_4_models,heldout_test_aggregate,0.008097010546,5.397840989,5.414035011,0.01875548835,5.387182512,5.424693488,,,,,
77,117,194,Ir,,,5.4127607,0.0018199941,40,unmeasured_target_40_models,extrapolation_model_estimate,0.00664269098,5.406118009,5.419403391,0.01402518005,5.39873552,5.42678588,,,,,
77,118,195,Ir,,,5.4076247,0.0014119189,40,unmeasured_target_40_models,extrapolation_model_estimate,0.007509108497,5.400115592,5.415133808,0.01665213146,5.390972569,5.424276831,,,,,
77,119,196,Ir,,,5.4106193,0.0013082917,40,unmeasured_target_40_models,extrapolation_model_estimate,0.007795836767,5.402823463,5.418415137,0.01663129295,5.393988007,5.427250593,,,,,
77,120,197,Ir,,,5.4213104,0.0015356016,40,unmeasured_target_40_models,extrapolation_model_estimate,0.009528607894,5.411781792,5.430839008,0.02051814227,5.400792258,5.441828542,,,,,
77,121,198,Ir,,,5.416325,0.0015804364,40,unmeasured_target_40_models,extrapolation_model_estimate,0.01001888189,5.406306118,5.426343882,0.02118767059,5.395137329,5.437512671,,,,,
77,122,199,Ir,,,5.423891,0.0014995724,40,unmeasured_target_40_models,extrapolation_model_estimate,0.009708520211,5.41418248,5.43359952,0.02094872122,5.402942279,5.444839721,,,,,
77,123,200,Ir,,,5.4304314,0.0015652525,40,unmeasured_target_40_models,extrapolation_model_estimate,0.007686342629,5.422745057,5.438117743,0.01615947069,5.414271929,5.446590871,,,,,
77,124,201,Ir,,,5.429149,0.0018747562,40,unmeasured_target_40_models,extrapolation_model_estimate,0.01018609263,5.418962907,5.439335093,0.02090021792,5.408248782,5.450049218,,,,,
77,125,202,Ir,,,5.427949,0.0019712676,40,unmeasured_target_40_models,extrapolation_model_estimate,0.007004757259,5.420944243,5.434953757,0.01471202525,5.413236975,5.442661025,,,,,
77,126,203,Ir,,,5.4376116,0.001578815,40,unmeasured_target_40_models,extrapolation_model_estimate,0.01100830423,5.426603296,5.448619904,0.02316631816,5.414445282,5.460777918,,,,,
77,127,204,Ir,,,5.4437437,0.0020253595,40,unmeasured_target_40_models,extrapolation_model_estimate,0.01303342688,5.430710273,5.456777127,0.02761583018,5.41612787,5.47135953,,,,,
77,128,205,Ir,,,5.4782133,0.0021604088,40,unmeasured_target_40_models,extrapolation_model_estimate,0.01243903467,5.465774265,5.490652335,0.02676846468,5.451444835,5.504981765,,,,,
78,87,165,Pt,,,5.1854997,0.001390592,40,unmeasured_target_40_models,extrapolation_model_estimate,0.01460641679,5.170893283,5.200106117,0.03098152637,5.154518174,5.216481226,,,,,
78,88,166,Pt,,,5.207436,0.0017849795,40,unmeasured_target_40_models,extrapolation_model_estimate,0.01337646552,5.194059534,5.220812466,0.02938369712,5.178052303,5.236819697,,,,,
78,89,167,Pt,,,5.2265873,0.0022984974,40,unmeasured_target_40_models,extrapolation_model_estimate,0.01352041297,5.213066887,5.240107713,0.02798103771,5.198606262,5.254568338,,,,,
78,90,168,Pt,,,5.242236,0.0018326732,40,unmeasured_target_40_models,extrapolation_model_estimate,0.01166219128,5.230573809,5.253898191,0.02454952206,5.217686478,5.266785522,,,,,
78,91,169,Pt,,,5.256572,0.0023180326,40,unmeasured_target_40_models,extrapolation_model_estimate,0.01197671282,5.244595287,5.268548713,0.02440988764,5.232162112,5.280981888,,,,,
78,92,170,Pt,,,5.2710905,0.0018357087,40,unmeasured_target_40_models,extrapolation_model_estimate,0.01295486984,5.25813563,5.28404537,0.02770587878,5.243384621,5.298796379,,,,,
78,93,171,Pt,,,5.279497,0.001420919,40,unmeasured_target_40_models,extrapolation_model_estimate,0.01297374577,5.266523254,5.292470746,0.02741182359,5.252085176,5.306908824,,,,,
78,94,172,Pt,,,5.290877,0.0021074761,40,unmeasured_target_40_models,extrapolation_model_estimate,0.01307995996,5.27779704,5.30395696,0.02729295817,5.263584042,5.318169958,,,,,
78,95,173,Pt,,,5.3047924,0.00173885,40,unmeasured_target_40_models,extrapolation_model_estimate,0.01292922985,5.29186317,5.31772163,0.02680393165,5.277988468,5.331596332,,,,,
78,96,174,Pt,,,5.313334,0.0019400058,40,unmeasured_target_40_models,extrapolation_model_estimate,0.01471489778,5.298619102,5.328048898,0.0299931699,5.28334083,5.34332717,,,,,
78,97,175,Pt,,,5.3335757,0.0017271852,40,unmeasured_target_40_models,extrapolation_model_estimate,0.01633883264,5.317236867,5.349914533,0.03263522478,5.300940475,5.366210925,,,,,
78,98,176,Pt,,,5.33912,0.002285753,40,unmeasured_target_40_models,extrapolation_model_estimate,0.0148362437,5.324283756,5.353956244,0.03105100493,5.308068995,5.370171005,,,,,
78,99,177,Pt,,,5.350061,0.001463056,40,unmeasured_target_40_models,extrapolation_model_estimate,0.01597497416,5.334086026,5.366035974,0.03420971991,5.31585128,5.38427072,,,,,
78,100,178,Pt,5.3728,0.0066,5.3547573,0.0021874842,4,measured_target_oof_4_models,heldout_test_aggregate,0.02046236347,5.334294937,5.375219663,0.04261530666,5.312141993,5.397372607,,,,,
78,101,179,Pt,5.3915,0.005,5.3701077,0.0005780971,4,measured_target_oof_4_models,heldout_test_aggregate,0.01874915875,5.351358541,5.388856859,0.04129657837,5.328811122,5.411404278,,,,,
78,102,180,Pt,5.3891,0.0049,5.3656597,0.00036979993,4,measured_target_oof_4_models,heldout_test_aggregate,0.01742091509,5.348238785,5.383080615,0.03999249785,5.325667202,5.405652198,,,,,
78,103,181,Pt,5.3996,0.0041,5.388993,0.0012011317,4,measured_target_oof_4_models,heldout_test_aggregate,0.01682386412,5.372169136,5.405816864,0.03551090839,5.353482092,5.424503908,,,,,
78,104,182,Pt,5.3969,0.0041,5.3910303,0.0007662962,4,measured_target_oof_4_models,heldout_test_aggregate,0.01567386463,5.375356435,5.406704165,0.03486082436,5.356169476,5.425891124,,,,,
78,105,183,Pt,5.4038,0.0036,5.404872,0.00066901813,4,measured_target_oof_4_models,heldout_test_aggregate,0.01486328092,5.390008719,5.419735281,0.03152779412,5.373344206,5.436399794,,,,,
78,106,184,Pt,5.4015,0.0036,5.399235,0.000416535,4,measured_target_oof_4_models,heldout_test_aggregate,0.01208126966,5.38715373,5.41131627,0.02469742939,5.374537571,5.423932429,,,,,
78,107,185,Pt,5.4148,0.0028,5.413078,0.0010843143,4,measured_target_oof_4_models,heldout_test_aggregate,0.01168298451,5.401395015,5.424760985,0.0264428071,5.386635193,5.439520807,,,,,
78,108,186,Pt,5.4037,0.0036,5.411783,0.0005665036,4,measured_target_oof_4_models,heldout_test_aggregate,0.01171731286,5.400065687,5.423500313,0.02487500076,5.386907999,5.436658001,,,,,
78,109,187,Pt,5.4063,0.0037,5.405473,0.00062676845,4,measured_target_oof_4_models,heldout_test_aggregate,0.01103021397,5.394442786,5.416503214,0.0238778832,5.381595117,5.429350883,,,,,
78,110,188,Pt,5.4053,0.0034,5.41353,0.0005428244,4,measured_target_oof_4_models,heldout_test_aggregate,0.0111282837,5.402401716,5.424658284,0.02363775187,5.389892248,5.437167752,,,,,
78,111,189,Pt,5.406,0.0035,5.4111414,0.0009135364,4,measured_target_oof_4_models,heldout_test_aggregate,0.009783701382,5.401357699,5.420925101,0.02133322375,5.389808176,5.432474624,,,,,
78,112,190,Pt,5.4108,0.003,5.4145737,0.0005385958,4,measured_target_oof_4_models,heldout_test_aggregate,0.0102608767,5.404312823,5.424834577,0.02232400464,5.392249695,5.436897705,,,,,
78,113,191,Pt,5.4102,0.0031,5.4271674,0.0011219407,4,measured_target_oof_4_models,heldout_test_aggregate,0.008714177322,5.418453223,5.435881577,0.0184542753,5.408713125,5.445621675,,,,,
78,114,192,Pt,5.4169,0.0028,5.4256024,0.0005200907,4,measured_target_oof_4_models,heldout_test_aggregate,0.008562786373,5.417039614,5.434165186,0.0194083014,5.406194099,5.445010701,,,,,
78,115,193,Pt,5.4191,0.0027,5.4293704,0.0013101029,4,measured_target_oof_4_models,heldout_test_aggregate,0.006767168274,5.422603232,5.436137568,0.01392649445,5.415443906,5.443296894,,,,,
78,116,194,Pt,5.4236,0.0025,5.4337215,0.00053886935,4,measured_target_oof_4_models,heldout_test_aggregate,0.007509914661,5.426211585,5.441231415,0.0166615424,5.417059958,5.450383042,,,,,
78,117,195,Pt,5.427,0.0026,5.438439,0.0012326093,4,measured_target_oof_4_models,heldout_test_aggregate,0.006172064679,5.432266935,5.444611065,0.01285519818,5.425583802,5.451294198,,,,,
78,118,196,Pt,5.4307,0.0027,5.4317884,0.0012214702,4,measured_target_oof_4_models,heldout_test_aggregate,0.007871028723,5.423917371,5.439659429,0.01654630587,5.415242094,5.448334706,,,,,
78,119,197,Pt,,,5.437834,0.001144245,40,unmeasured_target_40_models,extrapolation_model_estimate,0.006620095437,5.431213905,5.444454095,0.01370090825,5.424133092,5.451534908,,,,,
78,120,198,Pt,5.4383,0.0032,5.448317,0.0012150276,4,measured_target_oof_4_models,heldout_test_aggregate,0.007245081326,5.441071919,5.455562081,0.01497831672,5.433338683,5.463295317,,,,,
78,121,199,Pt,,,5.4408207,0.0006961459,40,unmeasured_target_40_models,extrapolation_model_estimate,0.008535761036,5.432284939,5.449356461,0.01849150744,5.422329193,5.459312207,,,,,
78,122,200,Pt,,,5.4478545,0.0012293728,40,unmeasured_target_40_models,extrapolation_model_estimate,0.009719758466,5.438134742,5.457574258,0.02073383427,5.427120666,5.468588334,,,,,
78,123,201,Pt,,,5.4551325,0.0011746734,40,unmeasured_target_40_models,extrapolation_model_estimate,0.009431913841,5.445700586,5.464564414,0.02063712036,5.43449538,5.47576962,,,,,
78,124,202,Pt,,,5.454383,0.0015968622,40,unmeasured_target_40_models,extrapolation_model_estimate,0.01064904988,5.44373395,5.46503205,0.02286983993,5.43151316,5.47725284,,,,,
78,125,203,Pt,,,5.4539757,0.0015841548,40,unmeasured_target_40_models,extrapolation_model_estimate,0.008232600531,5.445743099,5.462208301,0.01743516217,5.436540538,5.471410862,,,,,
78,126,204,Pt,,,5.4641933,0.0011621248,40,unmeasured_target_40_models,extrapolation_model_estimate,0.01016214578,5.454031154,5.474355446,0.02185519565,5.442338104,5.486048496,,,,,
78,127,205,Pt,,,5.4663916,0.002008575,40,unmeasured_target_40_models,extrapolation_model_estimate,0.01133478047,5.45505682,5.47772638,0.02367675146,5.442714849,5.490068351,,,,,
78,128,206,Pt,,,5.502466,0.0019706285,40,unmeasured_target_40_models,extrapolation_model_estimate,0.01300400818,5.489461992,5.515470008,0.02737883151,5.475087168,5.529844832,,,,,
78,129,207,Pt,,,5.4983597,0.0018671914,40,unmeasured_target_40_models,extrapolation_model_estimate,0.01054594651,5.487813753,5.508905647,0.02348573642,5.474873964,5.521845436,,,,,
78,130,208,Pt,,,5.512648,0.0015008186,40,unmeasured_target_40_models,extrapolation_model_estimate,0.01173033495,5.500917665,5.524378335,0.02484521086,5.487802789,5.537493211,,,,,
79,91,170,Au,,,5.260519,0.0026538414,40,unmeasured_target_40_models,extrapolation_model_estimate,0.01642908451,5.244089915,5.276948085,0.03574298598,5.224776014,5.296261986,,,,,
79,92,171,Au,,,5.2767043,0.002507655,40,unmeasured_target_40_models,extrapolation_model_estimate,0.0184167163,5.258287584,5.295121016,0.03930504433,5.237399256,5.316009344,,,,,
79,93,172,Au,,,5.2851105,0.0029795954,40,unmeasured_target_40_models,extrapolation_model_estimate,0.01857369307,5.266536807,5.303684193,0.0402872651,5.244823235,5.325397765,,,,,
79,94,173,Au,,,5.2953634,0.00257307,40,unmeasured_target_40_models,extrapolation_model_estimate,0.01876408957,5.27659931,5.31412749,0.04028236864,5.255081031,5.335645769,,,,,
79,95,174,Au,,,5.3079753,0.003195845,40,unmeasured_target_40_models,extrapolation_model_estimate,0.01781896081,5.290156339,5.325794261,0.03855926724,5.269416033,5.346534567,,,,,
79,96,175,Au,,,5.3168106,0.0024461546,40,unmeasured_target_40_models,extrapolation_model_estimate,0.01774289795,5.299067702,5.334553498,0.03669196016,5.28011864,5.35350256,,,,,
79,97,176,Au,,,5.3371954,0.0026305597,40,unmeasured_target_40_models,extrapolation_model_estimate,0.01971728089,5.317478119,5.356912681,0.04432549453,5.292869905,5.381520895,,,,,
79,98,177,Au,,,5.344531,0.003240266,40,unmeasured_target_40_models,extrapolation_model_estimate,0.02133590138,5.323195099,5.365866901,0.04694423628,5.297586764,5.391475236,,,,,
79,99,178,Au,,,5.3549647,0.002235768,40,unmeasured_target_40_models,extrapolation_model_estimate,0.02493171818,5.330032982,5.379896418,0.05114163124,5.303823069,5.406106331,,,,,
79,100,179,Au,,,5.362929,0.0021486434,40,unmeasured_target_40_models,extrapolation_model_estimate,0.02137595736,5.341553043,5.384304957,0.04593000131,5.316998999,5.408859001,,,,,
79,101,180,Au,,,5.376411,0.0027485401,40,unmeasured_target_40_models,extrapolation_model_estimate,0.02163163524,5.354779365,5.398042635,0.0468473545,5.329563645,5.423258355,,,,,
79,102,181,Au,,,5.3746853,0.0028487449,40,unmeasured_target_40_models,extrapolation_model_estimate,0.0262237436,5.348461556,5.400909044,0.05324041049,5.32144489,5.42792571,,,,,
79,103,182,Au,,,5.391814,0.0033098925,40,unmeasured_target_40_models,extrapolation_model_estimate,0.02543128295,5.366382717,5.417245283,0.05574759081,5.336066409,5.447561591,,,,,
79,104,183,Au,5.4247,0.0043,5.3914714,0.0018906344,4,measured_target_oof_4_models,heldout_test_aggregate,0.01616638748,5.375305013,5.407637787,0.03348884771,5.357982552,5.424960248,,,,,
79,105,184,Au,5.4306,0.0041,5.402314,0.0016230565,4,measured_target_oof_4_models,heldout_test_aggregate,0.02045147697,5.381862523,5.422765477,0.04386176944,5.358452231,5.446175769,,,,,
79,106,185,Au,5.4296,0.0041,5.399852,0.0014992001,4,measured_target_oof_4_models,heldout_test_aggregate,0.01726261705,5.382589383,5.417114617,0.03673153783,5.363120462,5.436583538,,,,,
79,107,186,Au,5.4354,0.0039,5.410437,0.00088482915,4,measured_target_oof_4_models,heldout_test_aggregate,0.01301002527,5.397426975,5.423447025,0.02705186492,5.383385135,5.437488865,,,,,
79,108,187,Au,5.4018,0.0058,5.415038,0.00087176316,4,measured_target_oof_4_models,heldout_test_aggregate,0.01131288034,5.40372512,5.42635088,0.02385642999,5.39118157,5.43889443,,,,,
79,109,188,Au,5.4049,0.0055,5.4081926,0.0006782488,4,measured_target_oof_4_models,heldout_test_aggregate,0.01122733718,5.396965263,5.419419937,0.02386371733,5.384328883,5.432056317,,,,,
79,110,189,Au,5.4084,0.0052,5.414507,0.000620969,4,measured_target_oof_4_models,heldout_test_aggregate,0.01180144831,5.402705552,5.426308448,0.02473382529,5.389773175,5.439240825,,,,,
79,111,190,Au,5.4109,0.0049,5.4144745,0.0009751773,4,measured_target_oof_4_models,heldout_test_aggregate,0.01156930977,5.40290519,5.42604381,0.02323893549,5.391235565,5.437713435,,,,,
79,112,191,Au,5.4147,0.0046,5.421454,0.00086081476,4,measured_target_oof_4_models,heldout_test_aggregate,0.01180881877,5.409645181,5.433262819,0.02449594862,5.396958051,5.445949949,,,,,
79,113,192,Au,5.4179,0.0044,5.4240303,0.0007394905,4,measured_target_oof_4_models,heldout_test_aggregate,0.01081284255,5.413217457,5.434843143,0.02310619978,5.4009241,5.4471365,,,,,
79,114,193,Au,5.4221,0.0042,5.430958,0.00043196857,4,measured_target_oof_4_models,heldout_test_aggregate,0.01061375877,5.420344241,5.441571759,0.02257119269,5.408386807,5.453529193,,,,,
79,115,194,Au,5.4252,0.004,5.4364734,0.0011619197,4,measured_target_oof_4_models,heldout_test_aggregate,0.008345860798,5.428127539,5.444819261,0.01796563354,5.418507766,5.454439034,,,,,
79,116,195,Au,5.4298,0.004,5.433911,0.00048786902,4,measured_target_oof_4_models,heldout_test_aggregate,0.008417958878,5.425493041,5.442328959,0.01838449238,5.415526508,5.452295492,,,,,
79,117,196,Au,5.4332,0.0039,5.4428525,0.0012010586,4,measured_target_oof_4_models,heldout_test_aggregate,0.00708077149,5.435771729,5.449933271,0.01530004403,5.427552456,5.458152544,,,,,
79,118,197,Au,5.4371,0.0038,5.4350395,0.0007524756,4,measured_target_oof_4_models,heldout_test_aggregate,0.006847765761,5.428191734,5.441887266,0.01588683102,5.419152669,5.450926331,,,,,
79,119,198,Au,5.44,0.0038,5.439382,0.00046625416,4,measured_target_oof_4_models,heldout_test_aggregate,0.008338016795,5.431043983,5.447720017,0.01842736373,5.420954636,5.457809364,,,,,
79,120,199,Au,5.4454,0.0039,5.4506607,0.0010314335,4,measured_target_oof_4_models,heldout_test_aggregate,0.008437163921,5.442223536,5.459097864,0.01814359393,5.432517106,5.468804294,,,,,
79,121,200,Au,,,5.4446974,0.0014994568,40,unmeasured_target_40_models,extrapolation_model_estimate,0.007466807079,5.437230593,5.452164207,0.01568239074,5.429015009,5.460379791,,,,,
79,122,201,Au,,,5.454097,0.0014732875,40,unmeasured_target_40_models,extrapolation_model_estimate,0.008864328392,5.445232672,5.462961328,0.01914149996,5.4349555,5.4732385,,,,,
79,123,202,Au,,,5.4607377,0.0011297275,40,unmeasured_target_40_models,extrapolation_model_estimate,0.01035103319,5.450386667,5.471088733,0.02181670295,5.438920997,5.482554403,,,,,
79,124,203,Au,,,5.460853,0.0014685447,40,unmeasured_target_40_models,extrapolation_model_estimate,0.01148528904,5.449367711,5.472338289,0.02428640878,5.436566591,5.485139409,,,,,
79,125,204,Au,,,5.4589233,0.0015208413,40,unmeasured_target_40_models,extrapolation_model_estimate,0.01168303749,5.447240263,5.470606337,0.02557187896,5.433351421,5.484495179,,,,,
79,126,205,Au,,,5.4686112,0.0013902135,40,unmeasured_target_40_models,extrapolation_model_estimate,0.01038463326,5.458226567,5.478995833,0.02230430264,5.446306897,5.490915503,,,,,
79,127,206,Au,,,5.47198,0.0020163863,40,unmeasured_target_40_models,extrapolation_model_estimate,0.009548907633,5.462431092,5.481528908,0.02099440742,5.450985593,5.492974407,,,,,
79,128,207,Au,,,5.507498,0.0027595758,40,unmeasured_target_40_models,extrapolation_model_estimate,0.01269041023,5.49480759,5.52018841,0.02711712637,5.480380874,5.534615126,,,,,
79,129,208,Au,,,5.5035467,0.0024300364,40,unmeasured_target_40_models,extrapolation_model_estimate,0.01179128817,5.491755412,5.515337988,0.02509101816,5.478455682,5.528637718,,,,,
79,130,209,Au,,,5.5173345,0.0018251667,40,unmeasured_target_40_models,extrapolation_model_estimate,0.01172620647,5.505608294,5.529060706,0.02489248983,5.49244201,5.54222699,,,,,
79,131,210,Au,,,5.533251,0.0019638282,40,unmeasured_target_40_models,extrapolation_model_estimate,0.0121801128,5.521070887,5.545431113,0.0254146792,5.507836321,5.558665679,,,,,
80,90,170,Hg,,,5.249655,0.0028588367,40,unmeasured_target_40_models,extrapolation_model_estimate,0.01863092405,5.231024076,5.268285924,0.04072850953,5.20892649,5.29038351,,,,,
80,91,171,Hg,,,5.2649584,0.00276025,40,unmeasured_target_40_models,extrapolation_model_estimate,0.01719130666,5.247767093,5.282149707,0.03661733807,5.228341062,5.301575738,,,,,
80,92,172,Hg,,,5.280984,0.0027690423,40,unmeasured_target_40_models,extrapolation_model_estimate,0.02037768356,5.260606316,5.301361684,0.04330121344,5.237682787,5.324285213,,,,,
80,93,173,Hg,,,5.2905283,0.0029068002,40,unmeasured_target_40_models,extrapolation_model_estimate,0.01798222902,5.272546071,5.308510529,0.0369450153,5.253583285,5.327473315,,,,,
80,94,174,Hg,,,5.301072,0.0028733332,40,unmeasured_target_40_models,extrapolation_model_estimate,0.0196425865,5.281429414,5.320714586,0.04310495382,5.257967046,5.344176954,,,,,
80,95,175,Hg,,,5.3171372,0.0036264653,40,unmeasured_target_40_models,extrapolation_model_estimate,0.01921395742,5.297923243,5.336351157,0.03938212603,5.277755074,5.356519326,,,,,
80,96,176,Hg,,,5.322729,0.0020700924,40,unmeasured_target_40_models,extrapolation_model_estimate,0.01912869916,5.303600301,5.341857699,0.03885459837,5.283874402,5.361583598,,,,,
80,97,177,Hg,,,5.3460264,0.0026959735,40,unmeasured_target_40_models,extrapolation_model_estimate,0.01856772084,5.327458679,5.364594121,0.03722191409,5.308804486,5.383248314,,,,,
80,98,178,Hg,,,5.350412,0.0031349233,40,unmeasured_target_40_models,extrapolation_model_estimate,0.02024917193,5.330162828,5.370661172,0.0433555683,5.307056432,5.393767568,,,,,
80,99,179,Hg,,,5.3625517,0.0023985351,40,unmeasured_target_40_models,extrapolation_model_estimate,0.02097155803,5.341580142,5.383523258,0.04494655882,5.317605141,5.407498259,,,,,
80,100,180,Hg,,,5.369664,0.0023906121,40,unmeasured_target_40_models,extrapolation_model_estimate,0.02534966881,5.344314331,5.395013669,0.0532342017,5.316429798,5.422898202,,,,,
80,101,181,Hg,5.4364,0.0032,5.3761396,0.0014603507,4,measured_target_oof_4_models,heldout_test_aggregate,0.01376701526,5.362372585,5.389906615,0.03008304084,5.346056559,5.406222641,,,,,
80,102,182,Hg,5.3833,0.0052,5.3779345,0.00066447747,4,measured_target_oof_4_models,heldout_test_aggregate,0.02745618853,5.350478311,5.405390689,0.0639393547,5.313995145,5.441873855,,,,,
80,103,183,Hg,5.4405,0.0031,5.3910203,0.00097200123,4,measured_target_oof_4_models,heldout_test_aggregate,0.02027769155,5.370742608,5.411297992,0.0419406071,5.349079693,5.432960907,,,,,
80,104,184,Hg,5.3949,0.0047,5.401211,0.0010651718,4,measured_target_oof_4_models,heldout_test_aggregate,0.02492997195,5.376281028,5.426140972,0.05034578006,5.35086522,5.45155678,,,,,
80,105,185,Hg,5.4397,0.0031,5.4128637,0.0003841608,4,measured_target_oof_4_models,heldout_test_aggregate,0.02158073924,5.391282961,5.434444439,0.0449260784,5.367937622,5.457789778,,,,,
80,106,186,Hg,5.4017,0.0043,5.411109,0.0010370208,4,measured_target_oof_4_models,heldout_test_aggregate,0.0196572469,5.391451753,5.430766247,0.04242124494,5.368687755,5.453530245,,,,,
80,107,187,Hg,5.4046,0.0042,5.42625,0.0010258375,4,measured_target_oof_4_models,heldout_test_aggregate,0.01564833189,5.410601668,5.441898332,0.03549318659,5.390756813,5.461743187,,,,,
80,108,188,Hg,5.4085,0.004,5.422468,0.00073288474,4,measured_target_oof_4_models,heldout_test_aggregate,0.01560132978,5.40686667,5.43806933,0.03315017496,5.389317825,5.455618175,,,,,
80,109,189,Hg,5.41,0.004,5.416928,0.000949644,4,measured_target_oof_4_models,heldout_test_aggregate,0.0118422716,5.405085728,5.428770272,0.02438642972,5.39254157,5.44131443,,,,,
80,110,190,Hg,5.4158,0.0037,5.424638,0.0014486557,4,measured_target_oof_4_models,heldout_test_aggregate,0.01085444706,5.413783553,5.435492447,0.02204936543,5.402588635,5.446687365,,,,,
80,111,191,Hg,5.4171,0.0037,5.4283295,0.001334939,4,measured_target_oof_4_models,heldout_test_aggregate,0.009850545053,5.418478955,5.438180045,0.02135560148,5.406973899,5.449685101,,,,,
80,112,192,Hg,5.4232,0.0035,5.430071,0.0012818852,4,measured_target_oof_4_models,heldout_test_aggregate,0.009490369987,5.42058063,5.43956137,0.01979364797,5.410277352,5.449864648,,,,,
80,113,193,Hg,5.4238,0.0035,5.4390736,0.00093797746,4,measured_target_oof_4_models,heldout_test_aggregate,0.009972460623,5.429101139,5.449046061,0.0204706582,5.418602942,5.459544258,,,,,
80,114,194,Hg,5.4309,0.0033,5.4401107,0.00082221645,4,measured_target_oof_4_models,heldout_test_aggregate,0.01116718155,5.428943518,5.451277882,0.02323502574,5.416875674,5.463345726,,,,,
80,115,195,Hg,5.4345,0.0032,5.4459724,0.00101179,4,measured_target_oof_4_models,heldout_test_aggregate,0.009919219291,5.436053181,5.455891619,0.02135329724,5.424619103,5.467325697,,,,,
80,116,196,Hg,5.4385,0.0031,5.4480886,0.0011741956,4,measured_target_oof_4_models,heldout_test_aggregate,0.009861907788,5.438226692,5.457950508,0.02088162485,5.427206975,5.468970225,,,,,
80,117,197,Hg,5.4412,0.0031,5.4543004,0.0015375469,4,measured_target_oof_4_models,heldout_test_aggregate,0.006790289912,5.44751011,5.46109069,0.01663744882,5.437662951,5.470937849,,,,,
80,118,198,Hg,5.4463,0.0031,5.4458833,0.0014395918,4,measured_target_oof_4_models,heldout_test_aggregate,0.006220106628,5.439663193,5.452103407,0.01426177694,5.431621523,5.460145077,,,,,
80,119,199,Hg,5.4474,0.0031,5.4561915,0.0006642672,4,measured_target_oof_4_models,heldout_test_aggregate,0.006318486906,5.449873013,5.462509987,0.01460653489,5.441584965,5.470798035,,,,,
80,120,200,Hg,5.4551,0.0031,5.4647675,0.0007220431,4,measured_target_oof_4_models,heldout_test_aggregate,0.006917639942,5.45784986,5.47168514,0.01427247655,5.450495023,5.479039977,,,,,
80,121,201,Hg,5.4581,0.0032,5.4599543,0.00035294992,4,measured_target_oof_4_models,heldout_test_aggregate,0.007530432497,5.452423868,5.467484732,0.01575975916,5.444194541,5.475714059,,,,,
80,122,202,Hg,5.4648,0.0033,5.4626184,0.0010257844,4,measured_target_oof_4_models,heldout_test_aggregate,0.008815311807,5.453803088,5.471433712,0.01970724021,5.44291116,5.48232564,,,,,
80,123,203,Hg,5.4679,0.0035,5.47206,0.00068258285,4,measured_target_oof_4_models,heldout_test_aggregate,0.007599683715,5.464460316,5.479659684,0.01706736893,5.454992631,5.489127369,,,,,
80,124,204,Hg,5.4744,0.0036,5.470089,0.001096503,4,measured_target_oof_4_models,heldout_test_aggregate,0.01165844444,5.458430556,5.481747444,0.02524888176,5.444840118,5.495337882,,,,,
80,125,205,Hg,5.4776,0.0038,5.4689193,0.0009947243,4,measured_target_oof_4_models,heldout_test_aggregate,0.009687992569,5.459231307,5.478607293,0.02065820159,5.448261098,5.489577502,,,,,
80,126,206,Hg,5.4837,0.004,5.480466,0.0010229122,4,measured_target_oof_4_models,heldout_test_aggregate,0.01175187876,5.468714121,5.492217879,0.02464514078,5.455820859,5.505111141,,,,,
80,127,207,Hg,,,5.4843073,0.0020015188,40,unmeasured_target_40_models,extrapolation_model_estimate,0.01269861781,5.471608682,5.497005918,0.02731567276,5.456991627,5.511622973,,,,,
80,128,208,Hg,,,5.5195737,0.0023548468,40,unmeasured_target_40_models,extrapolation_model_estimate,0.01251467263,5.507059027,5.532088373,0.02670183169,5.492871868,5.546275532,,,,,
80,129,209,Hg,,,5.5148673,0.0020599267,40,unmeasured_target_40_models,extrapolation_model_estimate,0.009715593919,5.505151706,5.524582894,0.02049668816,5.494370612,5.535363988,,,,,
80,130,210,Hg,,,5.5306535,0.0014372421,40,unmeasured_target_40_models,extrapolation_model_estimate,0.01215247185,5.518501028,5.542805972,0.0261402636,5.504513236,5.556793764,,,,,
80,131,211,Hg,,,5.545708,0.002103054,40,unmeasured_target_40_models,extrapolation_model_estimate,0.01084924123,5.534858759,5.556557241,0.02306387505,5.522644125,5.568771875,,,,,
80,132,212,Hg,,,5.556287,0.0018890394,40,unmeasured_target_40_models,extrapolation_model_estimate,0.01287518244,5.543411818,5.569162182,0.02704817252,5.529238827,5.583335173,,,,,
80,133,213,Hg,,,5.5649314,0.0017206424,40,unmeasured_target_40_models,extrapolation_model_estimate,0.01303989686,5.551891503,5.577971297,0.02679758384,5.538133816,5.591728984,,,,,
80,134,214,Hg,,,5.5679235,0.0022214788,40,unmeasured_target_40_models,extrapolation_model_estimate,0.01325551643,5.554667984,5.581179016,0.02782255826,5.540100942,5.595746058,,,,,
80,135,215,Hg,,,5.58486,0.0019966196,40,unmeasured_target_40_models,extrapolation_model_estimate,0.01306508503,5.571794915,5.597925085,0.02713848766,5.557721512,5.611998488,,,,,
80,136,216,Hg,,,5.5910335,0.0022277508,40,unmeasured_target_40_models,extrapolation_model_estimate,0.01353443404,5.577499066,5.604567934,0.02902980848,5.562003692,5.620063308,,,,,
81,95,176,Tl,,,5.30329,0.0022314156,40,unmeasured_target_40_models,extrapolation_model_estimate,0.01620486305,5.287085137,5.319494863,0.03382368354,5.269466316,5.337113684,,,,,
81,96,177,Tl,,,5.310408,0.0014769513,40,unmeasured_target_40_models,extrapolation_model_estimate,0.0158672889,5.294540711,5.326275289,0.03319865345,5.277209347,5.343606653,,,,,
81,97,178,Tl,,,5.332562,0.0016815091,40,unmeasured_target_40_models,extrapolation_model_estimate,0.01533519733,5.317226803,5.347897197,0.03235593301,5.300206067,5.364917933,,,,,
81,98,179,Tl,,,5.340627,0.0023604415,40,unmeasured_target_40_models,extrapolation_model_estimate,0.01598130538,5.324645695,5.356608305,0.0346264157,5.306000584,5.375253416,,,,,
81,99,180,Tl,,,5.350669,0.0016883044,40,unmeasured_target_40_models,extrapolation_model_estimate,0.01530405576,5.335364944,5.365973056,0.0313579399,5.31931106,5.38202694,,,,,
81,100,181,Tl,,,5.3605447,0.0018865413,40,unmeasured_target_40_models,extrapolation_model_estimate,0.01791059054,5.342634109,5.378455291,0.03689834084,5.323646359,5.397443041,,,,,
81,101,182,Tl,,,5.37377,0.0029328638,40,unmeasured_target_40_models,extrapolation_model_estimate,0.01849389145,5.355276109,5.392263891,0.03816291358,5.335607086,5.411932914,,,,,
81,102,183,Tl,,,5.3720436,0.0016274726,40,unmeasured_target_40_models,extrapolation_model_estimate,0.01873958723,5.353304013,5.390783187,0.03974599509,5.332297605,5.411789595,,,,,
81,103,184,Tl,,,5.388594,0.002465634,40,unmeasured_target_40_models,extrapolation_model_estimate,0.01885403202,5.369739968,5.407448032,0.04125367527,5.347340325,5.429847675,,,,,
81,104,185,Tl,,,5.3942847,0.0018459038,40,unmeasured_target_40_models,extrapolation_model_estimate,0.0167900556,5.377494644,5.411074756,0.03574143714,5.358543263,5.430026137,,,,,
81,105,186,Tl,,,5.4039664,0.0021232828,40,unmeasured_target_40_models,extrapolation_model_estimate,0.01644454224,5.387521858,5.420410942,0.03500558438,5.368960816,5.438971984,,,,,
81,106,187,Tl,,,5.400562,0.0016135484,40,unmeasured_target_40_models,extrapolation_model_estimate,0.01960769644,5.380954304,5.420169696,0.04256596996,5.35799603,5.44312797,,,,,
81,107,188,Tl,5.4017,0.0072,5.415224,0.00053896994,4,measured_target_oof_4_models,heldout_test_aggregate,0.01623381456,5.398990185,5.431457815,0.03473091154,5.380493088,5.449954912,,,,,
81,108,189,Tl,,,5.412719,0.0014586404,40,unmeasured_target_40_models,extrapolation_model_estimate,0.016379993,5.396339007,5.429098993,0.03415302667,5.378565973,5.446872027,,,,,
81,109,190,Tl,5.4121,0.0056,5.404974,0.0011080655,4,measured_target_oof_4_models,heldout_test_aggregate,0.01538993602,5.389584064,5.420363936,0.03373191592,5.371242084,5.438705916,,,,,
81,110,191,Tl,5.4169,0.0048,5.415965,0.0012465593,4,measured_target_oof_4_models,heldout_test_aggregate,0.01397455246,5.401990448,5.429939552,0.02822937329,5.387735627,5.444194373,,,,,
81,111,192,Tl,5.4191,0.0051,5.414896,0.0010329278,4,measured_target_oof_4_models,heldout_test_aggregate,0.01016166513,5.404734335,5.425057665,0.02149453428,5.393401466,5.436390534,,,,,
81,112,193,Tl,5.4243,0.0042,5.423318,0.0010039606,4,measured_target_oof_4_models,heldout_test_aggregate,0.01095347706,5.412364523,5.434271477,0.02479231101,5.398525689,5.448110311,,,,,
81,113,194,Tl,5.4259,0.0046,5.424138,0.0008016794,4,measured_target_oof_4_models,heldout_test_aggregate,0.01043039318,5.413707607,5.434568393,0.02247647467,5.401661525,5.446614475,,,,,
81,114,195,Tl,5.4325,0.0039,5.434911,0.00087741856,4,measured_target_oof_4_models,heldout_test_aggregate,0.01053429103,5.424376709,5.445445291,0.02158666905,5.413324331,5.456497669,,,,,
81,115,196,Tl,5.4327,0.0042,5.4403505,0.00085312413,4,measured_target_oof_4_models,heldout_test_aggregate,0.009736163007,5.430614337,5.450086663,0.02040026872,5.419950231,5.460750769,,,,,
81,116,197,Tl,5.4388,0.0036,5.4423933,0.0009790736,4,measured_target_oof_4_models,heldout_test_aggregate,0.01105646789,5.431336832,5.453449768,0.02226780606,5.420125494,5.464661106,,,,,
81,117,198,Tl,5.4396,0.0036,5.4502106,0.0016237731,4,measured_target_oof_4_models,heldout_test_aggregate,0.00846843993,5.44174216,5.45867904,0.01845204745,5.431758553,5.468662647,,,,,
81,118,199,Tl,5.4479,0.0031,5.4452376,0.00010313756,4,measured_target_oof_4_models,heldout_test_aggregate,0.008252662454,5.436984938,5.453490262,0.01677827364,5.428459326,5.462015874,,,,,
81,119,200,Tl,5.4491,0.0031,5.45101,0.00036970625,4,measured_target_oof_4_models,heldout_test_aggregate,0.005873920849,5.445136079,5.456883921,0.01285266941,5.438157331,5.463862669,,,,,
81,120,201,Tl,5.4573,0.0029,5.460821,0.0008481978,4,measured_target_oof_4_models,heldout_test_aggregate,0.006644836083,5.454176164,5.467465836,0.0147748047,5.446046195,5.475595805,,,,,
81,121,202,Tl,5.4595,0.0027,5.45316,0.0012086281,4,measured_target_oof_4_models,heldout_test_aggregate,0.006186823969,5.446973176,5.459346824,0.01357211622,5.439587884,5.466732116,,,,,
81,122,203,Tl,5.4666,0.0027,5.4630604,0.0003317042,4,measured_target_oof_4_models,heldout_test_aggregate,0.006683706946,5.456376693,5.469744107,0.01480635518,5.448254045,5.477866755,,,,,
81,123,204,Tl,5.4704,0.0028,5.4736996,0.00034083694,4,measured_target_oof_4_models,heldout_test_aggregate,0.008151084981,5.465548515,5.481850685,0.01611870109,5.457580899,5.489818301,,,,,
81,124,205,Tl,5.4759,0.0026,5.47086,0.0006997989,4,measured_target_oof_4_models,heldout_test_aggregate,0.01017142266,5.460688577,5.481031423,0.02157167539,5.449288325,5.492431675,,,,,
81,125,206,Tl,,,5.4701204,0.0015615727,40,unmeasured_target_40_models,extrapolation_model_estimate,0.009160461306,5.460959939,5.479280861,0.02027246785,5.449847932,5.490392868,,,,,
81,126,207,Tl,5.4853,0.0027,5.476166,0.0009400904,4,measured_target_oof_4_models,heldout_test_aggregate,0.009539890252,5.46662611,5.48570589,0.02024591984,5.45592008,5.49641192,,,,,
81,127,208,Tl,5.4946,0.0028,5.476608,0.0018440069,4,measured_target_oof_4_models,heldout_test_aggregate,0.01065094047,5.46595706,5.48725894,0.02242264114,5.454185359,5.499030641,,,,,
81,128,209,Tl,,,5.5163064,0.0024117115,40,unmeasured_target_40_models,extrapolation_model_estimate,0.01263836906,5.503668031,5.528944769,0.02786764401,5.488438756,5.544174044,,,,,
81,129,210,Tl,,,5.515523,0.002396435,40,unmeasured_target_40_models,extrapolation_model_estimate,0.01259470154,5.502928298,5.528117702,0.02722654402,5.488296456,5.542749544,,,,,
81,130,211,Tl,,,5.527532,0.0022044065,40,unmeasured_target_40_models,extrapolation_model_estimate,0.01276823849,5.514763762,5.540300238,0.02719358869,5.500338411,5.554725589,,,,,
81,131,212,Tl,,,5.5440435,0.0022330685,40,unmeasured_target_40_models,extrapolation_model_estimate,0.01082575994,5.53321774,5.55486926,0.02269460618,5.521348894,5.566738106,,,,,
81,132,213,Tl,,,5.555774,0.00206348,40,unmeasured_target_40_models,extrapolation_model_estimate,0.01250788923,5.543266111,5.568281889,0.02690602256,5.528867977,5.582680023,,,,,
81,133,214,Tl,,,5.562964,0.0020791525,40,unmeasured_target_40_models,extrapolation_model_estimate,0.01231557966,5.55064842,5.57527958,0.02594712893,5.537016871,5.588911129,,,,,
81,134,215,Tl,,,5.5660863,0.002061309,40,unmeasured_target_40_models,extrapolation_model_estimate,0.01307367903,5.553012621,5.579159979,0.0278393632,5.538246937,5.593925663,,,,,
81,135,216,Tl,,,5.5832853,0.002027759,40,unmeasured_target_40_models,extrapolation_model_estimate,0.012229662,5.571055638,5.595514962,0.02651367931,5.556771621,5.609798979,,,,,
81,136,217,Tl,,,5.5898876,0.0020577805,40,unmeasured_target_40_models,extrapolation_model_estimate,0.01348150443,5.576406096,5.603369104,0.0280405237,5.561847076,5.617928124,,,,,
82,96,178,Pb,,,5.3193054,0.0015949241,40,unmeasured_target_40_models,extrapolation_model_estimate,0.01253358782,5.306771812,5.331838988,0.02647462111,5.292830779,5.345780021,,,,,
82,97,179,Pb,,,5.3425198,0.0013489407,40,unmeasured_target_40_models,extrapolation_model_estimate,0.0121764666,5.330343333,5.354696267,0.02538214207,5.317137658,5.367901942,,,,,
82,98,180,Pb,,,5.3499265,0.0018630459,40,unmeasured_target_40_models,extrapolation_model_estimate,0.01272377231,5.337202728,5.362650272,0.02649766448,5.323428836,5.376424164,,,,,
82,99,181,Pb,,,5.360752,0.0014795999,40,unmeasured_target_40_models,extrapolation_model_estimate,0.01098706108,5.349764939,5.371739061,0.02299194182,5.337760058,5.383743942,,,,,
82,100,182,Pb,5.3788,0.0035,5.3686323,0.0004915383,4,measured_target_oof_4_models,heldout_test_aggregate,0.01133920609,5.357293094,5.379971506,0.02274738973,5.34588491,5.39137969,,,,,
82,101,183,Pb,5.3869,0.003,5.384989,0.0008694287,4,measured_target_oof_4_models,heldout_test_aggregate,0.01523779015,5.36975121,5.40022679,0.03198044092,5.353008559,5.416969441,,,,,
82,102,184,Pb,5.393,0.0029,5.379712,0.0007509722,4,measured_target_oof_4_models,heldout_test_aggregate,0.01104806591,5.368663934,5.390760066,0.02309953347,5.356612467,5.402811533,,,,,
82,103,185,Pb,5.3984,0.0028,5.4024467,0.0004900325,4,measured_target_oof_4_models,heldout_test_aggregate,0.0146891186,5.387757581,5.417135819,0.02910733893,5.373339361,5.431554039,,,,,
82,104,186,Pb,5.4027,0.0027,5.406088,0.00080921437,4,measured_target_oof_4_models,heldout_test_aggregate,0.01526554561,5.390822454,5.421353546,0.03044165504,5.375646345,5.436529655,,,,,
82,105,187,Pb,5.4079,0.0026,5.4142685,0.0006765975,4,measured_target_oof_4_models,heldout_test_aggregate,0.01528300136,5.398985499,5.429551501,0.03158318636,5.382685314,5.445851686,,,,,
82,106,188,Pb,5.4139,0.0025,5.4112005,0.00056042033,4,measured_target_oof_4_models,heldout_test_aggregate,0.01554673876,5.395653761,5.426747239,0.03379006536,5.377410435,5.444990565,,,,,
82,107,189,Pb,5.4177,0.0024,5.425392,0.0005960112,4,measured_target_oof_4_models,heldout_test_aggregate,0.0118086975,5.413583303,5.437200697,0.02418431064,5.401207689,5.449576311,,,,,
82,108,190,Pb,5.4222,0.0023,5.42415,0.0008517459,4,measured_target_oof_4_models,heldout_test_aggregate,0.0143847565,5.409765244,5.438534756,0.03113768446,5.393012316,5.455287684,,,,,
82,109,191,Pb,5.4229,0.0026,5.416395,0.0008567012,4,measured_target_oof_4_models,heldout_test_aggregate,0.01124244908,5.405152551,5.427637449,0.02486357754,5.391531422,5.441258578,,,,,
82,110,192,Pb,5.43,0.0025,5.4290733,0.0009647931,4,measured_target_oof_4_models,heldout_test_aggregate,0.01256260189,5.416510698,5.441635902,0.02495430275,5.404118997,5.454027603,,,,,
82,111,193,Pb,5.431,0.0023,5.427898,0.0014517307,4,measured_target_oof_4_models,heldout_test_aggregate,0.01004212538,5.417855875,5.437940125,0.02187190952,5.40602609,5.44976991,,,,,
82,112,194,Pb,5.4372,0.0023,5.435554,0.00053611817,4,measured_target_oof_4_models,heldout_test_aggregate,0.009511186686,5.426042813,5.445065187,0.02076853978,5.41478546,5.45632254,,,,,
82,113,195,Pb,5.4389,0.0045,5.4445987,0.0002850836,4,measured_target_oof_4_models,heldout_test_aggregate,0.009697232996,5.434901467,5.454295933,0.01961216568,5.424986534,5.464210866,,,,,
82,114,196,Pb,5.4444,0.0024,5.4490128,0.0011397717,4,measured_target_oof_4_models,heldout_test_aggregate,0.009490184172,5.439522616,5.458502984,0.02073000266,5.428282797,5.469742803,,,,,
82,115,197,Pb,5.4446,0.0024,5.457407,0.0010010896,4,measured_target_oof_4_models,heldout_test_aggregate,0.008259713703,5.449147286,5.465666714,0.01714066952,5.44026633,5.47454767,,,,,
82,116,198,Pb,5.4524,0.0022,5.4578495,0.0007377991,4,measured_target_oof_4_models,heldout_test_aggregate,0.009403843389,5.448445657,5.467253343,0.02121420245,5.436635298,5.479063702,,,,,
82,117,199,Pb,5.4529,0.0022,5.4635644,0.0010442508,4,measured_target_oof_4_models,heldout_test_aggregate,0.008683808547,5.454880591,5.472248209,0.01904239654,5.444522003,5.482606797,,,,,
82,118,200,Pb,5.4611,0.002,5.4577503,0.0002824626,4,measured_target_oof_4_models,heldout_test_aggregate,0.008481453653,5.449268846,5.466231754,0.01899760109,5.438752699,5.476747901,,,,,
82,119,201,Pb,5.4629,0.0019,5.462114,0.00039448997,4,measured_target_oof_4_models,heldout_test_aggregate,0.009418830211,5.45269517,5.47153283,0.01992233339,5.442191667,5.482036333,,,,,
82,120,202,Pb,5.4705,0.0017,5.4753203,0.0012133184,4,measured_target_oof_4_models,heldout_test_aggregate,0.008061950076,5.46725835,5.48338225,0.01677790794,5.458542392,5.492098208,,,,,
82,121,203,Pb,5.4727,0.0017,5.471529,0.00064874464,4,measured_target_oof_4_models,heldout_test_aggregate,0.006330059685,5.46519894,5.47785906,0.01293298009,5.45859602,5.48446198,,,,,
82,122,204,Pb,5.4803,0.0014,5.477399,0.001007621,4,measured_target_oof_4_models,heldout_test_aggregate,0.006572001735,5.470826998,5.483971002,0.01385225221,5.463546748,5.491251252,,,,,
82,123,205,Pb,5.4828,0.0015,5.4852314,0.000802696,4,measured_target_oof_4_models,heldout_test_aggregate,0.006595018915,5.478636381,5.491826419,0.01518546133,5.470045939,5.500416861,,,,,
82,124,206,Pb,5.4902,0.0014,5.4826055,0.0006169014,4,measured_target_oof_4_models,heldout_test_aggregate,0.006679110146,5.47592639,5.48928461,0.01372520821,5.468880292,5.496330708,,,,,
82,125,207,Pb,5.4943,0.0014,5.4838905,0.00069027185,4,measured_target_oof_4_models,heldout_test_aggregate,0.008351157159,5.475539343,5.492241657,0.01855654315,5.465333957,5.502447043,,,,,
82,126,208,Pb,5.5012,0.0013,5.494741,0.0009546213,4,measured_target_oof_4_models,heldout_test_aggregate,0.01063268457,5.484108315,5.505373685,0.02236444822,5.472376552,5.517105448,,,,,
82,127,209,Pb,5.51,0.0014,5.497384,0.0008433566,4,measured_target_oof_4_models,heldout_test_aggregate,0.01107386283,5.486310137,5.508457863,0.02444441492,5.472939585,5.521828415,,,,,
82,128,210,Pb,5.5208,0.0016,5.53756,0.0008351256,4,measured_target_oof_4_models,heldout_test_aggregate,0.01154410486,5.526015895,5.549104105,0.02410754037,5.51345246,5.56166754,,,,,
82,129,211,Pb,5.529,0.0017,5.531217,0.0019927153,4,measured_target_oof_4_models,heldout_test_aggregate,0.01238938354,5.518827616,5.543606384,0.02673362036,5.50448338,5.55795062,,,,,
82,130,212,Pb,5.5396,0.0019,5.547179,0.0010956513,4,measured_target_oof_4_models,heldout_test_aggregate,0.01320187887,5.533977121,5.560380879,0.02770451295,5.519474487,5.574883513,,,,,
82,131,213,Pb,,,5.5597906,0.0022051202,40,unmeasured_target_40_models,extrapolation_model_estimate,0.01352872913,5.546261871,5.573319329,0.02961540539,5.530175195,5.589406005,,,,,
82,132,214,Pb,5.5577,0.0023,5.574338,0.0017267214,4,measured_target_oof_4_models,heldout_test_aggregate,0.01275498702,5.561583013,5.587092987,0.02819776269,5.546140237,5.602535763,,,,,
82,133,215,Pb,,,5.5801945,0.0021098352,40,unmeasured_target_40_models,extrapolation_model_estimate,0.01014942912,5.570045071,5.590343929,0.02151546445,5.558679036,5.601709964,,,,,
82,134,216,Pb,,,5.580332,0.0020843137,40,unmeasured_target_40_models,extrapolation_model_estimate,0.01245292772,5.567879072,5.592784928,0.02660995418,5.553722046,5.606941954,,,,,
82,135,217,Pb,,,5.597745,0.001548534,40,unmeasured_target_40_models,extrapolation_model_estimate,0.01229097815,5.585454022,5.610035978,0.02556594481,5.572179055,5.623310945,,,,,
82,136,218,Pb,,,5.6047597,0.0017005467,40,unmeasured_target_40_models,extrapolation_model_estimate,0.01324180855,5.591517891,5.618001509,0.02920447312,5.575555227,5.633964173,,,,,
82,137,219,Pb,,,5.60824,0.0016188945,40,unmeasured_target_40_models,extrapolation_model_estimate,0.01239745644,5.595842544,5.620637456,0.02608637321,5.582153627,5.634326373,,,,,
82,138,220,Pb,,,5.61663,0.001888604,40,unmeasured_target_40_models,extrapolation_model_estimate,0.01309622822,5.603533772,5.629726228,0.02842407985,5.58820592,5.64505408,,,,,
83,101,184,Bi,,,5.4023232,0.0032645417,40,unmeasured_target_40_models,extrapolation_model_estimate,0.01704301691,5.385280183,5.419366217,0.03695376024,5.36536944,5.43927696,,,,,
83,102,185,Bi,,,5.401862,0.002147461,40,unmeasured_target_40_models,extrapolation_model_estimate,0.01798577411,5.383876226,5.419847774,0.03676398904,5.365098011,5.438625989,,,,,
83,103,186,Bi,,,5.4198527,0.0023106097,40,unmeasured_target_40_models,extrapolation_model_estimate,0.01751548922,5.402337211,5.437368189,0.03763024888,5.382222451,5.457482949,,,,,
83,104,187,Bi,,,5.4242225,0.0023701852,40,unmeasured_target_40_models,extrapolation_model_estimate,0.01688725927,5.407335241,5.441109759,0.03627977507,5.387942725,5.460502275,,,,,
83,105,188,Bi,,,5.4361925,0.0019885295,40,unmeasured_target_40_models,extrapolation_model_estimate,0.01783078252,5.418361717,5.454023283,0.03805088338,5.398141617,5.474243383,,,,,
83,106,189,Bi,,,5.432984,0.0014653619,40,unmeasured_target_40_models,extrapolation_model_estimate,0.01915280266,5.413831197,5.452136803,0.04044947751,5.392534522,5.473433478,,,,,
83,107,190,Bi,,,5.445482,0.0020847968,40,unmeasured_target_40_models,extrapolation_model_estimate,0.0205194214,5.424962579,5.466001421,0.04185798325,5.403624017,5.487339983,,,,,
83,108,191,Bi,,,5.44613,0.0010970419,40,unmeasured_target_40_models,extrapolation_model_estimate,0.01749837168,5.428631628,5.463628372,0.03949804976,5.40663195,5.48562805,,,,,
83,109,192,Bi,,,5.440192,0.0014808191,40,unmeasured_target_40_models,extrapolation_model_estimate,0.01524064772,5.424951352,5.455432648,0.03230847727,5.407883523,5.472500477,,,,,
83,110,193,Bi,,,5.4478164,0.0018271765,40,unmeasured_target_40_models,extrapolation_model_estimate,0.01664172549,5.431174675,5.464458125,0.03537282101,5.412443579,5.483189221,,,,,
83,111,194,Bi,,,5.4498796,0.0015536292,40,unmeasured_target_40_models,extrapolation_model_estimate,0.01464933474,5.435230265,5.464528935,0.03099948918,5.418880111,5.480879089,,,,,
83,112,195,Bi,,,5.455764,0.0016191747,40,unmeasured_target_40_models,extrapolation_model_estimate,0.01264310102,5.443120899,5.468407101,0.02614760996,5.42961639,5.48191161,,,,,
83,113,196,Bi,,,5.4637995,0.0027123278,40,unmeasured_target_40_models,extrapolation_model_estimate,0.01231614511,5.451483355,5.476115645,0.02592191406,5.437877586,5.489721414,,,,,
83,114,197,Bi,,,5.469342,0.001468579,40,unmeasured_target_40_models,extrapolation_model_estimate,0.01058898736,5.458753013,5.479930987,0.02258062927,5.446761371,5.491922629,,,,,
83,115,198,Bi,,,5.4757566,0.0016183148,40,unmeasured_target_40_models,extrapolation_model_estimate,0.009884957746,5.465871642,5.485641558,0.02118726504,5.454569335,5.496943865,,,,,
83,116,199,Bi,,,5.4785943,0.0012673788,40,unmeasured_target_40_models,extrapolation_model_estimate,0.009238537286,5.469355763,5.487832837,0.01984707325,5.458747227,5.498441373,,,,,
83,117,200,Bi,,,5.4841266,0.0015827782,40,unmeasured_target_40_models,extrapolation_model_estimate,0.009151005289,5.474975595,5.493277605,0.01982179732,5.464304803,5.503948397,,,,,
83,118,201,Bi,,,5.482191,0.0009869203,40,unmeasured_target_40_models,extrapolation_model_estimate,0.00921675198,5.472974248,5.491407752,0.01968390699,5.462507093,5.501874907,,,,,
83,119,202,Bi,5.484,0.0912,5.4884405,0.00037963115,4,measured_target_oof_4_models,heldout_test_aggregate,0.008642654786,5.479797845,5.497083155,0.01848727799,5.469953222,5.506927778,,,,,
83,120,203,Bi,5.4911,0.0911,5.49577,0.0011414464,4,measured_target_oof_4_models,heldout_test_aggregate,0.008808646229,5.486961354,5.504578646,0.01947110818,5.476298892,5.515241108,,,,,
83,121,204,Bi,5.4934,0.091,5.4922323,0.0010627941,4,measured_target_oof_4_models,heldout_test_aggregate,0.008474657983,5.483757642,5.500706958,0.01674348265,5.475488817,5.508975783,,,,,
83,122,205,Bi,5.5008,0.0909,5.500263,0.0007047636,4,measured_target_oof_4_models,heldout_test_aggregate,0.00733594297,5.492927057,5.507598943,0.01729647931,5.482966521,5.517559479,,,,,
83,123,206,Bi,5.5034,0.0909,5.5097513,0.0005643969,4,measured_target_oof_4_models,heldout_test_aggregate,0.004753528106,5.504997772,5.514504828,0.01035789494,5.499393405,5.520109195,,,,,
83,124,207,Bi,5.5103,0.0907,5.5075316,0.0011386862,4,measured_target_oof_4_models,heldout_test_aggregate,0.006958999037,5.500572601,5.514490599,0.01627130321,5.491260297,5.523802903,,,,,
83,125,208,Bi,5.5147,0.0907,5.510699,0.0013530221,4,measured_target_oof_4_models,heldout_test_aggregate,0.007337748314,5.503361252,5.518036748,0.01492273237,5.495776268,5.525621732,,,,,
83,126,209,Bi,5.5211,0.0906,5.519712,0.001304604,4,measured_target_oof_4_models,heldout_test_aggregate,0.007376212709,5.512335787,5.527088213,0.01683771811,5.502874282,5.536549718,,,,,
83,127,210,Bi,5.53,0.0904,5.521409,0.0006354814,4,measured_target_oof_4_models,heldout_test_aggregate,0.01266662069,5.508742379,5.534075621,0.02568246184,5.495726538,5.547091462,,,,,
83,128,211,Bi,,,5.5559,0.002028111,40,unmeasured_target_40_models,extrapolation_model_estimate,0.01291274819,5.542987252,5.568812748,0.02752870667,5.528371293,5.583428707,,,,,
83,129,212,Bi,5.5489,0.0901,5.5573993,0.0029290041,4,measured_target_oof_4_models,heldout_test_aggregate,0.01107450344,5.546324797,5.568473803,0.02320506498,5.534194235,5.580604365,,,,,
83,130,213,Bi,5.5586,0.09,5.5691543,0.0011687002,4,measured_target_oof_4_models,heldout_test_aggregate,0.01391066707,5.555243633,5.583064967,0.02964500822,5.539509292,5.598799308,,,,,
83,131,214,Bi,,,5.583002,0.0017873036,40,unmeasured_target_40_models,extrapolation_model_estimate,0.01295253199,5.570049468,5.595954532,0.02694130051,5.556060699,5.609943301,,,,,
83,132,215,Bi,,,5.5942755,0.0016982536,40,unmeasured_target_40_models,extrapolation_model_estimate,0.01419093169,5.580084568,5.608466432,0.02984723977,5.56442826,5.62412274,,,,,
83,133,216,Bi,,,5.604157,0.0024922236,40,unmeasured_target_40_models,extrapolation_model_estimate,0.01349763473,5.590659365,5.617654635,0.02904482393,5.575112176,5.633201824,,,,,
83,134,217,Bi,,,5.607838,0.0015579651,40,unmeasured_target_40_models,extrapolation_model_estimate,0.01328855194,5.594549448,5.621126552,0.02846969669,5.579368303,5.636307697,,,,,
83,135,218,Bi,,,5.624575,0.0016974043,40,unmeasured_target_40_models,extrapolation_model_estimate,0.009761019981,5.61481398,5.63433602,0.02085196758,5.603723032,5.645426968,,,,,
83,136,219,Bi,,,5.6323986,0.0012550628,40,unmeasured_target_40_models,extrapolation_model_estimate,0.01188236801,5.620516232,5.644280968,0.0256576203,5.60674098,5.65805622,,,,,
83,137,220,Bi,,,5.633182,0.0017866931,40,unmeasured_target_40_models,extrapolation_model_estimate,0.01146949856,5.621712501,5.644651499,0.0238681479,5.609313852,5.657050148,,,,,
83,138,221,Bi,,,5.6414304,0.0018259994,40,unmeasured_target_40_models,extrapolation_model_estimate,0.01239075082,5.629039649,5.653821151,0.02617605135,5.615254349,5.667606451,,,,,
83,139,222,Bi,,,5.6414113,0.0015758513,40,unmeasured_target_40_models,extrapolation_model_estimate,0.007959458488,5.633451842,5.649370758,0.01710964627,5.624301654,5.658520946,,,,,
83,140,223,Bi,,,5.648412,0.0020799197,40,unmeasured_target_40_models,extrapolation_model_estimate,0.01044068467,5.637971315,5.658852685,0.02237273676,5.626039263,5.670784737,,,,,
83,141,224,Bi,,,5.6595335,0.0016373675,40,unmeasured_target_40_models,extrapolation_model_estimate,0.009279969481,5.650253531,5.668813469,0.01982990175,5.639703598,5.679363402,,,,,
84,102,186,Po,,,5.443032,0.0025340752,40,unmeasured_target_40_models,extrapolation_model_estimate,0.02019401343,5.422837987,5.463226013,0.04439474928,5.398637251,5.487426749,,,,,
84,103,187,Po,,,5.4635696,0.0025959215,40,unmeasured_target_40_models,extrapolation_model_estimate,0.0211795083,5.442390092,5.484749108,0.04587444939,5.417695151,5.509444049,,,,,
84,104,188,Po,,,5.4658494,0.0034116032,40,unmeasured_target_40_models,extrapolation_model_estimate,0.01984732043,5.44600208,5.48569672,0.04343302708,5.422416373,5.509282427,,,,,
84,105,189,Po,,,5.4802885,0.0030708956,40,unmeasured_target_40_models,extrapolation_model_estimate,0.0214036976,5.458884802,5.501692198,0.04546389457,5.434824605,5.525752395,,,,,
84,106,190,Po,,,5.4762254,0.0022730844,40,unmeasured_target_40_models,extrapolation_model_estimate,0.02375293264,5.452472467,5.499978333,0.04861332399,5.427612076,5.524838724,,,,,
84,107,191,Po,,,5.4893417,0.0028379592,40,unmeasured_target_40_models,extrapolation_model_estimate,0.02542437939,5.463917321,5.514766079,0.05381038574,5.435531314,5.543152086,,,,,
84,108,192,Po,5.522,0.0178,5.4857907,0.00025986397,4,measured_target_oof_4_models,heldout_test_aggregate,0.0159632881,5.469827412,5.501753988,0.03340999273,5.452380707,5.519200693,,,,,
84,109,193,Po,,,5.4858527,0.0019577325,40,unmeasured_target_40_models,extrapolation_model_estimate,0.02300846326,5.462844237,5.508861163,0.05033469002,5.43551801,5.53618739,,,,,
84,110,194,Po,5.5167,0.0178,5.4871564,0.0016245953,4,measured_target_oof_4_models,heldout_test_aggregate,0.01381196567,5.473344434,5.500968366,0.03100243527,5.456153965,5.518158835,,,,,
84,111,195,Po,,,5.4947424,0.0023094492,40,unmeasured_target_40_models,extrapolation_model_estimate,0.01790244635,5.476839954,5.512644846,0.03771064584,5.457031754,5.532453046,,,,,
84,112,196,Po,5.5136,0.0178,5.498164,0.0008550325,4,measured_target_oof_4_models,heldout_test_aggregate,0.01682453962,5.48133946,5.51498854,0.03512828214,5.463035718,5.533292282,,,,,
84,113,197,Po,,,5.510441,0.0027191222,40,unmeasured_target_40_models,extrapolation_model_estimate,0.01546745053,5.494973549,5.525908451,0.0327138298,5.47772717,5.54315483,,,,,
84,114,198,Po,5.5146,0.0178,5.5187984,0.0007941482,4,measured_target_oof_4_models,heldout_test_aggregate,0.01385966382,5.504938736,5.532658064,0.02938457129,5.489413829,5.548182971,,,,,
84,115,199,Po,,,5.5244017,0.0024185423,40,unmeasured_target_40_models,extrapolation_model_estimate,0.01368642314,5.510715277,5.538088123,0.02929469744,5.495107003,5.553696397,,,,,
84,116,200,Po,5.5199,0.0178,5.5285554,0.00062216114,4,measured_target_oof_4_models,heldout_test_aggregate,0.01050335702,5.518052043,5.539058757,0.02225543696,5.506299963,5.550810837,,,,,
84,117,201,Po,,,5.5326023,0.0018926181,40,unmeasured_target_40_models,extrapolation_model_estimate,0.009672233199,5.522930067,5.542274533,0.02061432549,5.511987975,5.553216625,,,,,
84,118,202,Po,5.5281,0.0177,5.530895,0.0003517452,4,measured_target_oof_4_models,heldout_test_aggregate,0.007986046225,5.522908954,5.538881046,0.01670111139,5.514193889,5.547596111,,,,,
84,119,203,Po,,,5.5366626,0.0019252147,40,unmeasured_target_40_models,extrapolation_model_estimate,0.009036643759,5.527625956,5.545699244,0.01919197586,5.517470624,5.555854576,,,,,
84,120,204,Po,5.5378,0.0177,5.5495358,0.0005711224,4,measured_target_oof_4_models,heldout_test_aggregate,0.008626472423,5.540909328,5.558162272,0.01786124587,5.531674554,5.567397046,,,,,
84,121,205,Po,5.5389,0.0177,5.5437956,0.000564732,4,measured_target_oof_4_models,heldout_test_aggregate,0.008869345735,5.534926254,5.552664946,0.01908750074,5.524708099,5.562883101,,,,,
84,122,206,Po,5.548,0.0177,5.554667,0.00020816986,4,measured_target_oof_4_models,heldout_test_aggregate,0.007316394263,5.547350606,5.561983394,0.01530291482,5.539364085,5.569969915,,,,,
84,123,207,Po,5.5501,0.0177,5.5615826,0.00047997656,4,measured_target_oof_4_models,heldout_test_aggregate,0.006064120001,5.55551848,5.56764672,0.0130646615,5.548517938,5.574647262,,,,,
84,124,208,Po,5.5584,0.0176,5.561386,0.0009324704,4,measured_target_oof_4_models,heldout_test_aggregate,0.007202114972,5.554183885,5.568588115,0.0148482282,5.546537772,5.576234228,,,,,
84,125,209,Po,5.5628,0.0176,5.562405,0.0010826734,4,measured_target_oof_4_models,heldout_test_aggregate,0.008048265635,5.554356734,5.570453266,0.0176097854,5.544795215,5.580014785,,,,,
84,126,210,Po,5.5704,0.0176,5.572055,0.00067980593,4,measured_target_oof_4_models,heldout_test_aggregate,0.006078930798,5.565976069,5.578133931,0.01239833601,5.559656664,5.584453336,,,,,
84,127,211,Po,,,5.573749,0.0022696422,40,unmeasured_target_40_models,extrapolation_model_estimate,0.008113174307,5.565635826,5.581862174,0.01719983396,5.556549166,5.590948834,,,,,
84,128,212,Po,,,5.608677,0.0019952876,40,unmeasured_target_40_models,extrapolation_model_estimate,0.01081633626,5.597860664,5.619493336,0.02307811482,5.585598885,5.631755115,,,,,
84,129,213,Po,,,5.6052313,0.0015780231,40,unmeasured_target_40_models,extrapolation_model_estimate,0.01309216981,5.59213913,5.61832347,0.02780848955,5.57742281,5.63303979,,,,,
84,130,214,Po,,,5.6200533,0.0020504605,40,unmeasured_target_40_models,extrapolation_model_estimate,0.0144410749,5.605612225,5.634494375,0.03009392312,5.589959377,5.650147223,,,,,
84,131,215,Po,,,5.635076,0.0029295767,40,unmeasured_target_40_models,extrapolation_model_estimate,0.01184385997,5.62323214,5.64691986,0.0257300597,5.60934594,5.66080606,,,,,
84,132,216,Po,5.6359,0.0174,5.6478834,0.001176513,4,measured_target_oof_4_models,heldout_test_aggregate,0.01354348774,5.634339912,5.661426888,0.03045431123,5.617429089,5.678337711,,,,,
84,133,217,Po,,,5.6536627,0.002663843,40,unmeasured_target_40_models,extrapolation_model_estimate,0.01267460378,5.640988096,5.666337304,0.02726244774,5.626400252,5.680925148,,,,,
84,134,218,Po,5.6558,0.0173,5.660137,0.001703947,4,measured_target_oof_4_models,heldout_test_aggregate,0.01421805044,5.64591895,5.67435505,0.03124056151,5.628896438,5.691377562,,,,,
84,135,219,Po,,,5.676301,0.0018303302,40,unmeasured_target_40_models,extrapolation_model_estimate,0.01155844345,5.664742557,5.687859443,0.02434025602,5.651960744,5.700641256,,,,,
84,136,220,Po,,,5.680606,0.0013337932,40,unmeasured_target_40_models,extrapolation_model_estimate,0.01290317182,5.667702828,5.693509172,0.02706973398,5.653536266,5.707675734,,,,,
84,137,221,Po,,,5.682383,0.0016758053,40,unmeasured_target_40_models,extrapolation_model_estimate,0.008948246507,5.673434753,5.691331247,0.01865391315,5.663729087,5.701036913,,,,,
84,138,222,Po,,,5.690423,0.0024016795,40,unmeasured_target_40_models,extrapolation_model_estimate,0.01059571139,5.679827289,5.701018711,0.02317868775,5.667244312,5.713601688,,,,,
84,139,223,Po,,,5.692336,0.0019062439,40,unmeasured_target_40_models,extrapolation_model_estimate,0.007345844415,5.684990156,5.699681844,0.01618643608,5.676149564,5.708522436,,,,,
84,140,224,Po,,,5.698243,0.0024181483,40,unmeasured_target_40_models,extrapolation_model_estimate,0.009921164898,5.688321835,5.708164165,0.02129181269,5.676951187,5.719534813,,,,,
84,141,225,Po,,,5.7097206,0.002062231,40,unmeasured_target_40_models,extrapolation_model_estimate,0.008927455701,5.700793144,5.718648056,0.01906658715,5.690654013,5.728787187,,,,,
84,142,226,Po,,,5.725172,0.0026086643,40,unmeasured_target_40_models,extrapolation_model_estimate,0.0122325741,5.712939426,5.737404574,0.02645156224,5.698720438,5.751623562,,,,,
84,143,227,Po,,,5.7129946,0.0022434685,40,unmeasured_target_40_models,extrapolation_model_estimate,0.00989765328,5.703096947,5.722892253,0.02203907688,5.690955523,5.735033677,,,,,
85,106,191,At,,,5.4804544,0.0019118967,40,unmeasured_target_40_models,extrapolation_model_estimate,0.02311595776,5.457338442,5.503570358,0.05059125245,5.429863148,5.531045652,,,,,
85,107,192,At,,,5.4934163,0.0023886187,40,unmeasured_target_40_models,extrapolation_model_estimate,0.02307223533,5.470344065,5.516488535,0.04831808995,5.44509821,5.54173439,,,,,
85,108,193,At,,,5.4930277,0.0015736738,40,unmeasured_target_40_models,extrapolation_model_estimate,0.02575163456,5.467276065,5.518779335,0.05262367892,5.440404021,5.545651379,,,,,
85,109,194,At,,,5.4881835,0.0019513362,40,unmeasured_target_40_models,extrapolation_model_estimate,0.02439509037,5.46378841,5.51257859,0.05055003088,5.437633469,5.538733531,,,,,
85,110,195,At,,,5.4961863,0.0020586094,40,unmeasured_target_40_models,extrapolation_model_estimate,0.02539922296,5.470787077,5.521585523,0.05288526852,5.443301031,5.549071569,,,,,
85,111,196,At,,,5.4982405,0.0021810438,40,unmeasured_target_40_models,extrapolation_model_estimate,0.01877393366,5.479466566,5.517014434,0.04066875434,5.457571746,5.538909254,,,,,
85,112,197,At,,,5.505176,0.0018900413,40,unmeasured_target_40_models,extrapolation_model_estimate,0.01764024088,5.487535759,5.522816241,0.03762460831,5.467551392,5.542800608,,,,,
85,113,198,At,,,5.514486,0.0027670092,40,unmeasured_target_40_models,extrapolation_model_estimate,0.01709369507,5.497392305,5.531579695,0.03592668021,5.47855932,5.55041268,,,,,
85,114,199,At,,,5.5217543,0.0019757238,40,unmeasured_target_40_models,extrapolation_model_estimate,0.01737180077,5.504382499,5.539126101,0.03602608667,5.485728213,5.557780387,,,,,
85,115,200,At,,,5.5279913,0.002089742,40,unmeasured_target_40_models,extrapolation_model_estimate,0.01640391511,5.511587385,5.544395215,0.03515673677,5.492834563,5.563148037,,,,,
85,116,201,At,,,5.532369,0.0015591917,40,unmeasured_target_40_models,extrapolation_model_estimate,0.01475342283,5.517615577,5.547122423,0.03185787455,5.500511125,5.564226875,,,,,
85,117,202,At,,,5.538413,0.0025103097,40,unmeasured_target_40_models,extrapolation_model_estimate,0.01370238839,5.524710612,5.552115388,0.02929076449,5.509122236,5.567703764,,,,,
85,118,203,At,,,5.5365076,0.0015747502,40,unmeasured_target_40_models,extrapolation_model_estimate,0.01004115919,5.526466441,5.546548759,0.02091503869,5.515592561,5.557422639,,,,,
85,119,204,At,,,5.5407815,0.0015206145,40,unmeasured_target_40_models,extrapolation_model_estimate,0.009563726577,5.531217773,5.550345227,0.02088365986,5.51989784,5.56166516,,,,,
85,120,205,At,,,5.551551,0.0007710591,40,unmeasured_target_40_models,extrapolation_model_estimate,0.00962341179,5.541927588,5.561174412,0.02044189856,5.531109101,5.571992899,,,,,
85,121,206,At,,,5.5484776,0.0014661917,40,unmeasured_target_40_models,extrapolation_model_estimate,0.008833790401,5.53964381,5.55731139,0.01858680769,5.529890792,5.567064408,,,,,
85,122,207,At,,,5.557254,0.0015701405,40,unmeasured_target_40_models,extrapolation_model_estimate,0.009226078838,5.548027921,5.566480079,0.01939788892,5.537856111,5.576651889,,,,,
85,123,208,At,,,5.565257,0.0010503832,40,unmeasured_target_40_models,extrapolation_model_estimate,0.008830061344,5.556426939,5.574087061,0.01874841251,5.546508587,5.584005413,,,,,
85,124,209,At,,,5.566691,0.0012978024,40,unmeasured_target_40_models,extrapolation_model_estimate,0.008607511737,5.558083488,5.575298512,0.01857331315,5.548117687,5.585264313,,,,,
85,125,210,At,,,5.5680594,0.00093232334,40,unmeasured_target_40_models,extrapolation_model_estimate,0.006938504369,5.561120896,5.574997904,0.01458273391,5.553476666,5.582642134,,,,,
85,126,211,At,,,5.575043,0.00076618267,40,unmeasured_target_40_models,extrapolation_model_estimate,0.006154623646,5.568888376,5.581197624,0.01323470512,5.561808295,5.588277705,,,,,
85,127,212,At,,,5.577996,0.001679099,40,unmeasured_target_40_models,extrapolation_model_estimate,0.007041849257,5.570954151,5.585037849,0.01518469831,5.562811302,5.593180698,,,,,
85,128,213,At,,,5.6122746,0.002501213,40,unmeasured_target_40_models,extrapolation_model_estimate,0.009415408301,5.602859192,5.621690008,0.01966870403,5.592605896,5.631943304,,,,,
85,129,214,At,,,5.6108985,0.0015923184,40,unmeasured_target_40_models,extrapolation_model_estimate,0.01015308867,5.600745411,5.621051589,0.02267142594,5.588227074,5.633569926,,,,,
85,130,215,At,,,5.6231604,0.001730802,40,unmeasured_target_40_models,extrapolation_model_estimate,0.01247249212,5.610687908,5.635632892,0.02638181371,5.596778586,5.649542214,,,,,
85,131,216,At,,,5.640233,0.002283585,40,unmeasured_target_40_models,extrapolation_model_estimate,0.0140979078,5.626135092,5.654330908,0.03078246054,5.609450539,5.671015461,,,,,
85,132,217,At,,,5.6498327,0.0015678728,40,unmeasured_target_40_models,extrapolation_model_estimate,0.01600383825,5.633828862,5.665836538,0.03441488821,5.615417812,5.684247588,,,,,
85,133,218,At,,,5.6606836,0.0023435196,40,unmeasured_target_40_models,extrapolation_model_estimate,0.01240342556,5.648280174,5.673087026,0.02632657902,5.634357021,5.687010179,,,,,
85,134,219,At,,,5.663597,0.001422439,40,unmeasured_target_40_models,extrapolation_model_estimate,0.0136987192,5.649898281,5.677295719,0.02972524458,5.633871755,5.693322245,,,,,
85,135,220,At,,,5.6832476,0.0019064622,40,unmeasured_target_40_models,extrapolation_model_estimate,0.01250124635,5.670746354,5.695748846,0.02737993166,5.655867668,5.710627532,,,,,
85,136,221,At,,,5.6890574,0.001804944,40,unmeasured_target_40_models,extrapolation_model_estimate,0.01323552644,5.675821874,5.702292926,0.02783078545,5.661226615,5.716888185,,,,,
85,137,222,At,,,5.689591,0.001843991,40,unmeasured_target_40_models,extrapolation_model_estimate,0.01210944418,5.677481556,5.701700444,0.02574887298,5.663842127,5.715339873,,,,,
85,138,223,At,,,5.700233,0.0022216653,40,unmeasured_target_40_models,extrapolation_model_estimate,0.01246604647,5.687766954,5.712699046,0.02572248559,5.674510514,5.725955486,,,,,
85,139,224,At,,,5.69957,0.0016686603,40,unmeasured_target_40_models,extrapolation_model_estimate,0.005963083694,5.693606916,5.705533084,0.01294700546,5.686622995,5.712517005,,,,,
85,140,225,At,,,5.7097044,0.0018935751,40,unmeasured_target_40_models,extrapolation_model_estimate,0.00912247401,5.700581926,5.718826874,0.01928481589,5.690419584,5.728989216,,,,,
85,141,226,At,,,5.7198734,0.001592532,40,unmeasured_target_40_models,extrapolation_model_estimate,0.008134456072,5.711738944,5.728007856,0.01748844607,5.702384954,5.737361846,,,,,
85,142,227,At,,,5.7360024,0.001416287,40,unmeasured_target_40_models,extrapolation_model_estimate,0.01215206626,5.723850334,5.748154466,0.02590658409,5.710095816,5.761908984,,,,,
85,143,228,At,,,5.7226877,0.0022072454,40,unmeasured_target_40_models,extrapolation_model_estimate,0.01061238211,5.712075318,5.733300082,0.02297390548,5.699713795,5.745661605,,,,,
85,144,229,At,,,5.7323437,0.0015676572,40,unmeasured_target_40_models,extrapolation_model_estimate,0.01404315287,5.718300547,5.746386853,0.02965933978,5.70268436,5.76200304,,,,,
86,107,193,Rn,,,5.5005097,0.0022950822,40,unmeasured_target_40_models,extrapolation_model_estimate,0.0185779886,5.481931711,5.519087689,0.03647823551,5.464031464,5.536987936,,,,,
86,108,194,Rn,,,5.5011525,0.0014932486,40,unmeasured_target_40_models,extrapolation_model_estimate,0.01877110884,5.482381391,5.519923609,0.03762809975,5.4635244,5.5387806,,,,,
86,109,195,Rn,,,5.496474,0.0016044802,40,unmeasured_target_40_models,extrapolation_model_estimate,0.01628891632,5.480185084,5.512762916,0.03354961487,5.462924385,5.530023615,,,,,
86,110,196,Rn,,,5.503428,0.0023011728,40,unmeasured_target_40_models,extrapolation_model_estimate,0.01697895259,5.486449047,5.520406953,0.0362683939,5.467159606,5.539696394,,,,,
86,111,197,Rn,,,5.50624,0.0022597185,40,unmeasured_target_40_models,extrapolation_model_estimate,0.01760085152,5.488639148,5.523840852,0.03616023786,5.470079762,5.542400238,,,,,
86,112,198,Rn,,,5.5117426,0.0020328083,40,unmeasured_target_40_models,extrapolation_model_estimate,0.01725918323,5.494483417,5.529001783,0.03585708869,5.475885511,5.547599689,,,,,
86,113,199,Rn,,,5.5216446,0.0025291673,40,unmeasured_target_40_models,extrapolation_model_estimate,0.01397149639,5.507673104,5.535616096,0.02987162537,5.491772975,5.551516225,,,,,
86,114,200,Rn,,,5.527871,0.0019700942,40,unmeasured_target_40_models,extrapolation_model_estimate,0.01465646775,5.513214532,5.542527468,0.0304520254,5.497418975,5.558323025,,,,,
86,115,201,Rn,,,5.5341845,0.002209562,40,unmeasured_target_40_models,extrapolation_model_estimate,0.01489904422,5.519285456,5.549083544,0.03145011601,5.502734384,5.565634616,,,,,
86,116,202,Rn,5.5521,0.0181,5.536436,0.000879362,4,measured_target_oof_4_models,heldout_test_aggregate,0.01414849351,5.522287506,5.550584494,0.03011041173,5.506325588,5.566546412,,,,,
86,117,203,Rn,,,5.546252,0.0021230765,40,unmeasured_target_40_models,extrapolation_model_estimate,0.01469460477,5.531557395,5.560946605,0.03137402179,5.514877978,5.577626022,,,,,
86,118,204,Rn,5.5568,0.018,5.54279,0.00074806326,4,measured_target_oof_4_models,heldout_test_aggregate,0.01275893754,5.530031062,5.555548938,0.02734592746,5.515444073,5.570135927,,,,,
86,119,205,Rn,5.5569,0.018,5.54824,0.0009890952,4,measured_target_oof_4_models,heldout_test_aggregate,0.01051301144,5.537726989,5.558753011,0.0220448773,5.526195123,5.570284877,,,,,
86,120,206,Rn,5.564,0.0178,5.563302,0.0005828047,4,measured_target_oof_4_models,heldout_test_aggregate,0.01182155984,5.55148044,5.57512356,0.02323733045,5.54006467,5.58653933,,,,,
86,121,207,Rn,5.5652,0.0178,5.556058,0.00039817093,4,measured_target_oof_4_models,heldout_test_aggregate,0.008949444356,5.547108556,5.565007444,0.01924982873,5.536808171,5.575307829,,,,,
86,122,208,Rn,5.5725,0.0177,5.566408,0.00094578357,4,measured_target_oof_4_models,heldout_test_aggregate,0.008919224436,5.557488776,5.575327224,0.02058325108,5.545824749,5.586991251,,,,,
86,123,209,Rn,5.5743,0.0177,5.575247,0.0007601164,4,measured_target_oof_4_models,heldout_test_aggregate,0.008932884742,5.566314115,5.584179885,0.0200837747,5.555163225,5.595330775,,,,,
86,124,210,Rn,5.5813,0.0177,5.5766115,0.00077270635,4,measured_target_oof_4_models,heldout_test_aggregate,0.008975094927,5.567636405,5.585586595,0.01952149429,5.557090006,5.596132994,,,,,
86,125,211,Rn,5.585,0.0176,5.5768795,0.0009679095,4,measured_target_oof_4_models,heldout_test_aggregate,0.007965005642,5.568914494,5.584844506,0.01664223095,5.560237269,5.593521731,,,,,
86,126,212,Rn,5.5915,0.0176,5.591651,0.0005352776,4,measured_target_oof_4_models,heldout_test_aggregate,0.009364950588,5.582286049,5.601015951,0.02059751045,5.57105349,5.61224851,,,,,
86,127,213,Rn,,,5.58945,0.0017144267,40,unmeasured_target_40_models,extrapolation_model_estimate,0.006963969238,5.582486031,5.596413969,0.01477367728,5.574676323,5.604223677,,,,,
86,128,214,Rn,,,5.6263776,0.0015917144,40,unmeasured_target_40_models,extrapolation_model_estimate,0.008744934035,5.617632666,5.635122534,0.01862703383,5.607750566,5.645004634,,,,,
86,129,215,Rn,,,5.623299,0.001823766,40,unmeasured_target_40_models,extrapolation_model_estimate,0.007888802245,5.615410198,5.631187802,0.01652819462,5.606770805,5.639827195,,,,,
86,130,216,Rn,,,5.6388116,0.0018292521,40,unmeasured_target_40_models,extrapolation_model_estimate,0.009620470383,5.62919113,5.64843207,0.02049706009,5.61831454,5.65930866,,,,,
86,131,217,Rn,,,5.652938,0.0023064301,40,unmeasured_target_40_models,extrapolation_model_estimate,0.01101595003,5.64192205,5.66395395,0.02411372343,5.628824277,5.677051723,,,,,
86,132,218,Rn,5.654,0.0187,5.6655083,0.0012476168,4,measured_target_oof_4_models,heldout_test_aggregate,0.01308312667,5.652425173,5.678591427,0.0250993986,5.640408901,5.690607699,,,,,
86,133,219,Rn,5.6648,0.0191,5.677231,0.0011018327,4,measured_target_oof_4_models,heldout_test_aggregate,0.01181823682,5.665412763,5.689049237,0.02406821021,5.65316279,5.70129921,,,,,
86,134,220,Rn,5.6731,0.0194,5.680939,0.0014382609,4,measured_target_oof_4_models,heldout_test_aggregate,0.01607580551,5.664863194,5.697014806,0.03237989904,5.648559101,5.713318899,,,,,
86,135,221,Rn,5.6834,0.0199,5.699432,0.000755091,4,measured_target_oof_4_models,heldout_test_aggregate,0.009269616405,5.690162384,5.708701616,0.02129330412,5.678138696,5.720725304,,,,,
86,136,222,Rn,5.6915,0.0203,5.704577,0.00080423005,4,measured_target_oof_4_models,heldout_test_aggregate,0.01129707346,5.693279927,5.715874073,0.02536316574,5.679213834,5.729940166,,,,,
86,137,223,Rn,,,5.704751,0.0020218238,40,unmeasured_target_40_models,extrapolation_model_estimate,0.01104720422,5.693703796,5.715798204,0.02359561379,5.681155386,5.728346614,,,,,
86,138,224,Rn,,,5.712497,0.0023504384,40,unmeasured_target_40_models,extrapolation_model_estimate,0.01189942023,5.70059758,5.72439642,0.02506915616,5.687427844,5.737566156,,,,,
86,139,225,Rn,,,5.714019,0.0017987668,40,unmeasured_target_40_models,extrapolation_model_estimate,0.007841108741,5.706177891,5.721860109,0.01674976903,5.697269231,5.730768769,,,,,
86,140,226,Rn,,,5.7240133,0.0023369445,40,unmeasured_target_40_models,extrapolation_model_estimate,0.009455625963,5.714557674,5.733468926,0.02026089218,5.703752408,5.744274192,,,,,
86,141,227,Rn,,,5.732349,0.0018809683,40,unmeasured_target_40_models,extrapolation_model_estimate,0.005657043866,5.726691956,5.738006044,0.01206070241,5.720288298,5.744409702,,,,,
86,142,228,Rn,,,5.749916,0.00212588,40,unmeasured_target_40_models,extrapolation_model_estimate,0.01021362996,5.73970237,5.76012963,0.02226858995,5.72764741,5.77218459,,,,,
86,143,229,Rn,,,5.7368793,0.002195113,40,unmeasured_target_40_models,extrapolation_model_estimate,0.009367615952,5.727511684,5.746246916,0.02023737031,5.71664193,5.75711667,,,,,
86,144,230,Rn,,,5.747787,0.002111659,40,unmeasured_target_40_models,extrapolation_model_estimate,0.01280968635,5.734977314,5.760596686,0.02813639285,5.719650607,5.775923393,,,,,
86,145,231,Rn,,,5.761185,0.0016075015,40,unmeasured_target_40_models,extrapolation_model_estimate,0.01081200012,5.750373,5.771997,0.02279009601,5.738394904,5.783975096,,,,,
87,110,197,Fr,,,5.509157,0.0015694153,40,unmeasured_target_40_models,extrapolation_model_estimate,0.01675196916,5.492405031,5.525908969,0.03472340802,5.474433592,5.543880408,,,,,
87,111,198,Fr,,,5.5127745,0.0016649397,40,unmeasured_target_40_models,extrapolation_model_estimate,0.01641259873,5.496361901,5.529187099,0.03379605757,5.478978442,5.546570558,,,,,
87,112,199,Fr,,,5.5178657,0.001444407,40,unmeasured_target_40_models,extrapolation_model_estimate,0.0169171469,5.500948553,5.534782847,0.03567759303,5.482188107,5.553543293,,,,,
87,113,200,Fr,,,5.5293365,0.0022814455,40,unmeasured_target_40_models,extrapolation_model_estimate,0.01731411283,5.512022387,5.546650613,0.0352169263,5.494119574,5.564553426,,,,,
87,114,201,Fr,,,5.5351753,0.0013287512,40,unmeasured_target_40_models,extrapolation_model_estimate,0.01718400273,5.517991297,5.552359303,0.03544243402,5.499732866,5.570617734,,,,,
87,115,202,Fr,,,5.539823,0.0013343692,40,unmeasured_target_40_models,extrapolation_model_estimate,0.01415131784,5.525671682,5.553974318,0.0298470378,5.509975962,5.569670038,,,,,
87,116,203,Fr,,,5.5469794,0.0010513087,40,unmeasured_target_40_models,extrapolation_model_estimate,0.01338738377,5.533592016,5.560366784,0.02834742431,5.518631976,5.575326824,,,,,
87,117,204,Fr,,,5.5528965,0.0019257965,40,unmeasured_target_40_models,extrapolation_model_estimate,0.01492342446,5.537973076,5.567819924,0.03178980705,5.521106693,5.584686307,,,,,
87,118,205,Fr,,,5.551983,0.0015168815,40,unmeasured_target_40_models,extrapolation_model_estimate,0.01588718089,5.536095819,5.567870181,0.03375722646,5.518225774,5.585740226,,,,,
87,119,206,Fr,,,5.555656,0.0013421822,40,unmeasured_target_40_models,extrapolation_model_estimate,0.01499071009,5.54066529,5.57064671,0.03182921155,5.523826788,5.587485212,,,,,
87,120,207,Fr,5.572,0.0176,5.5687323,0.0008434365,4,measured_target_oof_4_models,heldout_test_aggregate,0.0153204743,5.553411826,5.584052774,0.03058720189,5.538145098,5.599319502,,,,,
87,121,208,Fr,5.5729,0.0176,5.561595,0.00030074842,4,measured_target_oof_4_models,heldout_test_aggregate,0.01203087307,5.549564127,5.573625873,0.0264405426,5.535154457,5.588035543,,,,,
87,122,209,Fr,5.5799,0.0176,5.569878,0.0009431729,4,measured_target_oof_4_models,heldout_test_aggregate,0.009133857421,5.560744143,5.579011857,0.01919762657,5.550680373,5.589075627,,,,,
87,123,210,Fr,5.5818,0.0176,5.580389,0.00080560794,4,measured_target_oof_4_models,heldout_test_aggregate,0.009581212174,5.570807788,5.589970212,0.02097324121,5.559415759,5.601362241,,,,,
87,124,211,Fr,5.5882,0.0176,5.5824485,0.00087038736,4,measured_target_oof_4_models,heldout_test_aggregate,0.009828492621,5.572620007,5.592276993,0.0201226087,5.562325891,5.602571109,,,,,
87,125,212,Fr,5.5915,0.0176,5.58301,0.0008248998,4,measured_target_oof_4_models,heldout_test_aggregate,0.007743211519,5.575266788,5.590753212,0.0158078939,5.567202106,5.598817894,,,,,
87,126,213,Fr,5.5977,0.0176,5.5929365,0.00086193485,4,measured_target_oof_4_models,heldout_test_aggregate,0.006194120881,5.586742379,5.599130621,0.01374763266,5.579188867,5.606684133,,,,,
87,127,214,Fr,,,5.5961905,0.001973078,40,unmeasured_target_40_models,extrapolation_model_estimate,0.008505658247,5.587684842,5.604696158,0.01789891667,5.578291583,5.614089417,,,,,
87,128,215,Fr,,,5.6306825,0.0020350185,40,unmeasured_target_40_models,extrapolation_model_estimate,0.007997740248,5.62268476,5.63868024,0.01724130245,5.613441198,5.647923802,,,,,
87,129,216,Fr,,,5.627822,0.0015851128,40,unmeasured_target_40_models,extrapolation_model_estimate,0.00857245898,5.619249541,5.636394459,0.01769733597,5.610124664,5.645519336,,,,,
87,130,217,Fr,,,5.642121,0.0013789418,40,unmeasured_target_40_models,extrapolation_model_estimate,0.009636157497,5.632484843,5.651757157,0.02044311655,5.621677883,5.662564117,,,,,
87,131,218,Fr,,,5.6586366,0.0026708317,40,unmeasured_target_40_models,extrapolation_model_estimate,0.009389076112,5.649247524,5.668025676,0.02043845296,5.638198147,5.679075053,,,,,
87,132,219,Fr,,,5.6704826,0.0019986492,40,unmeasured_target_40_models,extrapolation_model_estimate,0.01069867808,5.659783922,5.681181278,0.02310194944,5.647380651,5.693584549,,,,,
87,133,220,Fr,5.6688,0.0177,5.681194,0.001501899,4,measured_target_oof_4_models,heldout_test_aggregate,0.01212412614,5.669069874,5.693318126,0.02616395713,5.655030043,5.707357957,,,,,
87,134,221,Fr,5.679,0.0177,5.68515,0.0009893684,4,measured_target_oof_4_models,heldout_test_aggregate,0.01290821149,5.672241789,5.698058211,0.02893813472,5.656211865,5.714088135,,,,,
87,135,222,Fr,5.689,0.0177,5.7072315,0.00055691495,4,measured_target_oof_4_models,heldout_test_aggregate,0.01267128878,5.694560211,5.719902789,0.02731392474,5.679917575,5.734545425,,,,,
87,136,223,Fr,5.6951,0.0178,5.711464,0.00038199357,4,measured_target_oof_4_models,heldout_test_aggregate,0.01448441564,5.696979584,5.725948416,0.03089940528,5.680564595,5.742363405,,,,,
87,137,224,Fr,5.7061,0.0178,5.7093306,0.0010393325,4,measured_target_oof_4_models,heldout_test_aggregate,0.009131692059,5.700198908,5.718462292,0.01901381651,5.690316783,5.728344417,,,,,
87,138,225,Fr,5.7112,0.0178,5.7194433,0.001381611,4,measured_target_oof_4_models,heldout_test_aggregate,0.01204860625,5.707394694,5.731491906,0.02560520317,5.693838097,5.745048503,,,,,
87,139,226,Fr,5.719,0.0178,5.716563,0.00074558693,4,measured_target_oof_4_models,heldout_test_aggregate,0.007412285692,5.709150714,5.723975286,0.01642272759,5.700140272,5.732985728,,,,,
87,140,227,Fr,5.7335,0.0179,5.726083,0.00048763907,4,measured_target_oof_4_models,heldout_test_aggregate,0.0106512326,5.715431767,5.736734233,0.02169680112,5.704386199,5.747779801,,,,,
87,141,228,Fr,5.7399,0.0179,5.7376842,0.0012871501,4,measured_target_oof_4_models,heldout_test_aggregate,0.01325484612,5.724429354,5.750939046,0.02958682145,5.708097379,5.767271021,,,,,
87,142,229,Fr,,,5.754934,0.0013218432,40,unmeasured_target_40_models,extrapolation_model_estimate,0.01248526825,5.742448732,5.767419268,0.02681651039,5.72811749,5.78175051,,,,,
87,143,230,Fr,,,5.742576,0.001651619,40,unmeasured_target_40_models,extrapolation_model_estimate,0.007774939689,5.73480106,5.75035094,0.01649494827,5.726081052,5.759070948,,,,,
87,144,231,Fr,,,5.752839,0.0014686778,40,unmeasured_target_40_models,extrapolation_model_estimate,0.0123044208,5.740534579,5.765143421,0.02629972149,5.726539279,5.779138721,,,,,
87,145,232,Fr,,,5.766543,0.001323822,40,unmeasured_target_40_models,extrapolation_model_estimate,0.01095073413,5.755592266,5.777493734,0.02360803618,5.742934964,5.790151036,,,,,
87,146,233,Fr,,,5.7685866,0.0020697007,40,unmeasured_target_40_models,extrapolation_model_estimate,0.01430573698,5.754280863,5.782892337,0.03052546373,5.738061136,5.799112064,,,,,
88,113,201,Ra,,,5.531106,0.0026799042,40,unmeasured_target_40_models,extrapolation_model_estimate,0.01552515549,5.515580845,5.546631155,0.03198675765,5.499119242,5.563092758,,,,,
88,114,202,Ra,,,5.5385065,0.0019814249,40,unmeasured_target_40_models,extrapolation_model_estimate,0.01636138315,5.522145117,5.554867883,0.03370512084,5.504801379,5.572211621,,,,,
88,115,203,Ra,,,5.54383,0.001913556,40,unmeasured_target_40_models,extrapolation_model_estimate,0.01571738522,5.528112615,5.559547385,0.03186817245,5.511961828,5.575698172,,,,,
88,116,204,Ra,,,5.552853,0.0015885662,40,unmeasured_target_40_models,extrapolation_model_estimate,0.01492456356,5.537928436,5.567777564,0.03122099797,5.521632002,5.584073998,,,,,
88,117,205,Ra,,,5.561466,0.0022432874,40,unmeasured_target_40_models,extrapolation_model_estimate,0.01173434949,5.549731651,5.573200349,0.02545721577,5.536008784,5.586923216,,,,,
88,118,206,Ra,,,5.5561724,0.0012215307,40,unmeasured_target_40_models,extrapolation_model_estimate,0.01218206598,5.543990334,5.568354466,0.02611685619,5.530055544,5.582289256,,,,,
88,119,207,Ra,,,5.5631456,0.0017412764,40,unmeasured_target_40_models,extrapolation_model_estimate,0.0156592061,5.547486394,5.578804806,0.03328200525,5.529863595,5.596427605,,,,,
88,120,208,Ra,5.585,0.0183,5.57664,0.0015950843,4,measured_target_oof_4_models,heldout_test_aggregate,0.01760936187,5.559030638,5.594249362,0.0362393899,5.54040061,5.61287939,,,,,
88,121,209,Ra,5.5853,0.0182,5.567255,0.00035861463,4,measured_target_oof_4_models,heldout_test_aggregate,0.01304024691,5.554214753,5.580295247,0.02684517192,5.540409828,5.594100172,,,,,
88,122,210,Ra,5.5917,0.018,5.575143,0.0007874519,4,measured_target_oof_4_models,heldout_test_aggregate,0.01145735854,5.563685641,5.586600359,0.02501730097,5.550125699,5.600160301,,,,,
88,123,211,Ra,5.5929,0.0179,5.587588,0.001314923,4,measured_target_oof_4_models,heldout_test_aggregate,0.01252631628,5.575061684,5.600114316,0.02541326981,5.56217473,5.61300127,,,,,
88,124,212,Ra,5.5991,0.0177,5.5896144,0.0009887675,4,measured_target_oof_4_models,heldout_test_aggregate,0.01004620837,5.579568192,5.599660608,0.02246987239,5.567144528,5.612084272,,,,,
88,125,213,Ra,5.602,0.0177,5.5919943,0.0007585034,4,measured_target_oof_4_models,heldout_test_aggregate,0.008429826885,5.583564473,5.600424127,0.01695726703,5.575037033,5.608951567,,,,,
88,126,214,Ra,5.6079,0.0177,5.6019034,0.0009842915,4,measured_target_oof_4_models,heldout_test_aggregate,0.006624544503,5.595278855,5.608527945,0.01354208061,5.588361319,5.615445481,,,,,
88,127,215,Ra,,,5.6038327,0.001964125,40,unmeasured_target_40_models,extrapolation_model_estimate,0.009399576686,5.594433123,5.613232277,0.02016066051,5.583672039,5.623993361,,,,,
88,128,216,Ra,,,5.638202,0.0025922295,40,unmeasured_target_40_models,extrapolation_model_estimate,0.009741515846,5.628460484,5.647943516,0.01974171267,5.618460287,5.657943713,,,,,
88,129,217,Ra,,,5.64036,0.0022103696,40,unmeasured_target_40_models,extrapolation_model_estimate,0.008072879353,5.632287121,5.648432879,0.01665423091,5.623705769,5.657014231,,,,,
88,130,218,Ra,,,5.6529403,0.0016856148,40,unmeasured_target_40_models,extrapolation_model_estimate,0.008388017151,5.644552283,5.661328317,0.01700048319,5.635939817,5.669940783,,,,,
88,131,219,Ra,,,5.6688943,0.002348329,40,unmeasured_target_40_models,extrapolation_model_estimate,0.009376621378,5.659517679,5.678270921,0.0195153534,5.649378947,5.688409653,,,,,
88,132,220,Ra,5.6683,0.0215,5.6838517,0.0013055659,4,measured_target_oof_4_models,heldout_test_aggregate,0.009723799828,5.6741279,5.6935755,0.02015205481,5.663699645,5.704003755,,,,,
88,133,221,Ra,5.6795,0.0228,5.693296,0.0012223215,4,measured_target_oof_4_models,heldout_test_aggregate,0.009067498701,5.684228501,5.702363499,0.01860101147,5.674694989,5.711897011,,,,,
88,134,222,Ra,5.6874,0.0239,5.6973114,0.0011049684,4,measured_target_oof_4_models,heldout_test_aggregate,0.01216805724,5.685143343,5.709479457,0.02538156131,5.671929839,5.722692961,,,,,
88,135,223,Ra,5.6973,0.0253,5.7152014,0.00094665657,4,measured_target_oof_4_models,heldout_test_aggregate,0.01126496772,5.703936432,5.726466368,0.02406116407,5.691140236,5.739262564,,,,,
88,136,224,Ra,5.7046,0.0263,5.7210407,0.00064732734,4,measured_target_oof_4_models,heldout_test_aggregate,0.01245519718,5.708585503,5.733495897,0.0252820255,5.695758675,5.746322725,,,,,
88,137,225,Ra,5.715,0.0279,5.721076,0.0014791491,4,measured_target_oof_4_models,heldout_test_aggregate,0.01514794959,5.70592805,5.73622395,0.03199268389,5.689083316,5.753068684,,,,,
88,138,226,Ra,5.7211,0.0288,5.730667,0.0010726284,4,measured_target_oof_4_models,heldout_test_aggregate,0.01484387928,5.715823121,5.745510879,0.03189796798,5.698769032,5.762564968,,,,,
88,139,227,Ra,5.7283,0.03,5.728356,0.00048416093,4,measured_target_oof_4_models,heldout_test_aggregate,0.01165767208,5.716698328,5.740013672,0.02272161651,5.705634383,5.751077617,,,,,
88,140,228,Ra,5.737,0.0315,5.740658,0.0002118406,4,measured_target_oof_4_models,heldout_test_aggregate,0.009918692486,5.730739308,5.750576692,0.02155960641,5.719098394,5.762217606,,,,,
88,141,229,Ra,5.7455,0.0329,5.7501307,0.001823842,4,measured_target_oof_4_models,heldout_test_aggregate,0.006995298186,5.743135402,5.757125998,0.01359550316,5.736535197,5.763726203,,,,,
88,142,230,Ra,5.7551,0.0346,5.76856,0.001908947,4,measured_target_oof_4_models,heldout_test_aggregate,0.01187108022,5.75668892,5.78043108,0.02663670356,5.741923296,5.795196704,,,,,
88,143,231,Ra,,,5.7535787,0.0016945315,40,unmeasured_target_40_models,extrapolation_model_estimate,0.0105172593,5.743061441,5.764095959,0.02206327135,5.731515429,5.775641971,,,,,
88,144,232,Ra,5.7714,0.0375,5.7626,0.0010155825,4,measured_target_oof_4_models,heldout_test_aggregate,0.0138234212,5.748776579,5.776423421,0.02907501176,5.733524988,5.791675012,,,,,
88,145,233,Ra,,,5.778371,0.0012951043,40,unmeasured_target_40_models,extrapolation_model_estimate,0.007828399934,5.7705426,5.7861994,0.01626208601,5.762108914,5.794633086,,,,,
88,146,234,Ra,,,5.779017,0.0019459154,40,unmeasured_target_40_models,extrapolation_model_estimate,0.01254751804,5.766469482,5.791564518,0.02746821415,5.751548786,5.806485214,,,,,
89,116,205,Ac,,,5.5684853,0.0017089266,40,unmeasured_target_40_models,extrapolation_model_estimate,0.01686308759,5.551622212,5.585348388,0.03438044185,5.534104858,5.602865742,,,,,
89,117,206,Ac,,,5.5749407,0.0024443767,40,unmeasured_target_40_models,extrapolation_model_estimate,0.01441581474,5.560524885,5.589356515,0.03167144498,5.543269255,5.606612145,,,,,
89,118,207,Ac,,,5.573148,0.0018172064,40,unmeasured_target_40_models,extrapolation_model_estimate,0.01493646003,5.55821154,5.58808446,0.03207637018,5.54107163,5.60522437,,,,,
89,119,208,Ac,,,5.579244,0.0016859423,40,unmeasured_target_40_models,extrapolation_model_estimate,0.01262543057,5.566618569,5.591869431,0.02591936253,5.553324637,5.605163363,,,,,
89,120,209,Ac,,,5.592117,0.0016362966,40,unmeasured_target_40_models,extrapolation_model_estimate,0.01188112606,5.580235874,5.603998126,0.0250380409,5.567078959,5.617155041,,,,,
89,121,210,Ac,,,5.586952,0.0023135073,40,unmeasured_target_40_models,extrapolation_model_estimate,0.01645578078,5.570496219,5.603407781,0.03480949932,5.552142501,5.621761499,,,,,
89,122,211,Ac,,,5.594367,0.0021051373,40,unmeasured_target_40_models,extrapolation_model_estimate,0.01624318086,5.578123819,5.610610181,0.03425186388,5.560115136,5.628618864,,,,,
89,123,212,Ac,,,5.6039615,0.0023320552,40,unmeasured_target_40_models,extrapolation_model_estimate,0.01495928128,5.589002219,5.618920781,0.03218864022,5.57177286,5.63615014,,,,,
89,124,213,Ac,,,5.605505,0.0016252856,40,unmeasured_target_40_models,extrapolation_model_estimate,0.01480185134,5.590703149,5.620306851,0.0320317322,5.573473268,5.637536732,,,,,
89,125,214,Ac,,,5.608054,0.0026195564,40,unmeasured_target_40_models,extrapolation_model_estimate,0.01177934743,5.596274653,5.619833347,0.02472847351,5.583325526,5.632782474,,,,,
89,126,215,Ac,,,5.6169853,0.0026189268,40,unmeasured_target_40_models,extrapolation_model_estimate,0.00855887182,5.608426428,5.625544172,0.01840592685,5.598579373,5.635391227,,,,,
89,127,216,Ac,,,5.6197443,0.0033165836,40,unmeasured_target_40_models,extrapolation_model_estimate,0.009430228496,5.610314072,5.629174528,0.01986937732,5.599874923,5.639613677,,,,,
89,128,217,Ac,,,5.65516,0.0030294647,40,unmeasured_target_40_models,extrapolation_model_estimate,0.01042018278,5.644739817,5.665580183,0.02199952717,5.633160473,5.677159527,,,,,
89,129,218,Ac,,,5.6535826,0.003070853,40,unmeasured_target_40_models,extrapolation_model_estimate,0.009072174247,5.644510426,5.662654774,0.01906212211,5.634520478,5.672644722,,,,,
89,130,219,Ac,,,5.6680017,0.0032304712,40,unmeasured_target_40_models,extrapolation_model_estimate,0.009426883749,5.658574816,5.677428584,0.01990428565,5.648097414,5.687905986,,,,,
89,131,220,Ac,,,5.684437,0.0037980103,40,unmeasured_target_40_models,extrapolation_model_estimate,0.00812777241,5.676309228,5.692564772,0.01715913173,5.667277868,5.701596132,,,,,
89,132,221,Ac,,,5.6973004,0.0025735786,40,unmeasured_target_40_models,extrapolation_model_estimate,0.009890470356,5.68740993,5.70719087,0.02145395071,5.675846449,5.718754351,,,,,
89,133,222,Ac,,,5.7034464,0.0028537943,40,unmeasured_target_40_models,extrapolation_model_estimate,0.01109020927,5.692356191,5.714536609,0.02339119893,5.680055201,5.726837599,,,,,
89,134,223,Ac,,,5.7102013,0.0015714229,40,unmeasured_target_40_models,extrapolation_model_estimate,0.01180580473,5.698395495,5.722007105,0.02540440123,5.684796899,5.735605701,,,,,
89,135,224,Ac,,,5.7288084,0.002130676,40,unmeasured_target_40_models,extrapolation_model_estimate,0.01029893317,5.718509467,5.739107333,0.02192938112,5.706879019,5.750737781,,,,,
89,136,225,Ac,,,5.734784,0.0023198323,40,unmeasured_target_40_models,extrapolation_model_estimate,0.01255528643,5.722228714,5.747339286,0.02669910938,5.708084891,5.761483109,,,,,
89,137,226,Ac,,,5.7368827,0.0020805863,40,unmeasured_target_40_models,extrapolation_model_estimate,0.01250050796,5.724382192,5.749383208,0.02616328687,5.710719413,5.763045987,,,,,
89,138,227,Ac,,,5.7470546,0.002865521,40,unmeasured_target_40_models,extrapolation_model_estimate,0.01356697701,5.733487623,5.760621577,0.02808770712,5.718966893,5.775142307,,,,,
89,139,228,Ac,,,5.746396,0.0022563736,40,unmeasured_target_40_models,extrapolation_model_estimate,0.009818253416,5.736577747,5.756214253,0.02110442024,5.72529158,5.76750042,,,,,
89,140,229,Ac,,,5.757506,0.0024711539,40,unmeasured_target_40_models,extrapolation_model_estimate,0.01118872581,5.746317274,5.768694726,0.02403384957,5.73347215,5.78153985,,,,,
89,141,230,Ac,,,5.7676063,0.0021091008,40,unmeasured_target_40_models,extrapolation_model_estimate,0.006807477177,5.760798823,5.774413777,0.01428137587,5.753324924,5.781887676,,,,,
89,142,231,Ac,,,5.784358,0.0023616992,40,unmeasured_target_40_models,extrapolation_model_estimate,0.01366144499,5.770696555,5.798019445,0.02910896334,5.755249037,5.813466963,,,,,
89,143,232,Ac,,,5.7723145,0.0031805742,40,unmeasured_target_40_models,extrapolation_model_estimate,0.01062506623,5.761689434,5.782939566,0.02252747314,5.749787027,5.794841973,,,,,
89,144,233,Ac,,,5.7833014,0.0025170338,40,unmeasured_target_40_models,extrapolation_model_estimate,0.01598984152,5.767311558,5.799291242,0.03337426428,5.749927136,5.816675664,,,,,
89,145,234,Ac,,,5.796992,0.0018848679,40,unmeasured_target_40_models,extrapolation_model_estimate,0.01322181065,5.783770189,5.810213811,0.02818144327,5.768810557,5.825173443,,,,,
89,146,235,Ac,,,5.8004203,0.0030908226,40,unmeasured_target_40_models,extrapolation_model_estimate,0.01612482861,5.784295471,5.816545129,0.03544371541,5.764976585,5.835864015,,,,,
89,147,236,Ac,,,5.788413,0.0035529183,40,unmeasured_target_40_models,extrapolation_model_estimate,0.01039049882,5.778022501,5.798803499,0.02180130054,5.766611699,5.810214301,,,,,
90,117,207,Th,,,5.5767355,0.002065389,40,unmeasured_target_40_models,extrapolation_model_estimate,0.01389725082,5.562838249,5.590632751,0.02955533238,5.547180168,5.606290832,,,,,
90,118,208,Th,,,5.572666,0.0015124581,40,unmeasured_target_40_models,extrapolation_model_estimate,0.0149714389,5.557694561,5.587637439,0.03118801001,5.54147799,5.60385401,,,,,
90,119,209,Th,,,5.580366,0.0018582988,40,unmeasured_target_40_models,extrapolation_model_estimate,0.01390897756,5.566457022,5.594274978,0.03012747882,5.550238521,5.610493479,,,,,
90,120,210,Th,,,5.5921607,0.0017835534,40,unmeasured_target_40_models,extrapolation_model_estimate,0.01350747862,5.578653221,5.605668179,0.02841310106,5.563747599,5.620573801,,,,,
90,121,211,Th,,,5.5877085,0.0020406097,40,unmeasured_target_40_models,extrapolation_model_estimate,0.01189803226,5.575810468,5.599606532,0.02492700349,5.562781497,5.612635503,,,,,
90,122,212,Th,,,5.5957346,0.0018801785,40,unmeasured_target_40_models,extrapolation_model_estimate,0.01217176412,5.583562836,5.607906364,0.02498453448,5.570750066,5.620719134,,,,,
90,123,213,Th,,,5.604846,0.0014450076,40,unmeasured_target_40_models,extrapolation_model_estimate,0.01596588514,5.588880115,5.620811885,0.03422150668,5.570624493,5.639067507,,,,,
90,124,214,Th,,,5.6080437,0.0018004676,40,unmeasured_target_40_models,extrapolation_model_estimate,0.01691905123,5.591124649,5.624962751,0.03576886235,5.572274838,5.643812562,,,,,
90,125,215,Th,,,5.609746,0.001685209,40,unmeasured_target_40_models,extrapolation_model_estimate,0.01286958109,5.596876419,5.622615581,0.02815946528,5.581586535,5.637905465,,,,,
90,126,216,Th,,,5.6210475,0.0021108666,40,unmeasured_target_40_models,extrapolation_model_estimate,0.01084103208,5.610206468,5.631888532,0.02320711114,5.597840389,5.644254611,,,,,
90,127,217,Th,,,5.62457,0.0023708001,40,unmeasured_target_40_models,extrapolation_model_estimate,0.01270782716,5.611862173,5.637277827,0.02725455857,5.597315441,5.651824559,,,,,
90,128,218,Th,,,5.658911,0.0024228843,40,unmeasured_target_40_models,extrapolation_model_estimate,0.0109044585,5.648006541,5.669815459,0.02309756345,5.635813437,5.682008563,,,,,
90,129,219,Th,,,5.6619773,0.0022631648,40,unmeasured_target_40_models,extrapolation_model_estimate,0.009087794488,5.652889506,5.671065094,0.0194147235,5.642562577,5.681392023,,,,,
90,130,220,Th,,,5.6746187,0.0022020084,40,unmeasured_target_40_models,extrapolation_model_estimate,0.009729930637,5.664888769,5.684348631,0.02020318358,5.654415516,5.694821884,,,,,
90,131,221,Th,,,5.689061,0.0031219786,40,unmeasured_target_40_models,extrapolation_model_estimate,0.009063427643,5.679997572,5.698124428,0.01915374416,5.669907256,5.708214744,,,,,
90,132,222,Th,,,5.701791,0.0025375187,40,unmeasured_target_40_models,extrapolation_model_estimate,0.009067328124,5.692723672,5.710858328,0.01965540118,5.682135599,5.721446401,,,,,
90,133,223,Th,,,5.710862,0.0020200007,40,unmeasured_target_40_models,extrapolation_model_estimate,0.009162741261,5.701699259,5.720024741,0.01899971382,5.691862286,5.729861714,,,,,
90,134,224,Th,,,5.717774,0.0012291919,40,unmeasured_target_40_models,extrapolation_model_estimate,0.01110501195,5.706668988,5.728879012,0.02352496522,5.694249035,5.741298965,,,,,
90,135,225,Th,,,5.735825,0.0020582525,40,unmeasured_target_40_models,extrapolation_model_estimate,0.01071973191,5.725105268,5.746544732,0.02318165813,5.712643342,5.759006658,,,,,
90,136,226,Th,,,5.7418337,0.001960873,40,unmeasured_target_40_models,extrapolation_model_estimate,0.01156322572,5.730270474,5.753396926,0.0244460551,5.717387645,5.766279755,,,,,
90,137,227,Th,5.7404,0.0165,5.744339,0.0013230441,4,measured_target_oof_4_models,heldout_test_aggregate,0.009248512832,5.735090487,5.753587513,0.01965174482,5.724687255,5.763990745,,,,,
90,138,228,Th,5.7488,0.0152,5.7542486,0.0017787751,4,measured_target_oof_4_models,heldout_test_aggregate,0.01146640224,5.742782198,5.765715002,0.02412057203,5.730128028,5.778369172,,,,,
90,139,229,Th,5.7557,0.0143,5.7531166,0.001204906,4,measured_target_oof_4_models,heldout_test_aggregate,0.009690043211,5.743426557,5.762806643,0.02119645119,5.731920149,5.774313051,,,,,
90,140,230,Th,5.767,0.0131,5.7613926,0.0017972997,4,measured_target_oof_4_models,heldout_test_aggregate,0.01009677577,5.751295824,5.771489376,0.02359001571,5.737802584,5.784982616,,,,,
90,141,231,Th,,,5.771159,0.0012146414,40,unmeasured_target_40_models,extrapolation_model_estimate,0.00906399676,5.762095003,5.780222997,0.01923813165,5.751920868,5.790397132,,,,,
90,142,232,Th,5.7848,0.0124,5.7906585,0.002195152,4,measured_target_oof_4_models,heldout_test_aggregate,0.01546346005,5.77519504,5.80612196,0.03214454434,5.758513956,5.822803044,,,,,
90,143,233,Th,,,5.774583,0.0019469861,40,unmeasured_target_40_models,extrapolation_model_estimate,0.009401123283,5.765181877,5.783984123,0.02004031382,5.754542686,5.794623314,,,,,
90,144,234,Th,,,5.7866454,0.0017063769,40,unmeasured_target_40_models,extrapolation_model_estimate,0.01509190426,5.771553496,5.801737304,0.03200763062,5.754637769,5.818653031,,,,,
90,145,235,Th,,,5.8003206,0.0015801488,40,unmeasured_target_40_models,extrapolation_model_estimate,0.01311139227,5.787209208,5.813431992,0.0272163471,5.773104253,5.827536947,,,,,
90,146,236,Th,,,5.8042593,0.0026981486,40,unmeasured_target_40_models,extrapolation_model_estimate,0.01676528806,5.787494012,5.821024588,0.03551902514,5.768740275,5.839778325,,,,,
90,147,237,Th,,,5.794714,0.0027258273,40,unmeasured_target_40_models,extrapolation_model_estimate,0.01437655556,5.780337444,5.809090556,0.03076385577,5.763950144,5.825477856,,,,,
90,148,238,Th,,,5.814021,0.0020227146,40,unmeasured_target_40_models,extrapolation_model_estimate,0.01455307247,5.799467928,5.828574072,0.03212152337,5.781899477,5.846142523,,,,,
91,120,211,Pa,,,5.6158495,0.0013931863,40,unmeasured_target_40_models,extrapolation_model_estimate,0.01345806522,5.602391435,5.629307565,0.02890328202,5.586946218,5.644752782,,,,,
91,121,212,Pa,,,5.6117563,0.0019030261,40,unmeasured_target_40_models,extrapolation_model_estimate,0.01319157208,5.598564728,5.624947872,0.02650753493,5.585248765,5.638263835,,,,,
91,122,213,Pa,,,5.620095,0.0016019581,40,unmeasured_target_40_models,extrapolation_model_estimate,0.01496758445,5.605127416,5.635062584,0.03042834075,5.589666659,5.650523341,,,,,
91,123,214,Pa,,,5.6297026,0.0014827234,40,unmeasured_target_40_models,extrapolation_model_estimate,0.0129678258,5.616734774,5.642670426,0.02733404836,5.602368552,5.657036648,,,,,
91,124,215,Pa,,,5.6327186,0.0020222163,40,unmeasured_target_40_models,extrapolation_model_estimate,0.01382409511,5.618894505,5.646542695,0.02915357129,5.603565029,5.661872171,,,,,
91,125,216,Pa,,,5.6342015,0.0018499548,40,unmeasured_target_40_models,extrapolation_model_estimate,0.01607265375,5.618128846,5.650274154,0.03435524869,5.599846251,5.668556749,,,,,
91,126,217,Pa,,,5.6450315,0.0017574356,40,unmeasured_target_40_models,extrapolation_model_estimate,0.01295718841,5.632074312,5.657988688,0.02787132355,5.617160176,5.672902824,,,,,
91,127,218,Pa,,,5.6480904,0.0022533904,40,unmeasured_target_40_models,extrapolation_model_estimate,0.01271458618,5.635375814,5.660804986,0.02717684067,5.620913559,5.675267241,,,,,
91,128,219,Pa,,,5.681078,0.0019989994,40,unmeasured_target_40_models,extrapolation_model_estimate,0.01522886318,5.665849137,5.696306863,0.03264891263,5.648429087,5.713726913,,,,,
91,129,220,Pa,,,5.68451,0.002444003,40,unmeasured_target_40_models,extrapolation_model_estimate,0.01251987846,5.671990122,5.697029878,0.02617119357,5.658338806,5.710681194,,,,,
91,130,221,Pa,,,5.6982694,0.0020827395,40,unmeasured_target_40_models,extrapolation_model_estimate,0.01087484824,5.687394552,5.709144248,0.02325786711,5.675011533,5.721527267,,,,,
91,131,222,Pa,,,5.7125196,0.0023019575,40,unmeasured_target_40_models,extrapolation_model_estimate,0.009327562715,5.703192037,5.721847163,0.01929086805,5.693228732,5.731810468,,,,,
91,132,223,Pa,,,5.7258945,0.002165661,40,unmeasured_target_40_models,extrapolation_model_estimate,0.00938071945,5.716513781,5.735275219,0.02037258116,5.705521919,5.746267081,,,,,
91,133,224,Pa,,,5.733672,0.001935288,40,unmeasured_target_40_models,extrapolation_model_estimate,0.009319584864,5.724352415,5.742991585,0.0201354933,5.713536507,5.753807493,,,,,
91,134,225,Pa,,,5.740271,0.0012442352,40,unmeasured_target_40_models,extrapolation_model_estimate,0.009542862344,5.730728138,5.749813862,0.01956341587,5.720707584,5.759834416,,,,,
91,135,226,Pa,,,5.759496,0.0018122679,40,unmeasured_target_40_models,extrapolation_model_estimate,0.01015320745,5.749342793,5.769649207,0.02137841775,5.738117582,5.780874418,,,,,
91,136,227,Pa,,,5.766298,0.0020904462,40,unmeasured_target_40_models,extrapolation_model_estimate,0.01094980069,5.755348199,5.777247801,0.02291264458,5.743385355,5.789210645,,,,,
91,137,228,Pa,,,5.7652287,0.0016752972,40,unmeasured_target_40_models,extrapolation_model_estimate,0.009208644181,5.756020056,5.774437344,0.01993917754,5.745289522,5.785167878,,,,,
91,138,229,Pa,,,5.775883,0.0021287065,40,unmeasured_target_40_models,extrapolation_model_estimate,0.01062116034,5.76526184,5.78650416,0.02189684836,5.753986152,5.797779848,,,,,
91,139,230,Pa,,,5.7766943,0.0012063012,40,unmeasured_target_40_models,extrapolation_model_estimate,0.006396722975,5.770297577,5.783091023,0.0131934812,5.763500819,5.789887781,,,,,
91,140,231,Pa,,,5.7883697,0.0015935819,40,unmeasured_target_40_models,extrapolation_model_estimate,0.0100779615,5.778291738,5.798447662,0.02131836768,5.767051332,5.809688068,,,,,
91,141,232,Pa,,,5.7977133,0.0014524284,40,unmeasured_target_40_models,extrapolation_model_estimate,0.008461519687,5.78925178,5.80617482,0.0173053067,5.780407993,5.815018607,,,,,
91,142,233,Pa,,,5.8150344,0.0015966563,40,unmeasured_target_40_models,extrapolation_model_estimate,0.01450536324,5.800529037,5.829539763,0.03145529265,5.783579107,5.846489693,,,,,
91,143,234,Pa,,,5.801654,0.0018171798,40,unmeasured_target_40_models,extrapolation_model_estimate,0.01335377527,5.788300225,5.815007775,0.02847341324,5.773180587,5.830127413,,,,,
91,144,235,Pa,,,5.8124094,0.0012764409,40,unmeasured_target_40_models,extrapolation_model_estimate,0.01855742919,5.793851971,5.830966829,0.03939073646,5.773018664,5.851800136,,,,,
91,145,236,Pa,,,5.825937,0.0013065308,40,unmeasured_target_40_models,extrapolation_model_estimate,0.01159439741,5.814342603,5.837531397,0.02518055031,5.80075645,5.85111755,,,,,
91,146,237,Pa,,,5.830214,0.0028155607,40,unmeasured_target_40_models,extrapolation_model_estimate,0.01762547447,5.812588526,5.847839474,0.03821961435,5.791994386,5.868433614,,,,,
91,147,238,Pa,,,5.819925,0.0021645646,40,unmeasured_target_40_models,extrapolation_model_estimate,0.01549078285,5.804434217,5.835415783,0.03202328423,5.787901716,5.851948284,,,,,
91,148,239,Pa,,,5.8399887,0.002397974,40,unmeasured_target_40_models,extrapolation_model_estimate,0.01756831621,5.822420384,5.857557016,0.03755115711,5.802437543,5.877539857,,,,,
92,122,214,U,,,5.6391087,0.0018281866,40,unmeasured_target_40_models,extrapolation_model_estimate,0.01346992325,5.625638777,5.652578623,0.02767062866,5.611438071,5.666779329,,,,,
92,123,215,U,,,5.6468396,0.0015214385,40,unmeasured_target_40_models,extrapolation_model_estimate,0.01287064888,5.633968951,5.659710249,0.02679614283,5.620043457,5.673635743,,,,,
92,124,216,U,,,5.652042,0.0020888273,40,unmeasured_target_40_models,extrapolation_model_estimate,0.01564552527,5.636396475,5.667687525,0.03204445548,5.619997545,5.684086455,,,,,
92,125,217,U,,,5.6561337,0.0023300517,40,unmeasured_target_40_models,extrapolation_model_estimate,0.01238831429,5.643745386,5.668522014,0.02629635588,5.629837344,5.682430056,,,,,
92,126,218,U,,,5.665808,0.0015499688,40,unmeasured_target_40_models,extrapolation_model_estimate,0.00987464408,5.655933356,5.675682644,0.02172161686,5.644086383,5.687529617,,,,,
92,127,219,U,,,5.6688895,0.0020934786,40,unmeasured_target_40_models,extrapolation_model_estimate,0.01574224365,5.653147256,5.684631744,0.03275228442,5.636137216,5.701641784,,,,,
92,129,221,U,,,5.7054877,0.0026838696,40,unmeasured_target_40_models,extrapolation_model_estimate,0.01244916126,5.693038539,5.717936861,0.02604678055,5.679440919,5.731534481,,,,,
92,130,222,U,,,5.719411,0.0019360917,40,unmeasured_target_40_models,extrapolation_model_estimate,0.01391083736,5.705500163,5.733321837,0.02927532462,5.690135675,5.748686325,,,,,
92,131,223,U,,,5.734841,0.0022903362,40,unmeasured_target_40_models,extrapolation_model_estimate,0.01251034263,5.722330657,5.747351343,0.02576564408,5.709075356,5.760606644,,,,,
92,132,224,U,,,5.747049,0.0025466944,40,unmeasured_target_40_models,extrapolation_model_estimate,0.01054532485,5.736503675,5.757594325,0.0225985994,5.724450401,5.769647599,,,,,
92,133,225,U,,,5.7560887,0.0020647258,40,unmeasured_target_40_models,extrapolation_model_estimate,0.009664576913,5.746424123,5.765753277,0.02024857022,5.73584013,5.77633727,,,,,
92,134,226,U,,,5.762855,0.0022557713,40,unmeasured_target_40_models,extrapolation_model_estimate,0.009576579782,5.75327842,5.77243158,0.02081748589,5.742037514,5.783672486,,,,,
92,135,227,U,,,5.7813416,0.0024137986,40,unmeasured_target_40_models,extrapolation_model_estimate,0.008280775163,5.773060825,5.789622375,0.01736785658,5.763973743,5.798709457,,,,,
92,136,228,U,,,5.787603,0.002632952,40,unmeasured_target_40_models,extrapolation_model_estimate,0.009622432845,5.777980567,5.797225433,0.0199317084,5.767671292,5.807534708,,,,,
92,137,229,U,,,5.788687,0.002228436,40,unmeasured_target_40_models,extrapolation_model_estimate,0.00893362895,5.779753371,5.797620629,0.01906289395,5.769624106,5.807749894,,,,,
92,138,230,U,,,5.7966204,0.0024189926,40,unmeasured_target_40_models,extrapolation_model_estimate,0.01010745792,5.786512942,5.806727858,0.02149232288,5.775128077,5.818112723,,,,,
92,139,231,U,,,5.7976646,0.0016001745,40,unmeasured_target_40_models,extrapolation_model_estimate,0.006844516198,5.790820084,5.804509116,0.01371452661,5.783950073,5.811379127,,,,,
92,140,232,U,,,5.8100276,0.0013367085,40,unmeasured_target_40_models,extrapolation_model_estimate,0.008898217386,5.801129383,5.818925817,0.01977388291,5.790253717,5.829801483,,,,,
92,141,233,U,5.8203,0.0049,5.820719,0.0026833606,4,measured_target_oof_4_models,heldout_test_aggregate,0.01282228036,5.80789672,5.83354128,0.02855623259,5.792162767,5.849275233,,,,,
92,142,234,U,5.8291,0.0052,5.8398314,0.0010910125,4,measured_target_oof_4_models,heldout_test_aggregate,0.01155087549,5.828280525,5.851382275,0.0253340617,5.814497338,5.865165462,,,,,
92,143,235,U,5.8337,0.0041,5.8185177,0.0017369034,4,measured_target_oof_4_models,heldout_test_aggregate,0.01123486699,5.807282833,5.829752567,0.02341934749,5.795098353,5.841937047,,,,,
92,144,236,U,5.8431,0.0038,5.8343115,0.0006001531,4,measured_target_oof_4_models,heldout_test_aggregate,0.01780558679,5.816505913,5.852117087,0.03718589043,5.79712561,5.87149739,,,,,
92,145,237,U,,,5.8499594,0.0017303445,40,unmeasured_target_40_models,extrapolation_model_estimate,0.01524331038,5.83471609,5.86520271,0.03187912145,5.818080279,5.881838521,,,,,
92,146,238,U,5.8571,0.0033,5.847662,0.0021833812,4,measured_target_oof_4_models,heldout_test_aggregate,0.02112842772,5.826533572,5.868790428,0.04752714287,5.800134857,5.895189143,,,,,
92,147,239,U,,,5.843992,0.0024156515,40,unmeasured_target_40_models,extrapolation_model_estimate,0.01347365052,5.830518349,5.857465651,0.02877788765,5.815214112,5.872769888,,,,,
92,148,240,U,,,5.8636694,0.0019048951,40,unmeasured_target_40_models,extrapolation_model_estimate,0.01892221777,5.844747182,5.882591618,0.04015882262,5.823510577,5.903828223,,,,,
92,149,241,U,,,5.850963,0.0020049629,40,unmeasured_target_40_models,extrapolation_model_estimate,0.01629484557,5.834668154,5.867257846,0.03582748652,5.815135513,5.886790487,,,,,
92,150,242,U,,,5.86058,0.002202383,40,unmeasured_target_40_models,extrapolation_model_estimate,0.02072295967,5.83985704,5.88130296,0.04496661713,5.815613383,5.905546617,,,,,
92,151,243,U,,,5.8699694,0.0021432156,40,unmeasured_target_40_models,extrapolation_model_estimate,0.01622420814,5.853745192,5.886193608,0.03505792552,5.834911474,5.905027326,,,,,
92,152,244,U,,,5.8820467,0.0024415625,40,unmeasured_target_40_models,extrapolation_model_estimate,0.017915908,5.864130792,5.899962608,0.03893964725,5.843107053,5.920986347,,,,,
92,153,245,U,,,5.8937407,0.0016713213,40,unmeasured_target_40_models,extrapolation_model_estimate,0.006291628722,5.887449071,5.900032329,0.01365257935,5.880088121,5.907393279,,,,,
92,154,246,U,,,5.8993683,0.0023444993,40,unmeasured_target_40_models,extrapolation_model_estimate,0.01022186653,5.889146433,5.909590167,0.02087494872,5.878493351,5.920243249,,,,,
92,155,247,U,,,5.9233255,0.0020184717,40,unmeasured_target_40_models,extrapolation_model_estimate,0.004039701344,5.919285799,5.927365201,0.009253525044,5.914071975,5.932579025,,,,,
92,156,248,U,,,5.9235206,0.0017253914,40,unmeasured_target_40_models,extrapolation_model_estimate,0.01102649629,5.912494104,5.934547096,0.0231845368,5.900336063,5.946705137,,,,,
92,157,249,U,,,5.9255652,0.0018567605,40,unmeasured_target_40_models,extrapolation_model_estimate,0.008545712965,5.917019487,5.934110913,0.01780907324,5.907756127,5.943374273,,,,,
92,158,250,U,,,5.9367433,0.0026891849,40,unmeasured_target_40_models,extrapolation_model_estimate,0.01124681129,5.925496489,5.947990111,0.02441866948,5.912324631,5.961161969,,,,,
92,159,251,U,,,5.929097,0.0022230116,40,unmeasured_target_40_models,extrapolation_model_estimate,0.008743813172,5.920353187,5.937840813,0.01843731298,5.910659687,5.947534313,,,,,
92,161,253,U,,,5.9383764,0.0024703166,40,unmeasured_target_40_models,extrapolation_model_estimate,0.00708438059,5.931292019,5.945460781,0.01517441825,5.923201982,5.953550818,,,,,
92,162,254,U,,,5.9320097,0.0020624448,40,unmeasured_target_40_models,extrapolation_model_estimate,0.01038568075,5.921624019,5.942395381,0.02142606122,5.910583639,5.953435761,,,,,
92,163,255,U,,,5.9593267,0.001884839,40,unmeasured_target_40_models,extrapolation_model_estimate,0.007920780358,5.95140592,5.96724748,0.01693763034,5.94238907,5.97626433,,,,,
93,126,219,Np,,,5.6676073,0.0018041686,40,unmeasured_target_40_models,extrapolation_model_estimate,0.01180811897,5.655799181,5.679415419,0.02559362913,5.642013671,5.693200929,,,,,
93,127,220,Np,,,5.671357,0.0024367867,40,unmeasured_target_40_models,extrapolation_model_estimate,0.01239169978,5.6589653,5.6837487,0.0275994406,5.643757559,5.698956441,,,,,
93,129,222,Np,,,5.7070208,0.0019419875,40,unmeasured_target_40_models,extrapolation_model_estimate,0.01511028503,5.691910515,5.722131085,0.03273856932,5.674282231,5.739759369,,,,,
93,130,223,Np,,,5.719579,0.0013604232,40,unmeasured_target_40_models,extrapolation_model_estimate,0.01618802759,5.703390972,5.735767028,0.03390104089,5.685677959,5.753480041,,,,,
93,131,224,Np,,,5.735462,0.0026397025,40,unmeasured_target_40_models,extrapolation_model_estimate,0.01324829391,5.722213706,5.748710294,0.02755726554,5.707904734,5.763019266,,,,,
93,132,225,Np,,,5.74787,0.0020863246,40,unmeasured_target_40_models,extrapolation_model_estimate,0.01472689471,5.733143105,5.762596895,0.03136638665,5.716503613,5.779236387,,,,,
93,133,226,Np,,,5.756401,0.0015722407,40,unmeasured_target_40_models,extrapolation_model_estimate,0.0129916077,5.743409392,5.769392608,0.02676899767,5.729632002,5.783169998,,,,,
93,134,227,Np,,,5.7636175,0.0020855374,40,unmeasured_target_40_models,extrapolation_model_estimate,0.01056584738,5.753051653,5.774183347,0.02242527075,5.741192229,5.786042771,,,,,
93,135,228,Np,,,5.7831483,0.0021084545,40,unmeasured_target_40_models,extrapolation_model_estimate,0.008327406409,5.774820894,5.791475706,0.01806575301,5.765082547,5.801214053,,,,,
93,136,229,Np,,,5.7890615,0.0024779586,40,unmeasured_target_40_models,extrapolation_model_estimate,0.01007380487,5.778987695,5.799135305,0.02124482196,5.767816678,5.810306322,,,,,
93,137,230,Np,,,5.7906837,0.0019322033,40,unmeasured_target_40_models,extrapolation_model_estimate,0.0077580545,5.782925645,5.798441755,0.01630010234,5.774383598,5.806983802,,,,,
93,138,231,Np,,,5.8005443,0.002658509,40,unmeasured_target_40_models,extrapolation_model_estimate,0.01004620567,5.790498094,5.810590506,0.02119211135,5.779352189,5.821736411,,,,,
93,139,232,Np,,,5.799553,0.0017254251,40,unmeasured_target_40_models,extrapolation_model_estimate,0.006266226361,5.793286774,5.805819226,0.0129295344,5.786623466,5.812482534,,,,,
93,140,233,Np,,,5.813332,0.0018010327,40,unmeasured_target_40_models,extrapolation_model_estimate,0.008519104816,5.804812895,5.821851105,0.01911625784,5.794215742,5.832448258,,,,,
93,141,234,Np,,,5.82154,0.0013285285,40,unmeasured_target_40_models,extrapolation_model_estimate,0.006495183042,5.815044817,5.828035183,0.01346501009,5.80807499,5.83500501,,,,,
93,142,235,Np,,,5.840314,0.0021070382,40,unmeasured_target_40_models,extrapolation_model_estimate,0.01262441038,5.82768959,5.85293841,0.02675581076,5.813558189,5.867069811,,,,,
93,143,236,Np,,,5.82735,0.0021182364,40,unmeasured_target_40_models,extrapolation_model_estimate,0.01020259303,5.817147407,5.837552593,0.02135327047,5.80599673,5.84870327,,,,,
93,144,237,Np,,,5.838981,0.0012798768,40,unmeasured_target_40_models,extrapolation_model_estimate,0.0152666163,5.823714384,5.854247616,0.03325920071,5.805721799,5.872240201,,,,,
93,145,238,Np,,,5.8528175,0.0020959259,40,unmeasured_target_40_models,extrapolation_model_estimate,0.01480518136,5.838012319,5.867622681,0.03158478531,5.821232715,5.884402285,,,,,
93,146,239,Np,,,5.8563485,0.0030715251,40,unmeasured_target_40_models,extrapolation_model_estimate,0.01973269225,5.836615808,5.876081192,0.04191546625,5.814433034,5.898263966,,,,,
93,147,240,Np,,,5.847556,0.0025084654,40,unmeasured_target_40_models,extrapolation_model_estimate,0.0168073347,5.830748665,5.864363335,0.03573096789,5.811825032,5.883286968,,,,,
93,148,241,Np,,,5.8662443,0.00263441,40,unmeasured_target_40_models,extrapolation_model_estimate,0.02481495137,5.841429349,5.891059251,0.05343261937,5.812811681,5.919676919,,,,,
93,149,242,Np,,,5.852995,0.0028558376,40,unmeasured_target_40_models,extrapolation_model_estimate,0.01530214406,5.837692856,5.868297144,0.03173383715,5.821261163,5.884728837,,,,,
93,150,243,Np,,,5.864661,0.003010614,40,unmeasured_target_40_models,extrapolation_model_estimate,0.02209545721,5.842565543,5.886756457,0.04707074282,5.817590257,5.911731743,,,,,
93,151,244,Np,,,5.8723025,0.0024960192,40,unmeasured_target_40_models,extrapolation_model_estimate,0.01791118209,5.854391318,5.890213682,0.03889479963,5.8334077,5.9111973,,,,,
94,134,228,Pu,,,5.766347,0.002056368,40,unmeasured_target_40_models,extrapolation_model_estimate,0.01369384585,5.752653154,5.780040846,0.02889481404,5.737452186,5.795241814,,,,,
94,135,229,Pu,,,5.7854834,0.0014277161,40,unmeasured_target_40_models,extrapolation_model_estimate,0.01078649868,5.774696901,5.796269899,0.02280173567,5.762681664,5.808285136,,,,,
94,136,230,Pu,,,5.7923546,0.0029197985,40,unmeasured_target_40_models,extrapolation_model_estimate,0.01049362691,5.781860973,5.802848227,0.02334004004,5.76901456,5.81569464,,,,,
94,137,231,Pu,,,5.796217,0.002589283,40,unmeasured_target_40_models,extrapolation_model_estimate,0.007280713845,5.788936286,5.803497714,0.01597914652,5.780237853,5.812196147,,,,,
94,138,232,Pu,,,5.8067446,0.003393186,40,unmeasured_target_40_models,extrapolation_model_estimate,0.008757749941,5.79798685,5.81550235,0.01836538899,5.788379211,5.825109989,,,,,
94,139,233,Pu,,,5.806617,0.0026651125,40,unmeasured_target_40_models,extrapolation_model_estimate,0.005593662114,5.801023338,5.812210662,0.01199560259,5.794621397,5.818612603,,,,,
94,140,234,Pu,,,5.81834,0.0025456846,40,unmeasured_target_40_models,extrapolation_model_estimate,0.008069919004,5.810270081,5.826409919,0.01715279378,5.801187206,5.835492794,,,,,
94,141,235,Pu,,,5.828878,0.0024897256,40,unmeasured_target_40_models,extrapolation_model_estimate,0.006591366765,5.822286633,5.835469367,0.01355873784,5.815319262,5.842436738,,,,,
94,142,236,Pu,,,5.8467913,0.00256346,40,unmeasured_target_40_models,extrapolation_model_estimate,0.01149889889,5.835292401,5.858290199,0.0238509745,5.822940325,5.870642275,,,,,
94,143,237,Pu,,,5.8348303,0.0024103315,40,unmeasured_target_40_models,extrapolation_model_estimate,0.01066807422,5.824162226,5.845498374,0.02173893022,5.81309137,5.85656923,,,,,
94,144,238,Pu,5.8535,0.0378,5.843711,0.00049030676,4,measured_target_oof_4_models,heldout_test_aggregate,0.0130230657,5.830687934,5.856734066,0.02642825557,5.817282744,5.870139256,,,,,
94,145,239,Pu,5.8601,0.0378,5.8592014,0.0010102958,4,measured_target_oof_4_models,heldout_test_aggregate,0.01573301396,5.843468386,5.874934414,0.03246762218,5.826733778,5.891669022,,,,,
94,146,240,Pu,5.8701,0.0379,5.8581038,0.0012653297,4,measured_target_oof_4_models,heldout_test_aggregate,0.01472394388,5.843379856,5.872827744,0.0308224046,5.827281395,5.888926205,,,,,
94,147,241,Pu,5.8748,0.0379,5.847334,0.00034616934,4,measured_target_oof_4_models,heldout_test_aggregate,0.01572320362,5.831610796,5.863057204,0.03593981053,5.811394189,5.883273811,,,,,
94,148,242,Pu,5.8823,0.038,5.872074,0.0010224831,4,measured_target_oof_4_models,heldout_test_aggregate,0.02180896103,5.850265039,5.893882961,0.04834402153,5.823729978,5.920418022,,,,,
94,149,243,Pu,,,5.8626924,0.0026640613,40,unmeasured_target_40_models,extrapolation_model_estimate,0.01747931154,5.845213088,5.880171712,0.03727443086,5.825417969,5.899966831,,,,,
94,150,244,Pu,5.8948,0.0382,5.862652,0.0011192404,4,measured_target_oof_4_models,heldout_test_aggregate,0.01065439954,5.8519976,5.8733064,0.0233972464,5.839254754,5.886049246,,,,,
94,151,245,Pu,,,5.8832307,0.0022864263,40,unmeasured_target_40_models,extrapolation_model_estimate,0.008306584939,5.874924115,5.891537285,0.01703777498,5.866192925,5.900268475,,,,,
94,152,246,Pu,,,5.8913746,0.0028520534,40,unmeasured_target_40_models,extrapolation_model_estimate,0.01253310423,5.878841496,5.903907704,0.02650258682,5.864872013,5.917877187,,,,,
94,153,247,Pu,,,5.9022574,0.0022419123,40,unmeasured_target_40_models,extrapolation_model_estimate,0.008778652107,5.893478748,5.911036052,0.01862442689,5.883632973,5.920881827,,,,,
95,128,223,Am,,,5.71923,0.0020611186,40,unmeasured_target_40_models,extrapolation_model_estimate,0.01577404752,5.703455952,5.735004048,0.03247877759,5.686751222,5.751708778,,,,,
95,134,229,Am,,,5.7805543,0.0024009768,40,unmeasured_target_40_models,extrapolation_model_estimate,0.01664653387,5.763907766,5.797200834,0.03585922748,5.744695073,5.816413527,,,,,
95,135,230,Am,,,5.8004994,0.0028256,40,unmeasured_target_40_models,extrapolation_model_estimate,0.01221338917,5.788286011,5.812712789,0.02660926213,5.773890138,5.827108662,,,,,
95,137,232,Am,,,5.8097167,0.0026383835,40,unmeasured_target_40_models,extrapolation_model_estimate,0.01012153211,5.799595168,5.819838232,0.02203736163,5.787679338,5.831754062,,,,,
95,138,233,Am,,,5.821301,0.003166287,40,unmeasured_target_40_models,extrapolation_model_estimate,0.01037464855,5.810926351,5.831675649,0.02220169551,5.799099304,5.843502696,,,,,
95,139,234,Am,,,5.8195424,0.0026508817,40,unmeasured_target_40_models,extrapolation_model_estimate,0.007707334453,5.811835066,5.827249734,0.01630701263,5.803235387,5.835849413,,,,,
95,140,235,Am,,,5.8325453,0.0029452033,40,unmeasured_target_40_models,extrapolation_model_estimate,0.008942891983,5.823602408,5.841488192,0.01936242036,5.81318288,5.85190772,,,,,
95,141,236,Am,,,5.843196,0.0025559876,40,unmeasured_target_40_models,extrapolation_model_estimate,0.007366752463,5.835829248,5.850562752,0.01594612421,5.827249876,5.859142124,,,,,
95,142,237,Am,,,5.860315,0.0030768428,40,unmeasured_target_40_models,extrapolation_model_estimate,0.01325967863,5.847055321,5.873574679,0.02890110755,5.831413892,5.889216108,,,,,
95,143,238,Am,,,5.8502483,0.0030340196,40,unmeasured_target_40_models,extrapolation_model_estimate,0.01165284825,5.838595452,5.861901148,0.02518966912,5.825058631,5.875437969,,,,,
95,144,239,Am,,,5.860746,0.0026716841,40,unmeasured_target_40_models,extrapolation_model_estimate,0.01480149267,5.845944507,5.875547493,0.03187601612,5.828869984,5.892622016,,,,,
95,145,240,Am,,,5.8768625,0.0032329836,40,unmeasured_target_40_models,extrapolation_model_estimate,0.01364536356,5.863217136,5.890507864,0.02952407733,5.847338423,5.906386577,,,,,
95,146,241,Am,5.8928,0.0042,5.8681946,0.0010944823,4,measured_target_oof_4_models,heldout_test_aggregate,0.01885177616,5.849342824,5.887046376,0.04218536723,5.826009233,5.910379967,,,,,
95,147,242,Am,,,5.8687716,0.0027970586,40,unmeasured_target_40_models,extrapolation_model_estimate,0.01860526709,5.850166333,5.887376867,0.03955192271,5.829219677,5.908323523,,,,,
95,148,243,Am,5.9048,0.0035,5.880816,0.002246526,4,measured_target_oof_4_models,heldout_test_aggregate,0.02042876927,5.860387231,5.901244769,0.0411758919,5.839640108,5.921991892,,,,,
95,149,244,Am,,,5.878292,0.003614034,40,unmeasured_target_40_models,extrapolation_model_estimate,0.01898162148,5.859310379,5.897273621,0.04011116259,5.838180837,5.918403163,,,,,
95,150,245,Am,,,5.888334,0.0042639873,40,unmeasured_target_40_models,extrapolation_model_estimate,0.01220158734,5.876132413,5.900535587,0.02548668666,5.862847313,5.913820687,,,,,
95,151,246,Am,,,5.8967743,0.003126321,40,unmeasured_target_40_models,extrapolation_model_estimate,0.01042898065,5.886345319,5.907203281,0.02044906506,5.876325235,5.917223365,,,,,
95,152,247,Am,,,5.9057684,0.0038129867,40,unmeasured_target_40_models,extrapolation_model_estimate,0.01670381258,5.889064587,5.922472213,0.03580240763,5.869965992,5.941570808,,,,,
95,153,248,Am,,,5.9161577,0.0030641244,40,unmeasured_target_40_models,extrapolation_model_estimate,0.00999990705,5.906157793,5.926157607,0.02147020228,5.894687498,5.937627902,,,,,
96,137,233,Cm,,,5.779025,0.001598453,40,unmeasured_target_40_models,extrapolation_model_estimate,0.009337231992,5.769687768,5.788362232,0.02052472166,5.758500278,5.799549722,,,,,
96,138,234,Cm,,,5.7882147,0.0020724856,40,unmeasured_target_40_models,extrapolation_model_estimate,0.01268904885,5.775525651,5.800903749,0.02754392008,5.76067078,5.81575862,,,,,
96,139,235,Cm,,,5.788985,0.0014999665,40,unmeasured_target_40_models,extrapolation_model_estimate,0.009277090257,5.77970791,5.79826209,0.01974653141,5.769238469,5.808731531,,,,,
96,140,236,Cm,,,5.8008256,0.0018027006,40,unmeasured_target_40_models,extrapolation_model_estimate,0.01005086984,5.79077473,5.81087647,0.02087652843,5.779949072,5.821702128,,,,,
96,141,237,Cm,,,5.81264,0.0015691872,40,unmeasured_target_40_models,extrapolation_model_estimate,0.00718517199,5.805454828,5.819825172,0.01473089995,5.7979091,5.8273709,,,,,
96,142,238,Cm,,,5.830327,0.0018627213,40,unmeasured_target_40_models,extrapolation_model_estimate,0.01145125603,5.818875744,5.841778256,0.02422479326,5.806102207,5.854551793,,,,,
96,143,239,Cm,,,5.8180594,0.0018668263,40,unmeasured_target_40_models,extrapolation_model_estimate,0.01030565526,5.807753745,5.828365055,0.02180081057,5.796258589,5.839860211,,,,,
96,144,240,Cm,,,5.8297815,0.002143525,40,unmeasured_target_40_models,extrapolation_model_estimate,0.01429297247,5.815488528,5.844074472,0.03039074474,5.799390755,5.860172245,,,,,
96,145,241,Cm,,,5.8459444,0.0013650674,40,unmeasured_target_40_models,extrapolation_model_estimate,0.01346650078,5.832477899,5.859410901,0.02912996451,5.816814435,5.875074365,,,,,
96,146,242,Cm,5.8285,0.0192,5.85279,0.0017863358,4,measured_target_oof_4_models,heldout_test_aggregate,0.0150186037,5.837771396,5.867808604,0.03310314803,5.819686852,5.885893148,,,,,
96,147,243,Cm,,,5.8387437,0.0024404705,40,unmeasured_target_40_models,extrapolation_model_estimate,0.01566746776,5.823076232,5.854411168,0.03398732332,5.804756377,5.872731023,,,,,
96,148,244,Cm,5.8429,0.0181,5.8653727,0.001268785,4,measured_target_oof_4_models,heldout_test_aggregate,0.0167043246,5.848668375,5.882077025,0.03716906299,5.828203637,5.902541763,,,,,
96,149,245,Cm,5.8475,0.0182,5.8481026,0.0014596403,4,measured_target_oof_4_models,heldout_test_aggregate,0.01861919762,5.829483402,5.866721798,0.03855032024,5.80955228,5.88665292,,,,,
96,150,246,Cm,5.8562,0.0184,5.8597646,0.0010306746,4,measured_target_oof_4_models,heldout_test_aggregate,0.008061162169,5.851703438,5.867825762,0.01722203482,5.842542565,5.876986635,,,,,
96,151,247,Cm,,,5.8678474,0.0020929405,40,unmeasured_target_40_models,extrapolation_model_estimate,0.007804011343,5.860043389,5.875651411,0.0162506715,5.851596729,5.884098071,,,,,
96,152,248,Cm,5.8687,0.0193,5.8800087,0.0014589896,4,measured_target_oof_4_models,heldout_test_aggregate,0.007023104286,5.872985596,5.887031804,0.01476873183,5.865239968,5.894777432,,,,,
96,153,249,Cm,,,5.889975,0.001861405,40,unmeasured_target_40_models,extrapolation_model_estimate,0.008590232016,5.881384768,5.898565232,0.01824756581,5.871727434,5.908222566,,,,,
96,154,250,Cm,,,5.8923736,0.0017945131,40,unmeasured_target_40_models,extrapolation_model_estimate,0.01328545154,5.879088148,5.905659052,0.02781346168,5.864560138,5.920187062,,,,,
96,155,251,Cm,,,5.9203615,0.0023827723,40,unmeasured_target_40_models,extrapolation_model_estimate,0.007813376656,5.912548123,5.928174877,0.01675356247,5.903607938,5.937115062,,,,,
97,136,233,Bk,,,5.791964,0.0023646401,40,unmeasured_target_40_models,extrapolation_model_estimate,0.0107294532,5.781234547,5.802693453,0.02352440248,5.768439598,5.815488402,,,,,
97,137,234,Bk,,,5.794794,0.0019837248,40,unmeasured_target_40_models,extrapolation_model_estimate,0.01200354318,5.782790457,5.806797543,0.02612377636,5.768670224,5.820917776,,,,,
97,139,236,Bk,,,5.804724,0.0020752687,40,unmeasured_target_40_models,extrapolation_model_estimate,0.01017884015,5.79454516,5.81490284,0.02109410598,5.783629894,5.825818106,,,,,
97,141,238,Bk,,,5.828606,0.0020105876,40,unmeasured_target_40_models,extrapolation_model_estimate,0.01191172631,5.816694274,5.840517726,0.0250657498,5.80354025,5.85367175,,,,,
97,142,239,Bk,,,5.8471894,0.0014314309,40,unmeasured_target_40_models,extrapolation_model_estimate,0.01573748067,5.831451919,5.862926881,0.03285750498,5.814331895,5.880046905,,,,,
97,143,240,Bk,,,5.836215,0.00277491,40,unmeasured_target_40_models,extrapolation_model_estimate,0.01081593166,5.825399068,5.847030932,0.0222957266,5.813919273,5.858510727,,,,,
97,144,241,Bk,,,5.8483624,0.001698779,40,unmeasured_target_40_models,extrapolation_model_estimate,0.0188075087,5.829554891,5.867169909,0.03972484038,5.80863756,5.88808724,,,,,
97,145,242,Bk,,,5.8631716,0.0020462226,40,unmeasured_target_40_models,extrapolation_model_estimate,0.01483580765,5.848335792,5.878007408,0.03234418053,5.830827419,5.895515781,,,,,
97,146,243,Bk,,,5.866237,0.002842686,40,unmeasured_target_40_models,extrapolation_model_estimate,0.02084545584,5.845391544,5.887082456,0.04326618312,5.822970817,5.909503183,,,,,
97,147,244,Bk,,,5.855859,0.0026700883,40,unmeasured_target_40_models,extrapolation_model_estimate,0.01643608969,5.83942291,5.87229509,0.03654974332,5.819309257,5.892408743,,,,,
97,148,245,Bk,,,5.879305,0.003171986,40,unmeasured_target_40_models,extrapolation_model_estimate,0.01562335471,5.863681645,5.894928355,0.03221249677,5.847092503,5.911517497,,,,,
97,149,246,Bk,,,5.867816,0.0024105962,40,unmeasured_target_40_models,extrapolation_model_estimate,0.007846260731,5.859969739,5.875662261,0.0158411299,5.85197487,5.88365713,,,,,
97,150,247,Bk,,,5.8786182,0.0030210675,40,unmeasured_target_40_models,extrapolation_model_estimate,0.01070217491,5.867916025,5.889320375,0.02247401163,5.856144188,5.901092212,,,,,
97,151,248,Bk,,,5.8876553,0.0015531703,40,unmeasured_target_40_models,extrapolation_model_estimate,0.00718145085,5.880473849,5.894836751,0.01505295538,5.872602345,5.902708255,,,,,
97,152,249,Bk,,,5.8956676,0.0031552352,40,unmeasured_target_40_models,extrapolation_model_estimate,0.01183556185,5.883832038,5.907503162,0.02635205846,5.869315542,5.922019658,,,,,
97,153,250,Bk,,,5.9087453,0.003277879,40,unmeasured_target_40_models,extrapolation_model_estimate,0.009234222471,5.899511078,5.917979522,0.01964029756,5.889105002,5.928385598,,,,,
97,154,251,Bk,,,5.911789,0.0032267128,40,unmeasured_target_40_models,extrapolation_model_estimate,0.01477693488,5.897012065,5.926565935,0.03069085687,5.881098143,5.942479857,,,,,
97,156,253,Bk,,,5.9358683,0.002849123,40,unmeasured_target_40_models,extrapolation_model_estimate,0.01772489129,5.918143409,5.953593191,0.03579574826,5.900072552,5.971664048,,,,,
98,138,236,Cf,,,5.8056636,0.0025444014,40,unmeasured_target_40_models,extrapolation_model_estimate,0.01009610443,5.795567496,5.815759704,0.02272695631,5.782936644,5.828390556,,,,,
98,139,237,Cf,,,5.8030577,0.0015746461,40,unmeasured_target_40_models,extrapolation_model_estimate,0.0101621526,5.792895547,5.813219853,0.02031624404,5.782741456,5.823373944,,,,,
98,140,238,Cf,,,5.816277,0.0013695448,40,unmeasured_target_40_models,extrapolation_model_estimate,0.01344358281,5.802833417,5.829720583,0.02867636749,5.787600633,5.844953367,,,,,
98,141,239,Cf,,,5.8279486,0.0013385961,40,unmeasured_target_40_models,extrapolation_model_estimate,0.0124936928,5.815454907,5.840442293,0.02681580482,5.801132795,5.854764405,,,,,
98,142,240,Cf,,,5.845616,0.0014629198,40,unmeasured_target_40_models,extrapolation_model_estimate,0.02189068516,5.823725315,5.867506685,0.04633161019,5.79928439,5.89194761,,,,,
98,143,241,Cf,,,5.8349442,0.0018434208,40,unmeasured_target_40_models,extrapolation_model_estimate,0.0189658285,5.815978371,5.853910029,0.04042442061,5.794519779,5.875368621,,,,,
98,144,242,Cf,,,5.848034,0.0014295531,40,unmeasured_target_40_models,extrapolation_model_estimate,0.01763942152,5.830394578,5.865673422,0.03785200326,5.810181997,5.885886003,,,,,
98,145,243,Cf,,,5.863775,0.0015021212,40,unmeasured_target_40_models,extrapolation_model_estimate,0.014414513,5.849360487,5.878189513,0.03061531643,5.833159684,5.894390316,,,,,
98,146,244,Cf,,,5.8643017,0.002082906,40,unmeasured_target_40_models,extrapolation_model_estimate,0.01866412178,5.845637578,5.882965822,0.04073390279,5.823567797,5.905035603,,,,,
98,147,245,Cf,,,5.855651,0.001845731,40,unmeasured_target_40_models,extrapolation_model_estimate,0.01055387503,5.845097125,5.866204875,0.02260397252,5.833047027,5.878254973,,,,,
98,148,246,Cf,,,5.8774157,0.0023143492,40,unmeasured_target_40_models,extrapolation_model_estimate,0.01263635807,5.864779342,5.890052058,0.02764292664,5.849772773,5.905058627,,,,,
98,149,247,Cf,,,5.8660173,0.0016708088,40,unmeasured_target_40_models,extrapolation_model_estimate,0.006347592082,5.859669708,5.872364892,0.01379922902,5.852218071,5.879816529,,,,,
98,150,248,Cf,,,5.877329,0.0024304425,40,unmeasured_target_40_models,extrapolation_model_estimate,0.01113957862,5.866189421,5.888468579,0.02245183654,5.854877163,5.899780837,,,,,
98,151,249,Cf,,,5.886097,0.0017222925,40,unmeasured_target_40_models,extrapolation_model_estimate,0.007301081885,5.878795918,5.893398082,0.01623571002,5.86986129,5.90233271,,,,,
98,152,250,Cf,,,5.895795,0.0019689896,40,unmeasured_target_40_models,extrapolation_model_estimate,0.01048158339,5.885313417,5.906276583,0.02166758976,5.87412741,5.91746259,,,,,
98,153,251,Cf,,,5.9073997,0.0016478808,40,unmeasured_target_40_models,extrapolation_model_estimate,0.007212062698,5.900187637,5.914611763,0.01564363489,5.891756065,5.923043335,,,,,
98,154,252,Cf,,,5.9112844,0.0019237061,40,unmeasured_target_40_models,extrapolation_model_estimate,0.01140817916,5.899876221,5.922692579,0.02482720807,5.886457192,5.936111608,,,,,
98,155,253,Cf,,,5.937735,0.0017550844,40,unmeasured_target_40_models,extrapolation_model_estimate,0.008913053935,5.928821946,5.946648054,0.01872825999,5.91900674,5.95646326,,,,,
98,156,254,Cf,,,5.9353,0.0014915472,40,unmeasured_target_40_models,extrapolation_model_estimate,0.01334617919,5.921953821,5.948646179,0.0287091481,5.906590852,5.964009148,,,,,
98,157,255,Cf,,,5.936128,0.0016059001,40,unmeasured_target_40_models,extrapolation_model_estimate,0.009446247748,5.926681752,5.945574248,0.02030006405,5.915827936,5.956428064,,,,,
98,158,256,Cf,,,5.947818,0.0019847706,40,unmeasured_target_40_models,extrapolation_model_estimate,0.01580920705,5.932008793,5.963627207,0.03357640372,5.914241596,5.981394404,,,,,
99,141,240,Es,,,5.8362885,0.0021082414,40,unmeasured_target_40_models,extrapolation_model_estimate,0.01379805455,5.822490445,5.850086555,0.03020986746,5.806078633,5.866498367,,,,,
99,142,241,Es,,,5.8554807,0.0015890612,40,unmeasured_target_40_models,extrapolation_model_estimate,0.02658401053,5.828896689,5.882064711,0.05637005274,5.799110647,5.911850753,,,,,
99,143,242,Es,,,5.8450136,0.002187121,40,unmeasured_target_40_models,extrapolation_model_estimate,0.02567394586,5.819339654,5.870687546,0.05297692027,5.79203668,5.89799052,,,,,
99,144,243,Es,,,5.8563266,0.002063834,40,unmeasured_target_40_models,extrapolation_model_estimate,0.02805060267,5.828275997,5.884377203,0.06190937418,5.794417226,5.918235974,,,,,
99,145,244,Es,,,5.8715944,0.001716251,40,unmeasured_target_40_models,extrapolation_model_estimate,0.0187535024,5.852840898,5.890347902,0.04090631232,5.830688088,5.912500712,,,,,
99,146,245,Es,,,5.8720922,0.0025457293,40,unmeasured_target_40_models,extrapolation_model_estimate,0.01481630893,5.857275891,5.886908509,0.02993324215,5.842158958,5.902025442,,,,,
99,147,246,Es,,,5.8655663,0.0024025687,40,unmeasured_target_40_models,extrapolation_model_estimate,0.01070468814,5.854861612,5.876270988,0.02321545437,5.842350846,5.888781754,,,,,
99,148,247,Es,,,5.887253,0.0027247854,40,unmeasured_target_40_models,extrapolation_model_estimate,0.01291709658,5.874335903,5.900170097,0.02731092319,5.859942077,5.914563923,,,,,
99,149,248,Es,,,5.875902,0.0018306893,40,unmeasured_target_40_models,extrapolation_model_estimate,0.006992219748,5.86890978,5.88289422,0.01440535199,5.861496648,5.890307352,,,,,
99,150,249,Es,,,5.8855734,0.002812291,40,unmeasured_target_40_models,extrapolation_model_estimate,0.009644625545,5.875928774,5.895218026,0.02080093775,5.864772462,5.906374338,,,,,
99,151,250,Es,,,5.89457,0.00151065,40,unmeasured_target_40_models,extrapolation_model_estimate,0.007085814013,5.887484186,5.901655814,0.0152694498,5.87930055,5.90983945,,,,,
99,152,251,Es,,,5.9034367,0.0027178542,40,unmeasured_target_40_models,extrapolation_model_estimate,0.01123250745,5.892204193,5.914669207,0.02308843081,5.880348269,5.926525131,,,,,
99,153,252,Es,,,5.9171476,0.0025673308,40,unmeasured_target_40_models,extrapolation_model_estimate,0.00735543112,5.909792169,5.924503031,0.01605470772,5.901092892,5.933202308,,,,,
99,154,253,Es,,,5.9202695,0.002804526,40,unmeasured_target_40_models,extrapolation_model_estimate,0.01206640937,5.908203091,5.932335909,0.02553524647,5.894734254,5.945804746,,,,,
99,155,254,Es,,,5.9470344,0.0019822165,40,unmeasured_target_40_models,extrapolation_model_estimate,0.008256625412,5.938777775,5.955291025,0.01714999003,5.92988441,5.96418439,,,,,
99,156,255,Es,,,5.9456205,0.0017491546,40,unmeasured_target_40_models,extrapolation_model_estimate,0.01212054646,5.933499954,5.957741046,0.02549914545,5.920121355,5.971119645,,,,,
99,157,256,Es,,,5.9465437,0.0023113948,40,unmeasured_target_40_models,extrapolation_model_estimate,0.008785307681,5.937758392,5.955329008,0.01929306137,5.927250639,5.965836761,,,,,
99,158,257,Es,,,5.9562902,0.002587893,40,unmeasured_target_40_models,extrapolation_model_estimate,0.01528842364,5.941001776,5.971578624,0.03179809658,5.924492103,5.988088297,,,,,
100,141,241,Fm,,,5.853199,0.001960657,40,unmeasured_target_40_models,extrapolation_model_estimate,0.01238877924,5.840810221,5.865587779,0.02586011274,5.827338887,5.879059113,,,,,
100,142,242,Fm,,,5.870831,0.0017991146,40,unmeasured_target_40_models,extrapolation_model_estimate,0.02150629703,5.849324703,5.892337297,0.04355363101,5.827277369,5.914384631,,,,,
100,143,243,Fm,,,5.85918,0.0018461909,40,unmeasured_target_40_models,extrapolation_model_estimate,0.02241402064,5.836765979,5.881594021,0.04907191109,5.810108089,5.908251911,,,,,
100,144,244,Fm,,,5.8723593,0.0021993439,40,unmeasured_target_40_models,extrapolation_model_estimate,0.03216899898,5.840190301,5.904528299,0.06952523583,5.802834064,5.941884536,,,,,
100,145,245,Fm,,,5.8872037,0.001861507,40,unmeasured_target_40_models,extrapolation_model_estimate,0.01797849033,5.86922521,5.90518219,0.03763869486,5.849565005,5.924842395,,,,,
100,146,246,Fm,,,5.890156,0.0024195202,40,unmeasured_target_40_models,extrapolation_model_estimate,0.01983984581,5.870316154,5.909995846,0.04253164295,5.847624357,5.932687643,,,,,
100,147,247,Fm,,,5.881406,0.002703649,40,unmeasured_target_40_models,extrapolation_model_estimate,0.01263488018,5.86877112,5.89404088,0.02649191604,5.854914084,5.907897916,,,,,
100,148,248,Fm,,,5.9046016,0.0025425686,40,unmeasured_target_40_models,extrapolation_model_estimate,0.01345925602,5.891142344,5.918060856,0.03033277119,5.874268829,5.934934371,,,,,
100,149,249,Fm,,,5.892031,0.0019464538,40,unmeasured_target_40_models,extrapolation_model_estimate,0.006796224345,5.885234776,5.898827224,0.01555015254,5.876480847,5.907581153,,,,,
100,150,250,Fm,,,5.9036393,0.0030585309,40,unmeasured_target_40_models,extrapolation_model_estimate,0.00912021136,5.894519089,5.912759511,0.01872766634,5.884911634,5.922366966,,,,,
100,151,251,Fm,,,5.912823,0.0024765814,40,unmeasured_target_40_models,extrapolation_model_estimate,0.006275610897,5.906547389,5.919098611,0.01336379099,5.899459209,5.926186791,,,,,
100,152,252,Fm,,,5.922631,0.0022182858,40,unmeasured_target_40_models,extrapolation_model_estimate,0.009674244419,5.912956756,5.932305244,0.02024847091,5.902382529,5.942879471,,,,,
100,153,253,Fm,,,5.935153,0.0014019215,40,unmeasured_target_40_models,extrapolation_model_estimate,0.006779785054,5.928373215,5.941932785,0.01490602512,5.920246975,5.950059025,,,,,
100,154,254,Fm,,,5.9373827,0.0014072264,40,unmeasured_target_40_models,extrapolation_model_estimate,0.01077286736,5.926609833,5.948155567,0.02141825417,5.915964446,5.958800954,,,,,
100,155,255,Fm,,,5.9647746,0.0020297666,40,unmeasured_target_40_models,extrapolation_model_estimate,0.007195605721,5.957578994,5.971970206,0.01556923754,5.949205362,5.980343838,,,,,
100,156,256,Fm,,,5.9633512,0.0014712277,40,unmeasured_target_40_models,extrapolation_model_estimate,0.01103651725,5.952314683,5.974387717,0.02386351057,5.939487689,5.987214711,,,,,
100,157,257,Fm,,,5.96429,0.0011881915,40,unmeasured_target_40_models,extrapolation_model_estimate,0.008218015375,5.956071985,5.972508015,0.01746070407,5.946829296,5.981750704,,,,,
100,158,258,Fm,,,5.976449,0.0020004697,40,unmeasured_target_40_models,extrapolation_model_estimate,0.01025981774,5.966189182,5.986708818,0.02260154875,5.953847451,5.999050549,,,,,
100,159,259,Fm,,,5.9678125,0.0021084729,40,unmeasured_target_40_models,extrapolation_model_estimate,0.008586041055,5.959226459,5.976398541,0.01867098166,5.949141518,5.986483482,,,,,
101,143,244,Md,,,5.862125,0.0017158869,40,unmeasured_target_40_models,extrapolation_model_estimate,0.01759727522,5.844527725,5.879722275,0.04004435013,5.82208065,5.90216935,,,,,
101,144,245,Md,,,5.8733644,0.0025776473,40,unmeasured_target_40_models,extrapolation_model_estimate,0.0166443328,5.856720067,5.890008733,0.03697897046,5.83638543,5.91034337,,,,,
101,145,246,Md,,,5.889697,0.002428625,40,unmeasured_target_40_models,extrapolation_model_estimate,0.01723786749,5.872459133,5.906934867,0.03622546235,5.853471538,5.925922462,,,,,
101,146,247,Md,,,5.8909264,0.0026974403,40,unmeasured_target_40_models,extrapolation_model_estimate,0.02674029941,5.864186101,5.917666699,0.05615891016,5.83476749,5.94708531,,,,,
101,147,248,Md,,,5.8842926,0.002958853,40,unmeasured_target_40_models,extrapolation_model_estimate,0.01789384958,5.86639875,5.90218645,0.0379325003,5.8463601,5.9222251,,,,,
101,148,249,Md,,,5.9065547,0.0030225692,40,unmeasured_target_40_models,extrapolation_model_estimate,0.01849289201,5.888061808,5.925047592,0.03700193368,5.869552766,5.943556634,,,,,
101,149,250,Md,,,5.893824,0.003280562,40,unmeasured_target_40_models,extrapolation_model_estimate,0.009655752264,5.884168248,5.903479752,0.02032980214,5.873494198,5.914153802,,,,,
101,150,251,Md,,,5.9060264,0.0034138835,40,unmeasured_target_40_models,extrapolation_model_estimate,0.01211419175,5.893912208,5.918140592,0.02416502403,5.881861376,5.930191424,,,,,
101,151,252,Md,,,5.91541,0.0026680476,40,unmeasured_target_40_models,extrapolation_model_estimate,0.007520427282,5.907889573,5.922930427,0.01588898828,5.899521012,5.931298988,,,,,
101,152,253,Md,,,5.9248476,0.002908347,40,unmeasured_target_40_models,extrapolation_model_estimate,0.009459909018,5.915387691,5.934307509,0.01979489072,5.905052709,5.944642491,,,,,
101,153,254,Md,,,5.937566,0.002120192,40,unmeasured_target_40_models,extrapolation_model_estimate,0.007232383973,5.930333616,5.944798384,0.01435304762,5.923212952,5.951919048,,,,,
101,154,255,Md,,,5.940923,0.001927689,40,unmeasured_target_40_models,extrapolation_model_estimate,0.01048078109,5.930442219,5.951403781,0.02192282836,5.919000172,5.962845828,,,,,
101,155,256,Md,,,5.968054,0.002102876,40,unmeasured_target_40_models,extrapolation_model_estimate,0.007327814253,5.960726186,5.975381814,0.01543992967,5.95261407,5.98349393,,,,,
101,156,257,Md,,,5.96689,0.0019449778,40,unmeasured_target_40_models,extrapolation_model_estimate,0.01089866199,5.955991338,5.977788662,0.02315097947,5.943739021,5.990040979,,,,,
101,157,258,Md,,,5.9670343,0.0019180231,40,unmeasured_target_40_models,extrapolation_model_estimate,0.008136183662,5.958898116,5.975170484,0.01725208556,5.949782214,5.984286386,,,,,
101,158,259,Md,,,5.9781065,0.0023163708,40,unmeasured_target_40_models,extrapolation_model_estimate,0.01220523945,5.965901261,5.990311739,0.0267663299,5.95134017,6.00487283,,,,,
101,159,260,Md,,,5.9694014,0.0019193653,40,unmeasured_target_40_models,extrapolation_model_estimate,0.008145371634,5.961256028,5.977546772,0.01787653208,5.951524868,5.987277932,,,,,
102,146,248,No,,,5.9234705,0.0030445661,40,unmeasured_target_40_models,extrapolation_model_estimate,0.02072082713,5.902749673,5.944191327,0.04367387563,5.879796624,5.967144376,,,,,
102,147,249,No,,,5.916471,0.0034341635,40,unmeasured_target_40_models,extrapolation_model_estimate,0.01688206419,5.899588936,5.933353064,0.03639572798,5.880075272,5.952866728,,,,,
102,148,250,No,,,5.9372473,0.0028026176,40,unmeasured_target_40_models,extrapolation_model_estimate,0.02219576952,5.91505153,5.95944307,0.04756775107,5.889679549,5.984815051,,,,,
102,149,251,No,,,5.927839,0.0020359275,40,unmeasured_target_40_models,extrapolation_model_estimate,0.01098991119,5.916849089,5.938828911,0.02347626511,5.904362735,5.951315265,,,,,
102,150,252,No,,,5.9378343,0.0027786072,40,unmeasured_target_40_models,extrapolation_model_estimate,0.01281624814,5.925018052,5.950650548,0.02682872329,5.911005577,5.964663023,,,,,
102,151,253,No,,,5.947598,0.0014421649,40,unmeasured_target_40_models,extrapolation_model_estimate,0.009437344736,5.938160655,5.957035345,0.02028258074,5.927315419,5.967880581,,,,,
102,152,254,No,,,5.9580073,0.0025898009,40,unmeasured_target_40_models,extrapolation_model_estimate,0.0101620882,5.947845212,5.968169388,0.02056695917,5.937440341,5.978574259,,,,,
102,153,255,No,,,5.9702997,0.002537472,40,unmeasured_target_40_models,extrapolation_model_estimate,0.006532277194,5.963767423,5.976831977,0.01409566841,5.956204032,5.984395368,,,,,
102,154,256,No,,,5.97329,0.002905265,40,unmeasured_target_40_models,extrapolation_model_estimate,0.009289884704,5.964000115,5.982579885,0.01877447335,5.954515527,5.992064473,,,,,
102,155,257,No,,,6.0008655,0.002203082,40,unmeasured_target_40_models,extrapolation_model_estimate,0.006824522687,5.994040977,6.007690023,0.0140076847,5.986857815,6.014873185,,,,,
102,156,258,No,,,6.0016937,0.0021053115,40,unmeasured_target_40_models,extrapolation_model_estimate,0.009978288095,5.991715412,6.011671988,0.02035202072,5.981341679,6.022045721,,,,,
102,157,259,No,,,6.001632,0.0021939264,40,unmeasured_target_40_models,extrapolation_model_estimate,0.007054260564,5.994577739,6.008686261,0.01473076343,5.986901237,6.016362763,,,,,
102,158,260,No,,,6.0133333,0.0029666037,40,unmeasured_target_40_models,extrapolation_model_estimate,0.01028146485,6.003051835,6.023614765,0.0210437367,5.992289563,6.034377037,,,,,
102,160,262,No,,,6.0127015,0.0030336548,40,unmeasured_target_40_models,extrapolation_model_estimate,0.01117452597,6.001526974,6.023876026,0.02495800822,5.987743492,6.037659508,,,,,
103,149,252,Lr,,,5.913744,0.0028713534,40,unmeasured_target_40_models,extrapolation_model_estimate,0.01279654625,5.900947454,5.926540546,0.02442352989,5.88932047,5.93816753,,,,,
103,150,253,Lr,,,5.924533,0.0032814275,40,unmeasured_target_40_models,extrapolation_model_estimate,0.0167423226,5.907790677,5.941275323,0.03560903519,5.888923965,5.960142035,,,,,
103,151,254,Lr,,,5.9339867,0.0013910414,40,unmeasured_target_40_models,extrapolation_model_estimate,0.01120526756,5.922781432,5.945191968,0.02397051564,5.910016184,5.957957216,,,,,
103,152,255,Lr,,,5.9441285,0.0030034042,40,unmeasured_target_40_models,extrapolation_model_estimate,0.01246200362,5.931666496,5.956590504,0.02685917645,5.917269324,5.970987676,,,,,
103,153,256,Lr,,,5.959307,0.0031379035,40,unmeasured_target_40_models,extrapolation_model_estimate,0.01085832829,5.948448672,5.970165328,0.02301325374,5.936293746,5.982320254,,,,,
103,154,257,Lr,,,5.9611044,0.0033287522,40,unmeasured_target_40_models,extrapolation_model_estimate,0.01069932348,5.950405077,5.971803723,0.02202426617,5.939080134,5.983128666,,,,,
103,155,258,Lr,,,5.9875593,0.0019395215,40,unmeasured_target_40_models,extrapolation_model_estimate,0.007530250028,5.98002905,5.99508955,0.01615174727,5.971407553,6.003711047,,,,,
103,156,259,Lr,,,5.9881063,0.002705593,40,unmeasured_target_40_models,extrapolation_model_estimate,0.009776943254,5.978329357,5.997883243,0.02020663421,5.967899666,6.008312934,,,,,
103,157,260,Lr,,,5.9901185,0.0022913693,40,unmeasured_target_40_models,extrapolation_model_estimate,0.007051704599,5.983066795,5.997170205,0.01440749811,5.975711002,6.004525998,,,,,
103,158,261,Lr,,,6.001877,0.0033720622,40,unmeasured_target_40_models,extrapolation_model_estimate,0.01095712641,5.990919874,6.012834126,0.02222037836,5.979656622,6.024097378,,,,,
103,159,262,Lr,,,5.992056,0.0018698671,40,unmeasured_target_40_models,extrapolation_model_estimate,0.007613505931,5.984442494,5.999669506,0.01542257801,5.976633422,6.007478578,,,,,
103,161,264,Lr,,,6.003228,0.0030896263,40,unmeasured_target_40_models,extrapolation_model_estimate,0.008517575693,5.994710424,6.011745576,0.01816493937,5.985063061,6.021392939,,,,,
103,163,266,Lr,,,6.023983,0.003402964,40,unmeasured_target_40_models,extrapolation_model_estimate,0.01026110245,6.013721898,6.034244102,0.02184060394,6.002142396,6.045823604,,,,,
104,149,253,Rf,,,5.9070463,0.002336598,40,unmeasured_target_40_models,extrapolation_model_estimate,0.01046970923,5.896576591,5.917516009,0.02167446483,5.885371835,5.928720765,,,,,
104,150,254,Rf,,,5.91751,0.0033913187,40,unmeasured_target_40_models,extrapolation_model_estimate,0.01331544414,5.904194556,5.930825444,0.02877734147,5.888732659,5.946287341,,,,,
104,151,255,Rf,,,5.9289694,0.001957688,40,unmeasured_target_40_models,extrapolation_model_estimate,0.01159407695,5.917375323,5.940563477,0.02332156154,5.905647838,5.952290962,,,,,
104,152,256,Rf,,,5.9379807,0.00266099,40,unmeasured_target_40_models,extrapolation_model_estimate,0.01528095948,5.922699741,5.953261659,0.03315081973,5.90482988,5.97113152,,,,,
104,153,257,Rf,,,5.951477,0.0024312374,40,unmeasured_target_40_models,extrapolation_model_estimate,0.00983946403,5.941637536,5.961316464,0.02165488578,5.929822114,5.973131886,,,,,
104,154,258,Rf,,,5.9537177,0.002323431,40,unmeasured_target_40_models,extrapolation_model_estimate,0.01202825348,5.941689447,5.965745953,0.02464893241,5.929068768,5.978366632,,,,,
104,155,259,Rf,,,5.981417,0.0020131918,40,unmeasured_target_40_models,extrapolation_model_estimate,0.009058910848,5.972358089,5.990475911,0.01997019883,5.961446801,6.001387199,,,,,
104,156,260,Rf,,,5.9818044,0.0021125644,40,unmeasured_target_40_models,extrapolation_model_estimate,0.01051288762,5.971291512,5.992317288,0.02089180713,5.960912593,6.002696207,,,,,
104,157,261,Rf,,,5.982582,0.0016762459,40,unmeasured_target_40_models,extrapolation_model_estimate,0.007294505128,5.975287495,5.989876505,0.01549252209,5.967089478,5.998074522,,,,,
104,158,262,Rf,,,5.9953184,0.0023277425,40,unmeasured_target_40_models,extrapolation_model_estimate,0.009289165944,5.986029234,6.004607566,0.01848861185,5.976829788,6.013807012,,,,,
104,159,263,Rf,,,5.98641,0.0021686645,40,unmeasured_target_40_models,extrapolation_model_estimate,0.006600633533,5.979809366,5.993010634,0.01383017136,5.972579829,6.000240171,,,,,
104,161,265,Rf,,,5.998168,0.0026776772,40,unmeasured_target_40_models,extrapolation_model_estimate,0.006724312686,5.991443687,6.004892313,0.01423355539,5.983934445,6.012401555,,,,,
104,163,267,Rf,,,6.018034,0.0030754295,40,unmeasured_target_40_models,extrapolation_model_estimate,0.009570889739,6.00846311,6.02760489,0.0209283052,5.997105695,6.038962305,,,,,
105,150,255,Db,,,5.927718,0.0030440788,40,unmeasured_target_40_models,extrapolation_model_estimate,0.0161334031,5.911584597,5.943851403,0.03403846453,5.893679535,5.961756465,,,,,
105,151,256,Db,,,5.93779,0.0017260413,40,unmeasured_target_40_models,extrapolation_model_estimate,0.01236567655,5.925424323,5.950155677,0.02568275328,5.912107247,5.963472753,,,,,
105,152,257,Db,,,5.9474688,0.00215145,40,unmeasured_target_40_models,extrapolation_model_estimate,0.01434742224,5.933121378,5.961816222,0.0304236033,5.917045197,5.977892403,,,,,
105,153,258,Db,,,5.9636784,0.0024630048,40,unmeasured_target_40_models,extrapolation_model_estimate,0.01041689237,5.953261508,5.974095292,0.02223835205,5.941440048,5.985916752,,,,,
105,154,259,Db,,,5.966659,0.0024834843,40,unmeasured_target_40_models,extrapolation_model_estimate,0.01506254679,5.951596453,5.981721547,0.03140899325,5.935250007,5.998067993,,,,,
105,155,260,Db,,,5.9932704,0.0017535924,40,unmeasured_target_40_models,extrapolation_model_estimate,0.01037197983,5.98289842,6.00364238,0.02063223945,5.972638161,6.013902639,,,,,
105,156,261,Db,,,5.993354,0.0020340658,40,unmeasured_target_40_models,extrapolation_model_estimate,0.01305967136,5.980294329,6.006413671,0.02710995066,5.966244049,6.020463951,,,,,
105,157,262,Db,,,5.9944096,0.0023673207,40,unmeasured_target_40_models,extrapolation_model_estimate,0.0107231348,5.983686465,6.005132735,0.0231355284,5.971274072,6.017545128,,,,,
105,158,263,Db,,,6.005968,0.0025910058,40,unmeasured_target_40_models,extrapolation_model_estimate,0.01275908893,5.993208911,6.018727089,0.02571832212,5.980249678,6.031686322,,,,,
105,161,266,Db,,,6.009847,0.0027697014,40,unmeasured_target_40_models,extrapolation_model_estimate,0.006809506923,6.003037493,6.016656507,0.01390578872,5.995941211,6.023752789,,,,,
105,162,267,Db,,,6.0030975,0.0019514578,40,unmeasured_target_40_models,extrapolation_model_estimate,0.0117049676,5.991392532,6.014802468,0.02474288552,5.978354614,6.027840386,,,,,
105,163,268,Db,,,6.0309396,0.0024814422,40,unmeasured_target_40_models,extrapolation_model_estimate,0.009357225177,6.021582375,6.040296825,0.0192451723,6.011694428,6.050184772,,,,,
105,165,270,Db,,,6.0145044,0.0028937478,40,unmeasured_target_40_models,extrapolation_model_estimate,0.01028063958,6.00422376,6.02478504,0.02110114353,5.993403256,6.035605544,,,,,
106,152,258,Sg,,,5.9657803,0.0024550832,40,unmeasured_target_40_models,extrapolation_model_estimate,0.01531618576,5.950464114,5.981096486,0.03294654217,5.932833758,5.998726842,,,,,
106,153,259,Sg,,,5.980811,0.0028421695,40,unmeasured_target_40_models,extrapolation_model_estimate,0.01155298683,5.969258013,5.992363987,0.0249121421,5.955898858,6.005723142,,,,,
106,154,260,Sg,,,5.9834204,0.0026927793,40,unmeasured_target_40_models,extrapolation_model_estimate,0.01237557471,5.971044825,5.995795975,0.02649549536,5.956924905,6.009915895,,,,,
106,155,261,Sg,,,6.0109186,0.0025844309,40,unmeasured_target_40_models,extrapolation_model_estimate,0.009877456642,6.001041143,6.020796057,0.02106526147,5.989853339,6.031983861,,,,,
106,156,262,Sg,,,6.0117397,0.0020260676,40,unmeasured_target_40_models,extrapolation_model_estimate,0.01311751329,5.998622187,6.024857213,0.02764867164,5.984091028,6.039388372,,,,,
106,157,263,Sg,,,6.012559,0.0018880691,40,unmeasured_target_40_models,extrapolation_model_estimate,0.01030306869,6.002255931,6.022862069,0.021515149,5.991043851,6.034074149,,,,,
106,158,264,Sg,,,6.025417,0.0027286361,40,unmeasured_target_40_models,extrapolation_model_estimate,0.01242323679,6.012993763,6.037840237,0.02660789601,5.998809104,6.052024896,,,,,
106,159,265,Sg,,,6.0151396,0.0021674058,40,unmeasured_target_40_models,extrapolation_model_estimate,0.01018205724,6.004957543,6.025321657,0.02149516335,5.993644437,6.036634763,,,,,
106,160,266,Sg,,,6.024229,0.003079003,40,unmeasured_target_40_models,extrapolation_model_estimate,0.01126626686,6.012962733,6.035495267,0.023206647,6.001022353,6.047435647,,,,,
106,161,267,Sg,,,6.028489,0.0026451596,40,unmeasured_target_40_models,extrapolation_model_estimate,0.00761151166,6.020877488,6.036100512,0.01546981334,6.013019187,6.043958813,,,,,
106,163,269,Sg,,,6.0477552,0.003027756,40,unmeasured_target_40_models,extrapolation_model_estimate,0.008649499583,6.0391057,6.0564047,0.01841485143,6.029340349,6.066170051,,,,,
106,165,271,Sg,,,6.0335684,0.0029446615,40,unmeasured_target_40_models,extrapolation_model_estimate,0.008889879812,6.02467852,6.04245828,0.01907782249,6.014490578,6.052646222,,,,,
107,153,260,Bh,,,5.9871116,0.0023248745,40,unmeasured_target_40_models,extrapolation_model_estimate,0.01208146745,5.975030133,5.999193067,0.02543964729,5.961671953,6.012551247,,,,,
107,154,261,Bh,,,5.989293,0.0023292396,40,unmeasured_target_40_models,extrapolation_model_estimate,0.01620079556,5.973092204,6.005493796,0.03377097374,5.955522026,6.023063974,,,,,
107,155,262,Bh,,,6.0165005,0.0023367817,40,unmeasured_target_40_models,extrapolation_model_estimate,0.01190920257,6.004591297,6.028409703,0.02557339982,5.9909271,6.0420739,,,,,
107,156,263,Bh,,,6.0180397,0.0015574768,40,unmeasured_target_40_models,extrapolation_model_estimate,0.0129557275,6.005083972,6.030995428,0.02722395812,5.990815742,6.045263658,,,,,
107,157,264,Bh,,,6.0195217,0.0013431887,40,unmeasured_target_40_models,extrapolation_model_estimate,0.008457733258,6.011063967,6.027979433,0.01830515712,6.001216543,6.037826857,,,,,
107,158,265,Bh,,,6.0290823,0.0020251856,40,unmeasured_target_40_models,extrapolation_model_estimate,0.01348411645,6.015598184,6.042566416,0.0279592035,6.001123097,6.057041503,,,,,
107,159,266,Bh,,,6.0223436,0.0019046711,40,unmeasured_target_40_models,extrapolation_model_estimate,0.01134397981,6.01099962,6.03368758,0.02396244411,5.998381156,6.046306044,,,,,
107,160,267,Bh,,,6.0336585,0.0023811357,40,unmeasured_target_40_models,extrapolation_model_estimate,0.01351996297,6.020138537,6.047178463,0.02707401034,6.00658449,6.06073251,,,,,
107,163,270,Bh,,,6.0560274,0.002591887,40,unmeasured_target_40_models,extrapolation_model_estimate,0.01039159171,6.045635808,6.066418992,0.02041295205,6.035614448,6.076440352,,,,,
107,164,271,Bh,,,6.0553665,0.0030209497,40,unmeasured_target_40_models,extrapolation_model_estimate,0.01236815238,6.042998348,6.067734652,0.02526916507,6.030097335,6.080635665,,,,,
107,165,272,Bh,,,6.0407705,0.0020477315,40,unmeasured_target_40_models,extrapolation_model_estimate,0.008552408261,6.032218092,6.049322908,0.01836669702,6.022403803,6.059137197,,,,,
107,167,274,Bh,,,6.075295,0.002861612,40,unmeasured_target_40_models,extrapolation_model_estimate,0.008802230104,6.06649277,6.08409723,0.01817352996,6.05712147,6.09346853,,,,,
107,171,278,Bh,,,6.100955,0.0022263217,40,unmeasured_target_40_models,extrapolation_model_estimate,0.006556886017,6.094398114,6.107511886,0.01374194419,6.087213056,6.114696944,,,,,
108,155,263,Hs,,,6.022376,0.0022930964,40,unmeasured_target_40_models,extrapolation_model_estimate,0.01190280054,6.010473199,6.034278801,0.02465121507,5.997724785,6.047027215,,,,,
108,156,264,Hs,,,6.0223174,0.0014604027,40,unmeasured_target_40_models,extrapolation_model_estimate,0.01525494214,6.007062458,6.037572342,0.03250667331,5.989810727,6.054824073,,,,,
108,157,265,Hs,,,6.0245876,0.0012588918,40,unmeasured_target_40_models,extrapolation_model_estimate,0.01118328253,6.013404317,6.035770883,0.02417896779,6.000408632,6.048766568,,,,,
108,158,266,Hs,,,6.0355177,0.002464123,40,unmeasured_target_40_models,extrapolation_model_estimate,0.01245927624,6.023058424,6.047976976,0.02630436629,6.009213334,6.061822066,,,,,
108,159,267,Hs,,,6.0277567,0.0022561525,40,unmeasured_target_40_models,extrapolation_model_estimate,0.008290754733,6.019465945,6.036047455,0.01813020063,6.009626499,6.045886901,,,,,
108,160,268,Hs,,,6.037673,0.0022834397,40,unmeasured_target_40_models,extrapolation_model_estimate,0.01522360805,6.022449392,6.052896608,0.03151421586,6.006158784,6.069187216,,,,,
108,161,269,Hs,,,6.0412297,0.001742473,40,unmeasured_target_40_models,extrapolation_model_estimate,0.01065401928,6.030575681,6.051883719,0.02226069436,6.018969006,6.063490394,,,,,
108,162,270,Hs,,,6.0351105,0.0014456011,40,unmeasured_target_40_models,extrapolation_model_estimate,0.01502196088,6.020088539,6.050132461,0.03071259856,6.004397901,6.065823099,,,,,
108,163,271,Hs,,,6.061187,0.0024671138,40,unmeasured_target_40_models,extrapolation_model_estimate,0.01108258159,6.050104418,6.072269582,0.02450263569,6.036684364,6.085689636,,,,,
108,165,273,Hs,,,6.0487905,0.0023890773,40,unmeasured_target_40_models,extrapolation_model_estimate,0.00900087278,6.039789627,6.057791373,0.01931773633,6.029472764,6.068108236,,,,,
108,167,275,Hs,,,6.0830474,0.0030835653,40,unmeasured_target_40_models,extrapolation_model_estimate,0.007341082689,6.075706317,6.090388483,0.01612026467,6.066927135,6.099167665,,,,,
108,169,277,Hs,,,6.1182413,0.002649342,40,unmeasured_target_40_models,extrapolation_model_estimate,0.007844216216,6.110397084,6.126085516,0.01704788317,6.101193417,6.135289183,,,,,
108,170,278,Hs,,,6.1090136,0.0023585507,40,unmeasured_target_40_models,extrapolation_model_estimate,0.008849132733,6.100164467,6.117862733,0.01785967138,6.091153929,6.126873271,,,,,
109,157,266,Mt,,,6.032189,0.002063647,40,unmeasured_target_40_models,extrapolation_model_estimate,0.01193926214,6.020249738,6.044128262,0.02580492345,6.006384077,6.057993923,,,,,
109,159,268,Mt,,,6.0355787,0.0023970858,40,unmeasured_target_40_models,extrapolation_model_estimate,0.01139117389,6.024187526,6.046969874,0.0245308867,6.011047813,6.060109587,,,,,
109,161,270,Mt,,,6.0487742,0.0027247032,40,unmeasured_target_40_models,extrapolation_model_estimate,0.007961931076,6.040812269,6.056736131,0.01802821684,6.030745983,6.066802417,,,,,
109,165,274,Mt,,,6.0570955,0.002901044,40,unmeasured_target_40_models,extrapolation_model_estimate,0.01216077257,6.044934727,6.069256273,0.02680886697,6.030286633,6.083904367,,,,,
109,166,275,Mt,,,6.104719,0.0021643399,40,unmeasured_target_40_models,extrapolation_model_estimate,0.01704850678,6.087670493,6.121767507,0.03483501311,6.069883987,6.139554013,,,,,
109,167,276,Mt,,,6.0908484,0.0035986947,40,unmeasured_target_40_models,extrapolation_model_estimate,0.009386540611,6.081461859,6.100234941,0.02040560489,6.070442795,6.111254005,,,,,
109,168,277,Mt,,,6.1166224,0.0035959075,40,unmeasured_target_40_models,extrapolation_model_estimate,0.01155728747,6.105065113,6.128179687,0.02398123686,6.092641163,6.140603637,,,,,
109,169,278,Mt,,,6.1262116,0.0030166495,40,unmeasured_target_40_models,extrapolation_model_estimate,0.00755664026,6.11865496,6.13376824,0.01590025936,6.110311341,6.142111859,,,,,
109,173,282,Mt,,,6.133472,0.0036708086,40,unmeasured_target_40_models,extrapolation_model_estimate,0.005757001666,6.127714998,6.139229002,0.01199724719,6.121474753,6.145469247,,,,,
110,157,267,Ds,,,6.042481,0.0021141465,40,unmeasured_target_40_models,extrapolation_model_estimate,0.01116699395,6.031314006,6.053647994,0.02361652443,6.018864476,6.066097524,,,,,
110,159,269,Ds,,,6.0455723,0.0027512338,40,unmeasured_target_40_models,extrapolation_model_estimate,0.01159020973,6.03398209,6.05716251,0.02483031262,6.020741987,6.070402613,,,,,
110,160,270,Ds,,,6.0565825,0.0026012217,40,unmeasured_target_40_models,extrapolation_model_estimate,0.014267195,6.042315305,6.070849695,0.03118435882,6.025398141,6.087766859,,,,,
110,161,271,Ds,,,6.0599318,0.002757786,40,unmeasured_target_40_models,extrapolation_model_estimate,0.01070802712,6.049223773,6.070639827,0.02285814001,6.03707366,6.08278994,,,,,
110,163,273,Ds,,,6.0819855,0.0027796864,40,unmeasured_target_40_models,extrapolation_model_estimate,0.0103714882,6.071614012,6.092356988,0.02236045224,6.059625048,6.104345952,,,,,
110,167,277,Ds,,,6.1021824,0.0034232775,40,unmeasured_target_40_models,extrapolation_model_estimate,0.009885099085,6.092297301,6.112067499,0.02281030209,6.079372098,6.124992702,,,,,
110,169,279,Ds,,,6.1388617,0.0032282362,40,unmeasured_target_40_models,extrapolation_model_estimate,0.008485075477,6.130376625,6.147346775,0.01775767206,6.121104028,6.156619372,,,,,
110,170,280,Ds,,,6.1290693,0.002760281,40,unmeasured_target_40_models,extrapolation_model_estimate,0.00725409481,6.121815205,6.136323395,0.01502426232,6.114045038,6.144093562,,,,,
110,171,281,Ds,,,6.129163,0.002851519,40,unmeasured_target_40_models,extrapolation_model_estimate,0.005370354121,6.123792646,6.134533354,0.01145785722,6.117705143,6.140620857,,,,,
110,172,282,Ds,,,6.1411257,0.0032700105,40,unmeasured_target_40_models,extrapolation_model_estimate,0.007685075551,6.133440624,6.148810776,0.01598943321,6.125136267,6.157115133,,,,,
111,161,272,Rg,,,6.05235,0.0038367012,40,unmeasured_target_40_models,extrapolation_model_estimate,0.01173973381,6.040610266,6.064089734,0.02512466592,6.027225334,6.077474666,,,,,
111,163,274,Rg,,,6.074915,0.003827585,40,unmeasured_target_40_models,extrapolation_model_estimate,0.0123063385,6.062608662,6.087221338,0.02690611846,6.048008882,6.101821118,,,,,
111,167,278,Rg,,,6.095593,0.0038143813,40,unmeasured_target_40_models,extrapolation_model_estimate,0.01258776083,6.083005239,6.108180761,0.0274750411,6.068117959,6.123068041,,,,,
111,168,279,Rg,,,6.1198025,0.0044752164,40,unmeasured_target_40_models,extrapolation_model_estimate,0.01640942144,6.103393079,6.136211921,0.03285944111,6.086943059,6.152661941,,,,,
111,169,280,Rg,,,6.1301794,0.0037166278,40,unmeasured_target_40_models,extrapolation_model_estimate,0.009937544397,6.120241856,6.140116944,0.02179423725,6.108385163,6.151973637,,,,,
111,170,281,Rg,,,6.1206813,0.0041906163,40,unmeasured_target_40_models,extrapolation_model_estimate,0.0103817276,6.110299572,6.131063028,0.02236870681,6.098312593,6.143050007,,,,,
111,171,282,Rg,,,6.1201906,0.0031956488,40,unmeasured_target_40_models,extrapolation_model_estimate,0.006926583786,6.113264016,6.127117184,0.01425195291,6.105938647,6.134442553,,,,,
111,175,286,Rg,,,6.1626353,0.003977198,40,unmeasured_target_40_models,extrapolation_model_estimate,0.005999153208,6.156636147,6.168634453,0.01253984174,6.150095458,6.175175142,,,,,
112,165,277,Cn,,,6.0575085,0.0024637864,40,unmeasured_target_40_models,extrapolation_model_estimate,0.01013293907,6.047375561,6.067641439,0.02036491266,6.037143587,6.077873413,,,,,
112,169,281,Cn,,,6.1291842,0.0034003065,40,unmeasured_target_40_models,extrapolation_model_estimate,0.008432228319,6.120751972,6.137616428,0.01760599085,6.111578209,6.146790191,,,,,
112,170,282,Cn,,,6.118931,0.0023363088,40,unmeasured_target_40_models,extrapolation_model_estimate,0.01139999712,6.107531003,6.130330997,0.02415980202,6.094771198,6.143090802,,,,,
112,171,283,Cn,,,6.120986,0.0027367084,40,unmeasured_target_40_models,extrapolation_model_estimate,0.007570547865,6.113415452,6.128556548,0.01543640465,6.105549595,6.136422405,,,,,
112,172,284,Cn,,,6.1322765,0.0033942156,40,unmeasured_target_40_models,extrapolation_model_estimate,0.009601401223,6.122675099,6.141877901,0.01991017475,6.112366325,6.152186675,,,,,
112,173,285,Cn,,,6.1361,0.0039581237,40,unmeasured_target_40_models,extrapolation_model_estimate,0.005555046484,6.130544954,6.141655046,0.01256945219,6.123530548,6.148669452,,,,,
112,174,286,Cn,,,6.1487784,0.0034165904,40,unmeasured_target_40_models,extrapolation_model_estimate,0.008415112561,6.140363287,6.157193513,0.01744571582,6.131332684,6.166224116,,,,,
113,165,278,Nh,,,6.0655966,0.0023971165,40,unmeasured_target_40_models,extrapolation_model_estimate,0.01178913904,6.053807461,6.077385739,0.02488992875,6.040706671,6.090486529,,,,,
113,169,282,Nh,,,6.1378984,0.0027108814,40,unmeasured_target_40_models,extrapolation_model_estimate,0.007977919676,6.12992048,6.14587632,0.01612013797,6.121778262,6.154018538,,,,,
113,170,283,Nh,,,6.128064,0.0029721844,40,unmeasured_target_40_models,extrapolation_model_estimate,0.009015579536,6.11904842,6.13707958,0.0189981021,6.109065898,6.147062102,,,,,
113,171,284,Nh,,,6.12806,0.0027220077,40,unmeasured_target_40_models,extrapolation_model_estimate,0.008531532302,6.119528468,6.136591532,0.01804653516,6.110013465,6.146106535,,,,,
113,172,285,Nh,,,6.1423693,0.0033277606,40,unmeasured_target_40_models,extrapolation_model_estimate,0.01162717765,6.130742122,6.153996478,0.02332853656,6.119040763,6.165697837,,,,,
113,173,286,Nh,,,6.1469026,0.0031547125,40,unmeasured_target_40_models,extrapolation_model_estimate,0.007092312877,6.139810287,6.153994913,0.01500038189,6.131902218,6.161902982,,,,,
113,177,290,Nh,,,6.1744967,0.00237355,40,unmeasured_target_40_models,extrapolation_model_estimate,0.006035887594,6.168460812,6.180532588,0.01273701962,6.16175968,6.18723372,,,,,
114,170,284,Fl,,,6.131507,0.0029519869,40,unmeasured_target_40_models,extrapolation_model_estimate,0.009619084778,6.121887915,6.141126085,0.02134093902,6.110166061,6.152847939,,,,,
114,171,285,Fl,,,6.1319985,0.0034926673,40,unmeasured_target_40_models,extrapolation_model_estimate,0.006387071106,6.125611429,6.138385571,0.01320342919,6.118795071,6.145201929,,,,,
114,172,286,Fl,,,6.145055,0.003972227,40,unmeasured_target_40_models,extrapolation_model_estimate,0.007723148842,6.137331851,6.152778149,0.01685067707,6.128204323,6.161905677,,,,,
114,173,287,Fl,,,6.1501393,0.0041801943,40,unmeasured_target_40_models,extrapolation_model_estimate,0.007796475109,6.142342825,6.157935775,0.01647160546,6.133667695,6.166610905,,,,,
114,174,288,Fl,,,6.1610513,0.00350659,40,unmeasured_target_40_models,extrapolation_model_estimate,0.01195978171,6.149091518,6.173011082,0.02486151514,6.136189785,6.185912815,,,,,
114,175,289,Fl,,,6.1734242,0.004000177,40,unmeasured_target_40_models,extrapolation_model_estimate,0.008217462487,6.165206738,6.181641662,0.0181565847,6.155267615,6.191580785,,,,,
114,176,290,Fl,,,6.1748924,0.0036814895,40,unmeasured_target_40_models,extrapolation_model_estimate,0.009684643086,6.165207757,6.184577043,0.02119295172,6.153699448,6.196085352,,,,,
115,172,287,Mc,,,6.14617,0.003777063,40,unmeasured_target_40_models,extrapolation_model_estimate,0.0100314373,6.136138563,6.156201437,0.02152473241,6.124645268,6.167694732,,,,,
115,173,288,Mc,,,6.150217,0.0034482288,40,unmeasured_target_40_models,extrapolation_model_estimate,0.006181519626,6.14403548,6.15639852,0.01307882984,6.13713817,6.16329583,,,,,
115,174,289,Mc,,,6.162316,0.0031828412,40,unmeasured_target_40_models,extrapolation_model_estimate,0.008195264545,6.154120735,6.170511265,0.01841604309,6.143899957,6.180732043,,,,,
115,175,290,Mc,,,6.1742373,0.00395752,40,unmeasured_target_40_models,extrapolation_model_estimate,0.008691970347,6.16554533,6.18292927,0.01911100203,6.155126298,6.193348302,,,,,
116,174,290,Lv,,,6.164192,0.0032068857,40,unmeasured_target_40_models,extrapolation_model_estimate,0.0101200434,6.154071957,6.174312043,0.02231672703,6.141875273,6.186508727,,,,,
116,175,291,Lv,,,6.1773634,0.0036300374,40,unmeasured_target_40_models,extrapolation_model_estimate,0.006490353382,6.170873047,6.183853753,0.01338995241,6.163973448,6.190753352,,,,,
116,176,292,Lv,,,6.1778445,0.0032199465,40,unmeasured_target_40_models,extrapolation_model_estimate,0.008534823046,6.169309677,6.186379323,0.01744196759,6.160402532,6.195286468,,,,,
116,177,293,Lv,,,6.182585,0.0031054653,40,unmeasured_target_40_models,extrapolation_model_estimate,0.007871538732,6.174713461,6.190456539,0.01646697091,6.166118029,6.199051971,,,,,
116,178,294,Lv,,,6.207967,0.0029833445,40,unmeasured_target_40_models,extrapolation_model_estimate,0.01143527278,6.196531727,6.219402273,0.02349999129,6.184467009,6.231466991,,,,,
117,176,293,Ts,,,6.1842017,0.0025425386,40,unmeasured_target_40_models,extrapolation_model_estimate,0.01011897475,6.174082725,6.194320675,0.02200502578,6.162196674,6.206206726,,,,,
117,177,294,Ts,,,6.190469,0.0021231882,40,unmeasured_target_40_models,extrapolation_model_estimate,0.006657783938,6.183811216,6.197126784,0.01392301385,6.176545986,6.204392014,,,,,
118,176,294,Og,,,6.194986,0.003217398,40,unmeasured_target_40_models,extrapolation_model_estimate,0.009419405716,6.185566594,6.204405406,0.02002350055,6.174962499,6.215009501,,,,,
