observable,z,n,partition_seed,fold
charge_radius,11,11,0,2
charge_radius,11,12,0,0
charge_radius,11,13,0,1
charge_radius,11,14,0,2
charge_radius,11,15,0,3
charge_radius,11,16,0,0
charge_radius,11,17,0,2
charge_radius,11,18,0,2
charge_radius,11,19,0,0
charge_radius,11,20,0,4
charge_radius,12,12,0,1
charge_radius,12,13,0,4
charge_radius,12,14,0,1
charge_radius,13,14,0,3
charge_radius,14,14,0,0
charge_radius,14,15,0,2
charge_radius,14,16,0,3
charge_radius,15,16,0,1
charge_radius,16,16,0,1
charge_radius,16,18,0,4
charge_radius,16,20,0,2
charge_radius,17,18,0,1
charge_radius,17,20,0,2
charge_radius,18,14,0,4
charge_radius,18,15,0,3
charge_radius,18,16,0,3
charge_radius,18,17,0,2
charge_radius,18,18,0,0
charge_radius,18,19,0,4
charge_radius,18,20,0,3
charge_radius,18,21,0,0
charge_radius,18,22,0,0
charge_radius,18,23,0,4
charge_radius,18,24,0,3
charge_radius,18,25,0,1
charge_radius,18,26,0,1
charge_radius,18,28,0,4
charge_radius,19,19,0,1
charge_radius,19,20,0,2
charge_radius,19,21,0,1
charge_radius,19,22,0,0
charge_radius,19,23,0,4
charge_radius,19,24,0,4
charge_radius,19,25,0,4
charge_radius,19,26,0,3
charge_radius,19,27,0,0
charge_radius,19,28,0,2
charge_radius,20,19,0,4
charge_radius,20,20,0,1
charge_radius,20,21,0,1
charge_radius,20,22,0,1
charge_radius,20,23,0,2
charge_radius,20,24,0,1
charge_radius,20,25,0,4
charge_radius,20,26,0,0
charge_radius,20,27,0,0
charge_radius,20,28,0,2
charge_radius,20,30,0,4
charge_radius,21,21,0,4
charge_radius,21,22,0,3
charge_radius,21,23,0,0
charge_radius,21,24,0,3
charge_radius,21,25,0,0
charge_radius,22,22,0,2
charge_radius,22,23,0,1
charge_radius,22,24,0,2
charge_radius,22,25,0,1
charge_radius,22,26,0,3
charge_radius,22,27,0,1
charge_radius,22,28,0,3
charge_radius,23,28,0,4
charge_radius,24,26,0,1
charge_radius,24,28,0,4
charge_radius,24,29,0,3
charge_radius,24,30,0,2
charge_radius,25,25,0,0
charge_radius,25,26,0,1
charge_radius,25,27,0,0
charge_radius,25,28,0,1
charge_radius,25,29,0,0
charge_radius,25,30,0,4
charge_radius,25,31,0,1
charge_radius,26,28,0,4
charge_radius,26,30,0,3
charge_radius,26,31,0,4
charge_radius,26,32,0,0
charge_radius,27,32,0,4
charge_radius,28,30,0,4
charge_radius,28,32,0,3
charge_radius,28,33,0,2
charge_radius,28,34,0,2
charge_radius,28,36,0,4
charge_radius,29,34,0,1
charge_radius,29,36,0,3
charge_radius,30,34,0,4
charge_radius,30,36,0,4
charge_radius,30,37,0,2
charge_radius,30,38,0,0
charge_radius,30,40,0,4
charge_radius,31,38,0,4
charge_radius,31,40,0,1
charge_radius,32,38,0,0
charge_radius,32,40,0,2
charge_radius,32,41,0,0
charge_radius,32,42,0,2
charge_radius,32,44,0,2
charge_radius,33,42,0,3
charge_radius,34,40,0,2
charge_radius,34,42,0,2
charge_radius,34,43,0,1
charge_radius,34,44,0,3
charge_radius,34,46,0,3
charge_radius,34,48,0,2
charge_radius,35,44,0,0
charge_radius,35,46,0,3
charge_radius,36,36,0,4
charge_radius,36,38,0,1
charge_radius,36,39,0,3
charge_radius,36,40,0,1
charge_radius,36,41,0,4
charge_radius,36,42,0,3
charge_radius,36,43,0,3
charge_radius,36,44,0,1
charge_radius,36,45,0,4
charge_radius,36,46,0,1
charge_radius,36,47,0,2
charge_radius,36,48,0,2
charge_radius,36,49,0,1
charge_radius,36,50,0,4
charge_radius,36,51,0,3
charge_radius,36,52,0,4
charge_radius,36,53,0,4
charge_radius,36,54,0,2
charge_radius,36,55,0,2
charge_radius,36,56,0,2
charge_radius,36,57,0,2
charge_radius,36,58,0,3
charge_radius,36,59,0,2
charge_radius,36,60,0,3
charge_radius,37,39,0,4
charge_radius,37,40,0,0
charge_radius,37,41,0,0
charge_radius,37,42,0,0
charge_radius,37,43,0,4
charge_radius,37,44,0,0
charge_radius,37,45,0,0
charge_radius,37,46,0,3
charge_radius,37,47,0,4
charge_radius,37,48,0,4
charge_radius,37,49,0,3
charge_radius,37,50,0,0
charge_radius,37,51,0,4
charge_radius,37,52,0,3
charge_radius,37,53,0,2
charge_radius,37,54,0,1
charge_radius,37,55,0,1
charge_radius,37,56,0,1
charge_radius,37,57,0,1
charge_radius,37,58,0,0
charge_radius,37,59,0,1
charge_radius,37,60,0,3
charge_radius,37,61,0,1
charge_radius,38,39,0,0
charge_radius,38,40,0,3
charge_radius,38,41,0,3
charge_radius,38,42,0,1
charge_radius,38,43,0,3
charge_radius,38,44,0,1
charge_radius,38,45,0,3
charge_radius,38,46,0,4
charge_radius,38,47,0,1
charge_radius,38,48,0,2
charge_radius,38,49,0,0
charge_radius,38,50,0,2
charge_radius,38,51,0,4
charge_radius,38,52,0,0
charge_radius,38,53,0,3
charge_radius,38,54,0,4
charge_radius,38,55,0,2
charge_radius,38,56,0,2
charge_radius,38,57,0,4
charge_radius,38,58,0,0
charge_radius,38,59,0,4
charge_radius,38,60,0,4
charge_radius,38,61,0,4
charge_radius,38,62,0,2
charge_radius,39,47,0,2
charge_radius,39,48,0,1
charge_radius,39,49,0,1
charge_radius,39,50,0,3
charge_radius,39,51,0,2
charge_radius,39,53,0,3
charge_radius,39,54,0,4
charge_radius,39,55,0,0
charge_radius,39,56,0,2
charge_radius,39,57,0,3
charge_radius,39,58,0,0
charge_radius,39,59,0,4
charge_radius,39,60,0,1
charge_radius,39,61,0,3
charge_radius,39,62,0,0
charge_radius,39,63,0,4
charge_radius,40,47,0,0
charge_radius,40,48,0,4
charge_radius,40,49,0,0
charge_radius,40,50,0,2
charge_radius,40,51,0,2
charge_radius,40,52,0,3
charge_radius,40,54,0,2
charge_radius,40,56,0,4
charge_radius,40,57,0,1
charge_radius,40,58,0,1
charge_radius,40,59,0,3
charge_radius,40,60,0,2
charge_radius,40,61,0,1
charge_radius,40,62,0,0
charge_radius,41,49,0,3
charge_radius,41,50,0,3
charge_radius,41,51,0,2
charge_radius,41,52,0,3
charge_radius,41,58,0,1
charge_radius,41,60,0,3
charge_radius,41,62,0,1
charge_radius,42,48,0,2
charge_radius,42,49,0,2
charge_radius,42,50,0,2
charge_radius,42,52,0,4
charge_radius,42,53,0,4
charge_radius,42,54,0,3
charge_radius,42,55,0,1
charge_radius,42,56,0,0
charge_radius,42,58,0,0
charge_radius,42,60,0,3
charge_radius,42,61,0,2
charge_radius,42,62,0,3
charge_radius,42,63,0,1
charge_radius,42,64,0,0
charge_radius,42,66,0,2
charge_radius,44,52,0,1
charge_radius,44,54,0,1
charge_radius,44,55,0,0
charge_radius,44,56,0,1
charge_radius,44,57,0,1
charge_radius,44,58,0,1
charge_radius,44,60,0,4
charge_radius,45,58,0,2
charge_radius,46,56,0,2
charge_radius,46,58,0,1
charge_radius,46,59,0,4
charge_radius,46,60,0,1
charge_radius,46,62,0,1
charge_radius,46,64,0,0
charge_radius,47,54,0,0
charge_radius,47,56,0,1
charge_radius,47,57,0,3
charge_radius,47,58,0,1
charge_radius,47,60,0,4
charge_radius,47,62,0,4
charge_radius,48,54,0,0
charge_radius,48,55,0,2
charge_radius,48,56,0,4
charge_radius,48,57,0,0
charge_radius,48,58,0,0
charge_radius,48,59,0,0
charge_radius,48,60,0,1
charge_radius,48,61,0,4
charge_radius,48,62,0,0
charge_radius,48,63,0,0
charge_radius,48,64,0,1
charge_radius,48,65,0,4
charge_radius,48,66,0,0
charge_radius,48,67,0,0
charge_radius,48,68,0,0
charge_radius,48,69,0,4
charge_radius,48,70,0,3
charge_radius,48,72,0,4
charge_radius,49,55,0,3
charge_radius,49,56,0,4
charge_radius,49,57,0,0
charge_radius,49,58,0,0
charge_radius,49,59,0,4
charge_radius,49,60,0,3
charge_radius,49,61,0,3
charge_radius,49,62,0,1
charge_radius,49,63,0,3
charge_radius,49,64,0,1
charge_radius,49,65,0,4
charge_radius,49,66,0,3
charge_radius,49,67,0,4
charge_radius,49,68,0,3
charge_radius,49,69,0,3
charge_radius,49,70,0,4
charge_radius,49,71,0,4
charge_radius,49,72,0,0
charge_radius,49,73,0,0
charge_radius,49,74,0,2
charge_radius,49,75,0,4
charge_radius,49,76,0,3
charge_radius,49,77,0,2
charge_radius,49,78,0,0
charge_radius,50,58,0,3
charge_radius,50,59,0,1
charge_radius,50,60,0,2
charge_radius,50,61,0,2
charge_radius,50,62,0,1
charge_radius,50,63,0,4
charge_radius,50,64,0,1
charge_radius,50,65,0,4
charge_radius,50,66,0,0
charge_radius,50,67,0,2
charge_radius,50,68,0,0
charge_radius,50,69,0,0
charge_radius,50,70,0,1
charge_radius,50,71,0,2
charge_radius,50,72,0,4
charge_radius,50,73,0,2
charge_radius,50,74,0,1
charge_radius,50,75,0,1
charge_radius,50,76,0,0
charge_radius,50,77,0,0
charge_radius,50,78,0,0
charge_radius,50,79,0,4
charge_radius,50,80,0,3
charge_radius,50,81,0,4
charge_radius,50,82,0,4
charge_radius,51,70,0,2
charge_radius,51,72,0,3
charge_radius,52,64,0,2
charge_radius,52,66,0,4
charge_radius,52,68,0,3
charge_radius,52,70,0,2
charge_radius,52,71,0,0
charge_radius,52,72,0,2
charge_radius,52,73,0,0
charge_radius,52,74,0,1
charge_radius,52,76,0,4
charge_radius,52,78,0,3
charge_radius,52,80,0,0
charge_radius,52,82,0,1
charge_radius,52,84,0,2
charge_radius,53,74,0,3
charge_radius,54,62,0,3
charge_radius,54,64,0,2
charge_radius,54,66,0,2
charge_radius,54,68,0,0
charge_radius,54,70,0,0
charge_radius,54,72,0,0
charge_radius,54,73,0,3
charge_radius,54,74,0,3
charge_radius,54,75,0,3
charge_radius,54,76,0,0
charge_radius,54,77,0,0
charge_radius,54,78,0,0
charge_radius,54,79,0,2
charge_radius,54,80,0,2
charge_radius,54,82,0,2
charge_radius,54,83,0,1
charge_radius,54,84,0,3
charge_radius,54,85,0,0
charge_radius,54,86,0,4
charge_radius,54,87,0,2
charge_radius,54,88,0,2
charge_radius,54,89,0,1
charge_radius,54,90,0,0
charge_radius,54,92,0,0
charge_radius,55,63,0,2
charge_radius,55,64,0,0
charge_radius,55,65,0,1
charge_radius,55,66,0,4
charge_radius,55,67,0,2
charge_radius,55,68,0,4
charge_radius,55,69,0,4
charge_radius,55,70,0,0
charge_radius,55,71,0,4
charge_radius,55,72,0,0
charge_radius,55,73,0,2
charge_radius,55,74,0,3
charge_radius,55,75,0,4
charge_radius,55,76,0,0
charge_radius,55,77,0,1
charge_radius,55,78,0,0
charge_radius,55,79,0,3
charge_radius,55,80,0,0
charge_radius,55,81,0,4
charge_radius,55,82,0,2
charge_radius,55,83,0,2
charge_radius,55,84,0,0
charge_radius,55,85,0,4
charge_radius,55,86,0,4
charge_radius,55,87,0,1
charge_radius,55,88,0,1
charge_radius,55,89,0,1
charge_radius,55,90,0,2
charge_radius,55,91,0,3
charge_radius,56,64,0,3
charge_radius,56,65,0,2
charge_radius,56,66,0,4
charge_radius,56,67,0,2
charge_radius,56,68,0,4
charge_radius,56,69,0,1
charge_radius,56,70,0,2
charge_radius,56,71,0,1
charge_radius,56,72,0,1
charge_radius,56,73,0,0
charge_radius,56,74,0,2
charge_radius,56,75,0,3
charge_radius,56,76,0,0
charge_radius,56,77,0,2
charge_radius,56,78,0,1
charge_radius,56,79,0,1
charge_radius,56,80,0,4
charge_radius,56,81,0,4
charge_radius,56,82,0,1
charge_radius,56,83,0,0
charge_radius,56,84,0,3
charge_radius,56,85,0,2
charge_radius,56,86,0,1
charge_radius,56,87,0,2
charge_radius,56,88,0,1
charge_radius,56,89,0,2
charge_radius,56,90,0,2
charge_radius,56,92,0,3
charge_radius,57,78,0,1
charge_radius,57,80,0,4
charge_radius,57,81,0,1
charge_radius,57,82,0,1
charge_radius,58,78,0,3
charge_radius,58,80,0,2
charge_radius,58,82,0,2
charge_radius,58,84,0,3
charge_radius,58,86,0,4
charge_radius,58,88,0,4
charge_radius,58,90,0,2
charge_radius,59,82,0,3
charge_radius,60,72,0,1
charge_radius,60,74,0,2
charge_radius,60,75,0,1
charge_radius,60,76,0,3
charge_radius,60,77,0,3
charge_radius,60,78,0,0
charge_radius,60,79,0,0
charge_radius,60,80,0,2
charge_radius,60,81,0,4
charge_radius,60,82,0,0
charge_radius,60,83,0,4
charge_radius,60,84,0,3
charge_radius,60,85,0,3
charge_radius,60,86,0,1
charge_radius,60,88,0,4
charge_radius,60,90,0,3
charge_radius,62,76,0,4
charge_radius,62,77,0,1
charge_radius,62,78,0,1
charge_radius,62,79,0,0
charge_radius,62,80,0,2
charge_radius,62,81,0,3
charge_radius,62,82,0,1
charge_radius,62,83,0,1
charge_radius,62,84,0,0
charge_radius,62,85,0,4
charge_radius,62,86,0,0
charge_radius,62,87,0,4
charge_radius,62,88,0,0
charge_radius,62,89,0,3
charge_radius,62,90,0,3
charge_radius,62,91,0,1
charge_radius,62,92,0,0
charge_radius,63,74,0,0
charge_radius,63,75,0,2
charge_radius,63,76,0,3
charge_radius,63,77,0,3
charge_radius,63,78,0,1
charge_radius,63,79,0,4
charge_radius,63,80,0,2
charge_radius,63,81,0,0
charge_radius,63,82,0,2
charge_radius,63,83,0,2
charge_radius,63,84,0,1
charge_radius,63,85,0,1
charge_radius,63,86,0,0
charge_radius,63,87,0,3
charge_radius,63,88,0,2
charge_radius,63,89,0,2
charge_radius,63,90,0,2
charge_radius,63,91,0,1
charge_radius,63,92,0,1
charge_radius,63,93,0,4
charge_radius,63,94,0,0
charge_radius,63,95,0,4
charge_radius,63,96,0,1
charge_radius,64,81,0,3
charge_radius,64,82,0,0
charge_radius,64,84,0,0
charge_radius,64,86,0,1
charge_radius,64,88,0,2
charge_radius,64,90,0,2
charge_radius,64,91,0,1
charge_radius,64,92,0,2
charge_radius,64,93,0,3
charge_radius,64,94,0,1
charge_radius,64,96,0,2
charge_radius,65,82,0,0
charge_radius,65,83,0,2
charge_radius,65,84,0,1
charge_radius,65,85,0,3
charge_radius,65,86,0,0
charge_radius,65,87,0,2
charge_radius,65,88,0,3
charge_radius,65,89,0,3
charge_radius,65,90,0,3
charge_radius,65,92,0,4
charge_radius,65,94,0,1
charge_radius,66,80,0,4
charge_radius,66,82,0,1
charge_radius,66,83,0,3
charge_radius,66,84,0,4
charge_radius,66,85,0,2
charge_radius,66,86,0,3
charge_radius,66,87,0,0
charge_radius,66,88,0,0
charge_radius,66,89,0,0
charge_radius,66,90,0,0
charge_radius,66,91,0,1
charge_radius,66,92,0,2
charge_radius,66,93,0,1
charge_radius,66,94,0,3
charge_radius,66,95,0,0
charge_radius,66,96,0,2
charge_radius,66,97,0,4
charge_radius,66,98,0,0
charge_radius,67,84,0,0
charge_radius,67,85,0,0
charge_radius,67,86,0,2
charge_radius,67,87,0,0
charge_radius,67,88,0,3
charge_radius,67,89,0,1
charge_radius,67,90,0,3
charge_radius,67,91,0,4
charge_radius,67,92,0,1
charge_radius,67,93,0,3
charge_radius,67,94,0,3
charge_radius,67,95,0,3
charge_radius,67,96,0,1
charge_radius,67,98,0,4
charge_radius,68,82,0,4
charge_radius,68,84,0,2
charge_radius,68,86,0,2
charge_radius,68,88,0,3
charge_radius,68,90,0,1
charge_radius,68,92,0,2
charge_radius,68,94,0,4
charge_radius,68,96,0,4
charge_radius,68,98,0,3
charge_radius,68,99,0,0
charge_radius,68,100,0,4
charge_radius,68,102,0,4
charge_radius,69,84,0,3
charge_radius,69,85,0,2
charge_radius,69,87,0,1
charge_radius,69,88,0,4
charge_radius,69,89,0,4
charge_radius,69,90,0,1
charge_radius,69,91,0,4
charge_radius,69,92,0,3
charge_radius,69,93,0,1
charge_radius,69,94,0,4
charge_radius,69,95,0,0
charge_radius,69,96,0,1
charge_radius,69,97,0,3
charge_radius,69,98,0,2
charge_radius,69,99,0,3
charge_radius,69,100,0,0
charge_radius,69,101,0,2
charge_radius,69,102,0,0
charge_radius,69,103,0,4
charge_radius,70,82,0,3
charge_radius,70,84,0,3
charge_radius,70,85,0,0
charge_radius,70,86,0,2
charge_radius,70,87,0,3
charge_radius,70,88,0,2
charge_radius,70,89,0,4
charge_radius,70,90,0,1
charge_radius,70,91,0,0
charge_radius,70,92,0,3
charge_radius,70,93,0,1
charge_radius,70,94,0,1
charge_radius,70,95,0,3
charge_radius,70,96,0,3
charge_radius,70,97,0,4
charge_radius,70,98,0,2
charge_radius,70,99,0,3
charge_radius,70,100,0,0
charge_radius,70,101,0,2
charge_radius,70,102,0,4
charge_radius,70,103,0,3
charge_radius,70,104,0,2
charge_radius,70,105,0,1
charge_radius,70,106,0,4
charge_radius,71,90,0,4
charge_radius,71,91,0,4
charge_radius,71,92,0,2
charge_radius,71,93,0,0
charge_radius,71,94,0,2
charge_radius,71,95,0,1
charge_radius,71,96,0,1
charge_radius,71,97,0,4
charge_radius,71,98,0,4
charge_radius,71,99,0,2
charge_radius,71,100,0,1
charge_radius,71,101,0,4
charge_radius,71,102,0,4
charge_radius,71,103,0,1
charge_radius,71,104,0,0
charge_radius,71,105,0,2
charge_radius,71,106,0,2
charge_radius,71,107,0,3
charge_radius,71,108,0,4
charge_radius,72,98,0,1
charge_radius,72,99,0,3
charge_radius,72,100,0,0
charge_radius,72,101,0,4
charge_radius,72,102,0,3
charge_radius,72,103,0,3
charge_radius,72,104,0,0
charge_radius,72,105,0,1
charge_radius,72,106,0,2
charge_radius,72,107,0,3
charge_radius,72,108,0,2
charge_radius,72,110,0,4
charge_radius,73,108,0,1
charge_radius,74,106,0,1
charge_radius,74,108,0,1
charge_radius,74,109,0,4
charge_radius,74,110,0,3
charge_radius,74,112,0,2
charge_radius,75,110,0,3
charge_radius,75,112,0,4
charge_radius,76,108,0,1
charge_radius,76,110,0,4
charge_radius,76,111,0,0
charge_radius,76,112,0,0
charge_radius,76,113,0,2
charge_radius,76,114,0,0
charge_radius,76,116,0,0
charge_radius,77,105,0,3
charge_radius,77,106,0,1
charge_radius,77,107,0,2
charge_radius,77,108,0,3
charge_radius,77,109,0,3
charge_radius,77,110,0,0
charge_radius,77,111,0,3
charge_radius,77,112,0,1
charge_radius,77,114,0,0
charge_radius,77,116,0,1
charge_radius,78,100,0,0
charge_radius,78,101,0,2
charge_radius,78,102,0,0
charge_radius,78,103,0,2
charge_radius,78,104,0,4
charge_radius,78,105,0,4
charge_radius,78,106,0,2
charge_radius,78,107,0,3
charge_radius,78,108,0,0
charge_radius,78,109,0,0
charge_radius,78,110,0,2
charge_radius,78,111,0,1
charge_radius,78,112,0,0
charge_radius,78,113,0,3
charge_radius,78,114,0,0
charge_radius,78,115,0,2
charge_radius,78,116,0,1
charge_radius,78,117,0,3
charge_radius,78,118,0,3
charge_radius,78,120,0,0
charge_radius,79,104,0,4
charge_radius,79,105,0,0
charge_radius,79,106,0,4
charge_radius,79,107,0,1
charge_radius,79,108,0,0
charge_radius,79,109,0,1
charge_radius,79,110,0,1
charge_radius,79,111,0,3
charge_radius,79,112,0,0
charge_radius,79,113,0,4
charge_radius,79,114,0,2
charge_radius,79,115,0,2
charge_radius,79,116,0,0
charge_radius,79,117,0,0
charge_radius,79,118,0,1
charge_radius,79,119,0,4
charge_radius,79,120,0,0
charge_radius,80,101,0,1
charge_radius,80,102,0,2
charge_radius,80,103,0,3
charge_radius,80,104,0,0
charge_radius,80,105,0,0
charge_radius,80,106,0,4
charge_radius,80,107,0,1
charge_radius,80,108,0,4
charge_radius,80,109,0,0
charge_radius,80,110,0,3
charge_radius,80,111,0,1
charge_radius,80,112,0,2
charge_radius,80,113,0,2
charge_radius,80,114,0,4
charge_radius,80,115,0,1
charge_radius,80,116,0,4
charge_radius,80,117,0,1
charge_radius,80,118,0,4
charge_radius,80,119,0,1
charge_radius,80,120,0,2
charge_radius,80,121,0,3
charge_radius,80,122,0,0
charge_radius,80,123,0,4
charge_radius,80,124,0,2
charge_radius,80,125,0,0
charge_radius,80,126,0,2
charge_radius,81,107,0,3
charge_radius,81,109,0,4
charge_radius,81,110,0,1
charge_radius,81,111,0,2
charge_radius,81,112,0,1
charge_radius,81,113,0,4
charge_radius,81,114,0,0
charge_radius,81,115,0,2
charge_radius,81,116,0,2
charge_radius,81,117,0,3
charge_radius,81,118,0,3
charge_radius,81,119,0,3
charge_radius,81,120,0,3
charge_radius,81,121,0,3
charge_radius,81,122,0,0
charge_radius,81,123,0,3
charge_radius,81,124,0,4
charge_radius,81,126,0,1
charge_radius,81,127,0,3
charge_radius,82,100,0,2
charge_radius,82,101,0,2
charge_radius,82,102,0,4
charge_radius,82,103,0,3
charge_radius,82,104,0,3
charge_radius,82,105,0,3
charge_radius,82,106,0,2
charge_radius,82,107,0,2
charge_radius,82,108,0,0
charge_radius,82,109,0,0
charge_radius,82,110,0,2
charge_radius,82,111,0,0
charge_radius,82,112,0,3
charge_radius,82,113,0,0
charge_radius,82,114,0,1
charge_radius,82,115,0,3
charge_radius,82,116,0,0
charge_radius,82,117,0,4
charge_radius,82,118,0,4
charge_radius,82,119,0,4
charge_radius,82,120,0,3
charge_radius,82,121,0,4
charge_radius,82,122,0,3
charge_radius,82,123,0,1
charge_radius,82,124,0,2
charge_radius,82,125,0,2
charge_radius,82,126,0,4
charge_radius,82,127,0,1
charge_radius,82,128,0,3
charge_radius,82,129,0,0
charge_radius,82,130,0,0
charge_radius,82,132,0,3
charge_radius,83,119,0,2
charge_radius,83,120,0,1
charge_radius,83,121,0,2
charge_radius,83,122,0,1
charge_radius,83,123,0,3
charge_radius,83,124,0,4
charge_radius,83,125,0,3
charge_radius,83,126,0,2
charge_radius,83,127,0,4
charge_radius,83,129,0,4
charge_radius,83,130,0,4
charge_radius,84,108,0,1
charge_radius,84,110,0,1
charge_radius,84,112,0,2
charge_radius,84,114,0,3
charge_radius,84,116,0,0
charge_radius,84,118,0,1
charge_radius,84,120,0,0
charge_radius,84,121,0,3
charge_radius,84,122,0,2
charge_radius,84,123,0,1
charge_radius,84,124,0,3
charge_radius,84,125,0,1
charge_radius,84,126,0,1
charge_radius,84,132,0,2
charge_radius,84,134,0,2
charge_radius,86,116,0,3
charge_radius,86,118,0,0
charge_radius,86,119,0,4
charge_radius,86,120,0,0
charge_radius,86,121,0,2
charge_radius,86,122,0,1
charge_radius,86,123,0,1
charge_radius,86,124,0,4
charge_radius,86,125,0,0
charge_radius,86,126,0,4
charge_radius,86,132,0,3
charge_radius,86,133,0,3
charge_radius,86,134,0,4
charge_radius,86,135,0,0
charge_radius,86,136,0,3
charge_radius,87,120,0,4
charge_radius,87,121,0,4
charge_radius,87,122,0,0
charge_radius,87,123,0,1
charge_radius,87,124,0,0
charge_radius,87,125,0,3
charge_radius,87,126,0,2
charge_radius,87,133,0,4
charge_radius,87,134,0,0
charge_radius,87,135,0,0
charge_radius,87,136,0,3
charge_radius,87,137,0,4
charge_radius,87,138,0,1
charge_radius,87,139,0,4
charge_radius,87,140,0,2
charge_radius,87,141,0,2
charge_radius,88,120,0,1
charge_radius,88,121,0,3
charge_radius,88,122,0,3
charge_radius,88,123,0,0
charge_radius,88,124,0,1
charge_radius,88,125,0,4
charge_radius,88,126,0,1
charge_radius,88,132,0,1
charge_radius,88,133,0,4
charge_radius,88,134,0,4
charge_radius,88,135,0,0
charge_radius,88,136,0,4
charge_radius,88,137,0,2
charge_radius,88,138,0,0
charge_radius,88,139,0,2
charge_radius,88,140,0,3
charge_radius,88,141,0,2
charge_radius,88,142,0,0
charge_radius,88,144,0,4
charge_radius,90,137,0,3
charge_radius,90,138,0,3
charge_radius,90,139,0,0
charge_radius,90,140,0,4
charge_radius,90,142,0,3
charge_radius,92,141,0,2
charge_radius,92,142,0,4
charge_radius,92,143,0,2
charge_radius,92,144,0,1
charge_radius,92,146,0,2
charge_radius,94,144,0,1
charge_radius,94,145,0,2
charge_radius,94,146,0,0
charge_radius,94,147,0,3
charge_radius,94,148,0,1
charge_radius,94,150,0,1
charge_radius,95,146,0,0
charge_radius,95,148,0,3
charge_radius,96,146,0,2
charge_radius,96,148,0,0
charge_radius,96,149,0,0
charge_radius,96,150,0,2
charge_radius,96,152,0,1
charge_radius,11,11,1,1
charge_radius,11,12,1,3
charge_radius,11,13,1,2
charge_radius,11,14,1,0
charge_radius,11,15,1,2
charge_radius,11,16,1,2
charge_radius,11,17,1,2
charge_radius,11,18,1,4
charge_radius,11,19,1,0
charge_radius,11,20,1,2
charge_radius,12,12,1,4
charge_radius,12,13,1,1
charge_radius,12,14,1,2
charge_radius,13,14,1,1
charge_radius,14,14,1,1
charge_radius,14,15,1,4
charge_radius,14,16,1,0
charge_radius,15,16,1,0
charge_radius,16,16,1,2
charge_radius,16,18,1,0
charge_radius,16,20,1,4
charge_radius,17,18,1,3
charge_radius,17,20,1,4
charge_radius,18,14,1,0
charge_radius,18,15,1,3
charge_radius,18,16,1,4
charge_radius,18,17,1,4
charge_radius,18,18,1,2
charge_radius,18,19,1,3
charge_radius,18,20,1,1
charge_radius,18,21,1,2
charge_radius,18,22,1,1
charge_radius,18,23,1,3
charge_radius,18,24,1,2
charge_radius,18,25,1,0
charge_radius,18,26,1,1
charge_radius,18,28,1,3
charge_radius,19,19,1,4
charge_radius,19,20,1,2
charge_radius,19,21,1,2
charge_radius,19,22,1,1
charge_radius,19,23,1,1
charge_radius,19,24,1,2
charge_radius,19,25,1,4
charge_radius,19,26,1,3
charge_radius,19,27,1,1
charge_radius,19,28,1,1
charge_radius,20,19,1,0
charge_radius,20,20,1,3
charge_radius,20,21,1,0
charge_radius,20,22,1,0
charge_radius,20,23,1,3
charge_radius,20,24,1,2
charge_radius,20,25,1,3
charge_radius,20,26,1,1
charge_radius,20,27,1,3
charge_radius,20,28,1,0
charge_radius,20,30,1,1
charge_radius,21,21,1,2
charge_radius,21,22,1,0
charge_radius,21,23,1,0
charge_radius,21,24,1,1
charge_radius,21,25,1,1
charge_radius,22,22,1,3
charge_radius,22,23,1,4
charge_radius,22,24,1,0
charge_radius,22,25,1,1
charge_radius,22,26,1,2
charge_radius,22,27,1,1
charge_radius,22,28,1,0
charge_radius,23,28,1,3
charge_radius,24,26,1,4
charge_radius,24,28,1,4
charge_radius,24,29,1,0
charge_radius,24,30,1,1
charge_radius,25,25,1,4
charge_radius,25,26,1,1
charge_radius,25,27,1,4
charge_radius,25,28,1,2
charge_radius,25,29,1,3
charge_radius,25,30,1,2
charge_radius,25,31,1,0
charge_radius,26,28,1,1
charge_radius,26,30,1,3
charge_radius,26,31,1,0
charge_radius,26,32,1,0
charge_radius,27,32,1,4
charge_radius,28,30,1,4
charge_radius,28,32,1,1
charge_radius,28,33,1,1
charge_radius,28,34,1,0
charge_radius,28,36,1,1
charge_radius,29,34,1,1
charge_radius,29,36,1,3
charge_radius,30,34,1,0
charge_radius,30,36,1,1
charge_radius,30,37,1,4
charge_radius,30,38,1,2
charge_radius,30,40,1,2
charge_radius,31,38,1,2
charge_radius,31,40,1,3
charge_radius,32,38,1,0
charge_radius,32,40,1,2
charge_radius,32,41,1,1
charge_radius,32,42,1,1
charge_radius,32,44,1,3
charge_radius,33,42,1,0
charge_radius,34,40,1,0
charge_radius,34,42,1,1
charge_radius,34,43,1,3
charge_radius,34,44,1,2
charge_radius,34,46,1,0
charge_radius,34,48,1,3
charge_radius,35,44,1,3
charge_radius,35,46,1,1
charge_radius,36,36,1,3
charge_radius,36,38,1,1
charge_radius,36,39,1,0
charge_radius,36,40,1,1
charge_radius,36,41,1,0
charge_radius,36,42,1,0
charge_radius,36,43,1,0
charge_radius,36,44,1,2
charge_radius,36,45,1,3
charge_radius,36,46,1,2
charge_radius,36,47,1,1
charge_radius,36,48,1,4
charge_radius,36,49,1,3
charge_radius,36,50,1,2
charge_radius,36,51,1,4
charge_radius,36,52,1,4
charge_radius,36,53,1,3
charge_radius,36,54,1,1
charge_radius,36,55,1,2
charge_radius,36,56,1,1
charge_radius,36,57,1,1
charge_radius,36,58,1,3
charge_radius,36,59,1,3
charge_radius,36,60,1,3
charge_radius,37,39,1,1
charge_radius,37,40,1,4
charge_radius,37,41,1,4
charge_radius,37,42,1,2
charge_radius,37,43,1,3
charge_radius,37,44,1,4
charge_radius,37,45,1,3
charge_radius,37,46,1,1
charge_radius,37,47,1,1
charge_radius,37,48,1,0
charge_radius,37,49,1,4
charge_radius,37,50,1,3
charge_radius,37,51,1,4
charge_radius,37,52,1,4
charge_radius,37,53,1,2
charge_radius,37,54,1,0
charge_radius,37,55,1,4
charge_radius,37,56,1,2
charge_radius,37,57,1,2
charge_radius,37,58,1,3
charge_radius,37,59,1,1
charge_radius,37,60,1,1
charge_radius,37,61,1,1
charge_radius,38,39,1,2
charge_radius,38,40,1,3
charge_radius,38,41,1,3
charge_radius,38,42,1,2
charge_radius,38,43,1,4
charge_radius,38,44,1,3
charge_radius,38,45,1,2
charge_radius,38,46,1,3
charge_radius,38,47,1,4
charge_radius,38,48,1,3
charge_radius,38,49,1,1
charge_radius,38,50,1,1
charge_radius,38,51,1,3
charge_radius,38,52,1,0
charge_radius,38,53,1,4
charge_radius,38,54,1,2
charge_radius,38,55,1,4
charge_radius,38,56,1,2
charge_radius,38,57,1,0
charge_radius,38,58,1,0
charge_radius,38,59,1,3
charge_radius,38,60,1,4
charge_radius,38,61,1,1
charge_radius,38,62,1,0
charge_radius,39,47,1,2
charge_radius,39,48,1,0
charge_radius,39,49,1,3
charge_radius,39,50,1,0
charge_radius,39,51,1,4
charge_radius,39,53,1,2
charge_radius,39,54,1,2
charge_radius,39,55,1,4
charge_radius,39,56,1,0
charge_radius,39,57,1,0
charge_radius,39,58,1,4
charge_radius,39,59,1,2
charge_radius,39,60,1,4
charge_radius,39,61,1,3
charge_radius,39,62,1,2
charge_radius,39,63,1,0
charge_radius,40,47,1,1
charge_radius,40,48,1,2
charge_radius,40,49,1,1
charge_radius,40,50,1,0
charge_radius,40,51,1,3
charge_radius,40,52,1,0
charge_radius,40,54,1,3
charge_radius,40,56,1,4
charge_radius,40,57,1,4
charge_radius,40,58,1,3
charge_radius,40,59,1,3
charge_radius,40,60,1,3
charge_radius,40,61,1,1
charge_radius,40,62,1,4
charge_radius,41,49,1,0
charge_radius,41,50,1,2
charge_radius,41,51,1,0
charge_radius,41,52,1,3
charge_radius,41,58,1,2
charge_radius,41,60,1,1
charge_radius,41,62,1,3
charge_radius,42,48,1,0
charge_radius,42,49,1,1
charge_radius,42,50,1,2
charge_radius,42,52,1,1
charge_radius,42,53,1,2
charge_radius,42,54,1,0
charge_radius,42,55,1,3
charge_radius,42,56,1,3
charge_radius,42,58,1,4
charge_radius,42,60,1,2
charge_radius,42,61,1,1
charge_radius,42,62,1,3
charge_radius,42,63,1,4
charge_radius,42,64,1,2
charge_radius,42,66,1,2
charge_radius,44,52,1,0
charge_radius,44,54,1,1
charge_radius,44,55,1,3
charge_radius,44,56,1,1
charge_radius,44,57,1,0
charge_radius,44,58,1,4
charge_radius,44,60,1,1
charge_radius,45,58,1,0
charge_radius,46,56,1,1
charge_radius,46,58,1,1
charge_radius,46,59,1,1
charge_radius,46,60,1,3
charge_radius,46,62,1,2
charge_radius,46,64,1,3
charge_radius,47,54,1,4
charge_radius,47,56,1,4
charge_radius,47,57,1,4
charge_radius,47,58,1,1
charge_radius,47,60,1,3
charge_radius,47,62,1,0
charge_radius,48,54,1,0
charge_radius,48,55,1,2
charge_radius,48,56,1,2
charge_radius,48,57,1,2
charge_radius,48,58,1,1
charge_radius,48,59,1,4
charge_radius,48,60,1,4
charge_radius,48,61,1,1
charge_radius,48,62,1,4
charge_radius,48,63,1,2
charge_radius,48,64,1,0
charge_radius,48,65,1,4
charge_radius,48,66,1,3
charge_radius,48,67,1,3
charge_radius,48,68,1,2
charge_radius,48,69,1,1
charge_radius,48,70,1,1
charge_radius,48,72,1,3
charge_radius,49,55,1,4
charge_radius,49,56,1,1
charge_radius,49,57,1,4
charge_radius,49,58,1,4
charge_radius,49,59,1,2
charge_radius,49,60,1,4
charge_radius,49,61,1,4
charge_radius,49,62,1,2
charge_radius,49,63,1,2
charge_radius,49,64,1,1
charge_radius,49,65,1,0
charge_radius,49,66,1,3
charge_radius,49,67,1,4
charge_radius,49,68,1,0
charge_radius,49,69,1,3
charge_radius,49,70,1,0
charge_radius,49,71,1,2
charge_radius,49,72,1,2
charge_radius,49,73,1,0
charge_radius,49,74,1,3
charge_radius,49,75,1,3
charge_radius,49,76,1,4
charge_radius,49,77,1,0
charge_radius,49,78,1,1
charge_radius,50,58,1,3
charge_radius,50,59,1,0
charge_radius,50,60,1,4
charge_radius,50,61,1,3
charge_radius,50,62,1,2
charge_radius,50,63,1,1
charge_radius,50,64,1,2
charge_radius,50,65,1,0
charge_radius,50,66,1,3
charge_radius,50,67,1,0
charge_radius,50,68,1,2
charge_radius,50,69,1,0
charge_radius,50,70,1,2
charge_radius,50,71,1,4
charge_radius,50,72,1,0
charge_radius,50,73,1,3
charge_radius,50,74,1,4
charge_radius,50,75,1,4
charge_radius,50,76,1,1
charge_radius,50,77,1,4
charge_radius,50,78,1,0
charge_radius,50,79,1,4
charge_radius,50,80,1,3
charge_radius,50,81,1,2
charge_radius,50,82,1,3
charge_radius,51,70,1,3
charge_radius,51,72,1,3
charge_radius,52,64,1,4
charge_radius,52,66,1,3
charge_radius,52,68,1,1
charge_radius,52,70,1,3
charge_radius,52,71,1,0
charge_radius,52,72,1,4
charge_radius,52,73,1,2
charge_radius,52,74,1,2
charge_radius,52,76,1,2
charge_radius,52,78,1,4
charge_radius,52,80,1,3
charge_radius,52,82,1,4
charge_radius,52,84,1,0
charge_radius,53,74,1,0
charge_radius,54,62,1,1
charge_radius,54,64,1,3
charge_radius,54,66,1,2
charge_radius,54,68,1,0
charge_radius,54,70,1,0
charge_radius,54,72,1,1
charge_radius,54,73,1,2
charge_radius,54,74,1,4
charge_radius,54,75,1,1
charge_radius,54,76,1,0
charge_radius,54,77,1,3
charge_radius,54,78,1,2
charge_radius,54,79,1,0
charge_radius,54,80,1,1
charge_radius,54,82,1,0
charge_radius,54,83,1,4
charge_radius,54,84,1,4
charge_radius,54,85,1,2
charge_radius,54,86,1,1
charge_radius,54,87,1,2
charge_radius,54,88,1,2
charge_radius,54,89,1,3
charge_radius,54,90,1,1
charge_radius,54,92,1,1
charge_radius,55,63,1,3
charge_radius,55,64,1,1
charge_radius,55,65,1,4
charge_radius,55,66,1,0
charge_radius,55,67,1,4
charge_radius,55,68,1,1
charge_radius,55,69,1,1
charge_radius,55,70,1,1
charge_radius,55,71,1,2
charge_radius,55,72,1,2
charge_radius,55,73,1,1
charge_radius,55,74,1,3
charge_radius,55,75,1,2
charge_radius,55,76,1,2
charge_radius,55,77,1,2
charge_radius,55,78,1,3
charge_radius,55,79,1,4
charge_radius,55,80,1,1
charge_radius,55,81,1,2
charge_radius,55,82,1,3
charge_radius,55,83,1,0
charge_radius,55,84,1,2
charge_radius,55,85,1,4
charge_radius,55,86,1,1
charge_radius,55,87,1,2
charge_radius,55,88,1,4
charge_radius,55,89,1,3
charge_radius,55,90,1,1
charge_radius,55,91,1,4
charge_radius,56,64,1,2
charge_radius,56,65,1,2
charge_radius,56,66,1,2
charge_radius,56,67,1,2
charge_radius,56,68,1,4
charge_radius,56,69,1,2
charge_radius,56,70,1,2
charge_radius,56,71,1,4
charge_radius,56,72,1,2
charge_radius,56,73,1,0
charge_radius,56,74,1,0
charge_radius,56,75,1,4
charge_radius,56,76,1,3
charge_radius,56,77,1,3
charge_radius,56,78,1,0
charge_radius,56,79,1,3
charge_radius,56,80,1,3
charge_radius,56,81,1,0
charge_radius,56,82,1,1
charge_radius,56,83,1,3
charge_radius,56,84,1,1
charge_radius,56,85,1,1
charge_radius,56,86,1,4
charge_radius,56,87,1,3
charge_radius,56,88,1,4
charge_radius,56,89,1,2
charge_radius,56,90,1,3
charge_radius,56,92,1,0
charge_radius,57,78,1,1
charge_radius,57,80,1,3
charge_radius,57,81,1,3
charge_radius,57,82,1,3
charge_radius,58,78,1,1
charge_radius,58,80,1,0
charge_radius,58,82,1,0
charge_radius,58,84,1,1
charge_radius,58,86,1,0
charge_radius,58,88,1,4
charge_radius,58,90,1,2
charge_radius,59,82,1,1
charge_radius,60,72,1,2
charge_radius,60,74,1,0
charge_radius,60,75,1,0
charge_radius,60,76,1,1
charge_radius,60,77,1,3
charge_radius,60,78,1,1
charge_radius,60,79,1,3
charge_radius,60,80,1,3
charge_radius,60,81,1,2
charge_radius,60,82,1,0
charge_radius,60,83,1,3
charge_radius,60,84,1,2
charge_radius,60,85,1,2
charge_radius,60,86,1,2
charge_radius,60,88,1,2
charge_radius,60,90,1,1
charge_radius,62,76,1,3
charge_radius,62,77,1,3
charge_radius,62,78,1,0
charge_radius,62,79,1,1
charge_radius,62,80,1,4
charge_radius,62,81,1,0
charge_radius,62,82,1,4
charge_radius,62,83,1,2
charge_radius,62,84,1,3
charge_radius,62,85,1,2
charge_radius,62,86,1,3
charge_radius,62,87,1,4
charge_radius,62,88,1,3
charge_radius,62,89,1,1
charge_radius,62,90,1,1
charge_radius,62,91,1,3
charge_radius,62,92,1,4
charge_radius,63,74,1,1
charge_radius,63,75,1,4
charge_radius,63,76,1,4
charge_radius,63,77,1,4
charge_radius,63,78,1,4
charge_radius,63,79,1,1
charge_radius,63,80,1,0
charge_radius,63,81,1,2
charge_radius,63,82,1,3
charge_radius,63,83,1,4
charge_radius,63,84,1,3
charge_radius,63,85,1,4
charge_radius,63,86,1,0
charge_radius,63,87,1,0
charge_radius,63,88,1,1
charge_radius,63,89,1,1
charge_radius,63,90,1,2
charge_radius,63,91,1,0
charge_radius,63,92,1,4
charge_radius,63,93,1,2
charge_radius,63,94,1,2
charge_radius,63,95,1,2
charge_radius,63,96,1,4
charge_radius,64,81,1,4
charge_radius,64,82,1,1
charge_radius,64,84,1,4
charge_radius,64,86,1,0
charge_radius,64,88,1,0
charge_radius,64,90,1,0
charge_radius,64,91,1,0
charge_radius,64,92,1,4
charge_radius,64,93,1,1
charge_radius,64,94,1,3
charge_radius,64,96,1,3
charge_radius,65,82,1,0
charge_radius,65,83,1,1
charge_radius,65,84,1,4
charge_radius,65,85,1,2
charge_radius,65,86,1,4
charge_radius,65,87,1,2
charge_radius,65,88,1,0
charge_radius,65,89,1,4
charge_radius,65,90,1,1
charge_radius,65,92,1,0
charge_radius,65,94,1,0
charge_radius,66,80,1,0
charge_radius,66,82,1,4
charge_radius,66,83,1,4
charge_radius,66,84,1,4
charge_radius,66,85,1,0
charge_radius,66,86,1,1
charge_radius,66,87,1,2
charge_radius,66,88,1,1
charge_radius,66,89,1,3
charge_radius,66,90,1,0
charge_radius,66,91,1,1
charge_radius,66,92,1,2
charge_radius,66,93,1,3
charge_radius,66,94,1,1
charge_radius,66,95,1,3
charge_radius,66,96,1,2
charge_radius,66,97,1,2
charge_radius,66,98,1,1
charge_radius,67,84,1,1
charge_radius,67,85,1,2
charge_radius,67,86,1,4
charge_radius,67,87,1,3
charge_radius,67,88,1,4
charge_radius,67,89,1,0
charge_radius,67,90,1,3
charge_radius,67,91,1,0
charge_radius,67,92,1,1
charge_radius,67,93,1,3
charge_radius,67,94,1,0
charge_radius,67,95,1,0
charge_radius,67,96,1,4
charge_radius,67,98,1,0
charge_radius,68,82,1,2
charge_radius,68,84,1,3
charge_radius,68,86,1,3
charge_radius,68,88,1,3
charge_radius,68,90,1,4
charge_radius,68,92,1,2
charge_radius,68,94,1,0
charge_radius,68,96,1,2
charge_radius,68,98,1,0
charge_radius,68,99,1,0
charge_radius,68,100,1,2
charge_radius,68,102,1,0
charge_radius,69,84,1,3
charge_radius,69,85,1,3
charge_radius,69,87,1,1
charge_radius,69,88,1,0
charge_radius,69,89,1,1
charge_radius,69,90,1,4
charge_radius,69,91,1,4
charge_radius,69,92,1,1
charge_radius,69,93,1,4
charge_radius,69,94,1,1
charge_radius,69,95,1,4
charge_radius,69,96,1,1
charge_radius,69,97,1,4
charge_radius,69,98,1,4
charge_radius,69,99,1,0
charge_radius,69,100,1,0
charge_radius,69,101,1,4
charge_radius,69,102,1,2
charge_radius,69,103,1,2
charge_radius,70,82,1,3
charge_radius,70,84,1,0
charge_radius,70,85,1,3
charge_radius,70,86,1,2
charge_radius,70,87,1,2
charge_radius,70,88,1,4
charge_radius,70,89,1,0
charge_radius,70,90,1,1
charge_radius,70,91,1,4
charge_radius,70,92,1,0
charge_radius,70,93,1,1
charge_radius,70,94,1,4
charge_radius,70,95,1,0
charge_radius,70,96,1,4
charge_radius,70,97,1,2
charge_radius,70,98,1,1
charge_radius,70,99,1,3
charge_radius,70,100,1,2
charge_radius,70,101,1,2
charge_radius,70,102,1,2
charge_radius,70,103,1,4
charge_radius,70,104,1,3
charge_radius,70,105,1,0
charge_radius,70,106,1,1
charge_radius,71,90,1,2
charge_radius,71,91,1,0
charge_radius,71,92,1,1
charge_radius,71,93,1,0
charge_radius,71,94,1,0
charge_radius,71,95,1,2
charge_radius,71,96,1,0
charge_radius,71,97,1,4
charge_radius,71,98,1,3
charge_radius,71,99,1,1
charge_radius,71,100,1,4
charge_radius,71,101,1,1
charge_radius,71,102,1,3
charge_radius,71,103,1,0
charge_radius,71,104,1,2
charge_radius,71,105,1,2
charge_radius,71,106,1,4
charge_radius,71,107,1,4
charge_radius,71,108,1,3
charge_radius,72,98,1,0
charge_radius,72,99,1,0
charge_radius,72,100,1,3
charge_radius,72,101,1,4
charge_radius,72,102,1,2
charge_radius,72,103,1,1
charge_radius,72,104,1,1
charge_radius,72,105,1,1
charge_radius,72,106,1,4
charge_radius,72,107,1,4
charge_radius,72,108,1,3
charge_radius,72,110,1,1
charge_radius,73,108,1,4
charge_radius,74,106,1,0
charge_radius,74,108,1,0
charge_radius,74,109,1,4
charge_radius,74,110,1,2
charge_radius,74,112,1,0
charge_radius,75,110,1,2
charge_radius,75,112,1,3
charge_radius,76,108,1,1
charge_radius,76,110,1,0
charge_radius,76,111,1,1
charge_radius,76,112,1,1
charge_radius,76,113,1,3
charge_radius,76,114,1,0
charge_radius,76,116,1,0
charge_radius,77,105,1,4
charge_radius,77,106,1,3
charge_radius,77,107,1,1
charge_radius,77,108,1,4
charge_radius,77,109,1,2
charge_radius,77,110,1,0
charge_radius,77,111,1,1
charge_radius,77,112,1,2
charge_radius,77,114,1,4
charge_radius,77,116,1,2
charge_radius,78,100,1,4
charge_radius,78,101,1,3
charge_radius,78,102,1,0
charge_radius,78,103,1,3
charge_radius,78,104,1,0
charge_radius,78,105,1,4
charge_radius,78,106,1,2
charge_radius,78,107,1,1
charge_radius,78,108,1,1
charge_radius,78,109,1,0
charge_radius,78,110,1,4
charge_radius,78,111,1,2
charge_radius,78,112,1,1
charge_radius,78,113,1,4
charge_radius,78,114,1,1
charge_radius,78,115,1,3
charge_radius,78,116,1,0
charge_radius,78,117,1,3
charge_radius,78,118,1,0
charge_radius,78,120,1,2
charge_radius,79,104,1,2
charge_radius,79,105,1,3
charge_radius,79,106,1,2
charge_radius,79,107,1,0
charge_radius,79,108,1,1
charge_radius,79,109,1,0
charge_radius,79,110,1,0
charge_radius,79,111,1,2
charge_radius,79,112,1,2
charge_radius,79,113,1,2
charge_radius,79,114,1,2
charge_radius,79,115,1,2
charge_radius,79,116,1,1
charge_radius,79,117,1,1
charge_radius,79,118,1,3
charge_radius,79,119,1,0
charge_radius,79,120,1,1
charge_radius,80,101,1,2
charge_radius,80,102,1,4
charge_radius,80,103,1,4
charge_radius,80,104,1,4
charge_radius,80,105,1,0
charge_radius,80,106,1,0
charge_radius,80,107,1,3
charge_radius,80,108,1,2
charge_radius,80,109,1,3
charge_radius,80,110,1,2
charge_radius,80,111,1,1
charge_radius,80,112,1,3
charge_radius,80,113,1,1
charge_radius,80,114,1,4
charge_radius,80,115,1,4
charge_radius,80,116,1,4
charge_radius,80,117,1,2
charge_radius,80,118,1,2
charge_radius,80,119,1,0
charge_radius,80,120,1,0
charge_radius,80,121,1,4
charge_radius,80,122,1,0
charge_radius,80,123,1,4
charge_radius,80,124,1,4
charge_radius,80,125,1,0
charge_radius,80,126,1,3
charge_radius,81,107,1,3
charge_radius,81,109,1,1
charge_radius,81,110,1,2
charge_radius,81,111,1,1
charge_radius,81,112,1,1
charge_radius,81,113,1,2
charge_radius,81,114,1,3
charge_radius,81,115,1,0
charge_radius,81,116,1,1
charge_radius,81,117,1,0
charge_radius,81,118,1,4
charge_radius,81,119,1,3
charge_radius,81,120,1,1
charge_radius,81,121,1,4
charge_radius,81,122,1,0
charge_radius,81,123,1,3
charge_radius,81,124,1,0
charge_radius,81,126,1,2
charge_radius,81,127,1,3
charge_radius,82,100,1,3
charge_radius,82,101,1,4
charge_radius,82,102,1,2
charge_radius,82,103,1,4
charge_radius,82,104,1,3
charge_radius,82,105,1,4
charge_radius,82,106,1,0
charge_radius,82,107,1,4
charge_radius,82,108,1,2
charge_radius,82,109,1,3
charge_radius,82,110,1,3
charge_radius,82,111,1,2
charge_radius,82,112,1,4
charge_radius,82,113,1,2
charge_radius,82,114,1,4
charge_radius,82,115,1,3
charge_radius,82,116,1,4
charge_radius,82,117,1,0
charge_radius,82,118,1,3
charge_radius,82,119,1,1
charge_radius,82,120,1,1
charge_radius,82,121,1,1
charge_radius,82,122,1,0
charge_radius,82,123,1,1
charge_radius,82,124,1,3
charge_radius,82,125,1,1
charge_radius,82,126,1,3
charge_radius,82,127,1,3
charge_radius,82,128,1,3
charge_radius,82,129,1,3
charge_radius,82,130,1,4
charge_radius,82,132,1,1
charge_radius,83,119,1,0
charge_radius,83,120,1,2
charge_radius,83,121,1,3
charge_radius,83,122,1,0
charge_radius,83,123,1,2
charge_radius,83,124,1,1
charge_radius,83,125,1,0
charge_radius,83,126,1,3
charge_radius,83,127,1,4
charge_radius,83,129,1,4
charge_radius,83,130,1,4
charge_radius,84,108,1,2
charge_radius,84,110,1,2
charge_radius,84,112,1,3
charge_radius,84,114,1,2
charge_radius,84,116,1,3
charge_radius,84,118,1,3
charge_radius,84,120,1,2
charge_radius,84,121,1,2
charge_radius,84,122,1,2
charge_radius,84,123,1,2
charge_radius,84,124,1,4
charge_radius,84,125,1,0
charge_radius,84,126,1,4
charge_radius,84,132,1,3
charge_radius,84,134,1,1
charge_radius,86,116,1,0
charge_radius,86,118,1,1
charge_radius,86,119,1,2
charge_radius,86,120,1,1
charge_radius,86,121,1,3
charge_radius,86,122,1,0
charge_radius,86,123,1,4
charge_radius,86,124,1,1
charge_radius,86,125,1,3
charge_radius,86,126,1,4
charge_radius,86,132,1,1
charge_radius,86,133,1,0
charge_radius,86,134,1,1
charge_radius,86,135,1,1
charge_radius,86,136,1,1
charge_radius,87,120,1,4
charge_radius,87,121,1,4
charge_radius,87,122,1,4
charge_radius,87,123,1,0
charge_radius,87,124,1,1
charge_radius,87,125,1,4
charge_radius,87,126,1,0
charge_radius,87,133,1,4
charge_radius,87,134,1,1
charge_radius,87,135,1,1
charge_radius,87,136,1,4
charge_radius,87,137,1,1
charge_radius,87,138,1,2
charge_radius,87,139,1,3
charge_radius,87,140,1,2
charge_radius,87,141,1,2
charge_radius,88,120,1,4
charge_radius,88,121,1,0
charge_radius,88,122,1,2
charge_radius,88,123,1,4
charge_radius,88,124,1,2
charge_radius,88,125,1,4
charge_radius,88,126,1,0
charge_radius,88,132,1,1
charge_radius,88,133,1,2
charge_radius,88,134,1,2
charge_radius,88,135,1,1
charge_radius,88,136,1,4
charge_radius,88,137,1,3
charge_radius,88,138,1,1
charge_radius,88,139,1,3
charge_radius,88,140,1,0
charge_radius,88,141,1,0
charge_radius,88,142,1,0
charge_radius,88,144,1,3
charge_radius,90,137,1,1
charge_radius,90,138,1,0
charge_radius,90,139,1,4
charge_radius,90,140,1,1
charge_radius,90,142,1,3
charge_radius,92,141,1,2
charge_radius,92,142,1,1
charge_radius,92,143,1,0
charge_radius,92,144,1,1
charge_radius,92,146,1,0
charge_radius,94,144,1,0
charge_radius,94,145,1,4
charge_radius,94,146,1,3
charge_radius,94,147,1,3
charge_radius,94,148,1,0
charge_radius,94,150,1,3
charge_radius,95,146,1,3
charge_radius,95,148,1,2
charge_radius,96,146,1,4
charge_radius,96,148,1,0
charge_radius,96,149,1,1
charge_radius,96,150,1,3
charge_radius,96,152,1,3
charge_radius,11,11,2,4
charge_radius,11,12,2,0
charge_radius,11,13,2,2
charge_radius,11,14,2,1
charge_radius,11,15,2,2
charge_radius,11,16,2,2
charge_radius,11,17,2,3
charge_radius,11,18,2,0
charge_radius,11,19,2,4
charge_radius,11,20,2,3
charge_radius,12,12,2,0
charge_radius,12,13,2,3
charge_radius,12,14,2,1
charge_radius,13,14,2,1
charge_radius,14,14,2,2
charge_radius,14,15,2,0
charge_radius,14,16,2,1
charge_radius,15,16,2,3
charge_radius,16,16,2,0
charge_radius,16,18,2,4
charge_radius,16,20,2,0
charge_radius,17,18,2,4
charge_radius,17,20,2,0
charge_radius,18,14,2,2
charge_radius,18,15,2,2
charge_radius,18,16,2,2
charge_radius,18,17,2,4
charge_radius,18,18,2,3
charge_radius,18,19,2,2
charge_radius,18,20,2,1
charge_radius,18,21,2,0
charge_radius,18,22,2,4
charge_radius,18,23,2,1
charge_radius,18,24,2,3
charge_radius,18,25,2,4
charge_radius,18,26,2,2
charge_radius,18,28,2,3
charge_radius,19,19,2,0
charge_radius,19,20,2,2
charge_radius,19,21,2,3
charge_radius,19,22,2,1
charge_radius,19,23,2,2
charge_radius,19,24,2,1
charge_radius,19,25,2,4
charge_radius,19,26,2,3
charge_radius,19,27,2,3
charge_radius,19,28,2,4
charge_radius,20,19,2,4
charge_radius,20,20,2,1
charge_radius,20,21,2,4
charge_radius,20,22,2,4
charge_radius,20,23,2,4
charge_radius,20,24,2,2
charge_radius,20,25,2,2
charge_radius,20,26,2,2
charge_radius,20,27,2,1
charge_radius,20,28,2,4
charge_radius,20,30,2,3
charge_radius,21,21,2,1
charge_radius,21,22,2,4
charge_radius,21,23,2,2
charge_radius,21,24,2,4
charge_radius,21,25,2,0
charge_radius,22,22,2,4
charge_radius,22,23,2,3
charge_radius,22,24,2,0
charge_radius,22,25,2,2
charge_radius,22,26,2,0
charge_radius,22,27,2,0
charge_radius,22,28,2,2
charge_radius,23,28,2,0
charge_radius,24,26,2,2
charge_radius,24,28,2,1
charge_radius,24,29,2,2
charge_radius,24,30,2,0
charge_radius,25,25,2,4
charge_radius,25,26,2,2
charge_radius,25,27,2,0
charge_radius,25,28,2,2
charge_radius,25,29,2,3
charge_radius,25,30,2,0
charge_radius,25,31,2,4
charge_radius,26,28,2,3
charge_radius,26,30,2,4
charge_radius,26,31,2,1
charge_radius,26,32,2,3
charge_radius,27,32,2,4
charge_radius,28,30,2,3
charge_radius,28,32,2,4
charge_radius,28,33,2,0
charge_radius,28,34,2,1
charge_radius,28,36,2,2
charge_radius,29,34,2,3
charge_radius,29,36,2,3
charge_radius,30,34,2,2
charge_radius,30,36,2,3
charge_radius,30,37,2,4
charge_radius,30,38,2,4
charge_radius,30,40,2,3
charge_radius,31,38,2,0
charge_radius,31,40,2,2
charge_radius,32,38,2,0
charge_radius,32,40,2,4
charge_radius,32,41,2,2
charge_radius,32,42,2,3
charge_radius,32,44,2,3
charge_radius,33,42,2,3
charge_radius,34,40,2,0
charge_radius,34,42,2,1
charge_radius,34,43,2,0
charge_radius,34,44,2,2
charge_radius,34,46,2,1
charge_radius,34,48,2,2
charge_radius,35,44,2,1
charge_radius,35,46,2,2
charge_radius,36,36,2,3
charge_radius,36,38,2,1
charge_radius,36,39,2,1
charge_radius,36,40,2,2
charge_radius,36,41,2,1
charge_radius,36,42,2,1
charge_radius,36,43,2,4
charge_radius,36,44,2,4
charge_radius,36,45,2,1
charge_radius,36,46,2,4
charge_radius,36,47,2,4
charge_radius,36,48,2,1
charge_radius,36,49,2,3
charge_radius,36,50,2,0
charge_radius,36,51,2,1
charge_radius,36,52,2,1
charge_radius,36,53,2,2
charge_radius,36,54,2,4
charge_radius,36,55,2,3
charge_radius,36,56,2,2
charge_radius,36,57,2,4
charge_radius,36,58,2,2
charge_radius,36,59,2,0
charge_radius,36,60,2,4
charge_radius,37,39,2,2
charge_radius,37,40,2,3
charge_radius,37,41,2,0
charge_radius,37,42,2,0
charge_radius,37,43,2,0
charge_radius,37,44,2,3
charge_radius,37,45,2,3
charge_radius,37,46,2,0
charge_radius,37,47,2,3
charge_radius,37,48,2,4
charge_radius,37,49,2,3
charge_radius,37,50,2,2
charge_radius,37,51,2,3
charge_radius,37,52,2,0
charge_radius,37,53,2,3
charge_radius,37,54,2,2
charge_radius,37,55,2,2
charge_radius,37,56,2,1
charge_radius,37,57,2,1
charge_radius,37,58,2,0
charge_radius,37,59,2,2
charge_radius,37,60,2,1
charge_radius,37,61,2,1
charge_radius,38,39,2,3
charge_radius,38,40,2,1
charge_radius,38,41,2,0
charge_radius,38,42,2,2
charge_radius,38,43,2,2
charge_radius,38,44,2,2
charge_radius,38,45,2,4
charge_radius,38,46,2,0
charge_radius,38,47,2,3
charge_radius,38,48,2,1
charge_radius,38,49,2,0
charge_radius,38,50,2,2
charge_radius,38,51,2,1
charge_radius,38,52,2,0
charge_radius,38,53,2,1
charge_radius,38,54,2,1
charge_radius,38,55,2,1
charge_radius,38,56,2,0
charge_radius,38,57,2,1
charge_radius,38,58,2,1
charge_radius,38,59,2,0
charge_radius,38,60,2,0
charge_radius,38,61,2,3
charge_radius,38,62,2,0
charge_radius,39,47,2,3
charge_radius,39,48,2,4
charge_radius,39,49,2,2
charge_radius,39,50,2,3
charge_radius,39,51,2,3
charge_radius,39,53,2,3
charge_radius,39,54,2,0
charge_radius,39,55,2,1
charge_radius,39,56,2,2
charge_radius,39,57,2,4
charge_radius,39,58,2,3
charge_radius,39,59,2,0
charge_radius,39,60,2,0
charge_radius,39,61,2,0
charge_radius,39,62,2,2
charge_radius,39,63,2,4
charge_radius,40,47,2,2
charge_radius,40,48,2,1
charge_radius,40,49,2,1
charge_radius,40,50,2,0
charge_radius,40,51,2,1
charge_radius,40,52,2,4
charge_radius,40,54,2,3
charge_radius,40,56,2,0
charge_radius,40,57,2,3
charge_radius,40,58,2,4
charge_radius,40,59,2,0
charge_radius,40,60,2,0
charge_radius,40,61,2,2
charge_radius,40,62,2,3
charge_radius,41,49,2,2
charge_radius,41,50,2,2
charge_radius,41,51,2,4
charge_radius,41,52,2,4
charge_radius,41,58,2,3
charge_radius,41,60,2,1
charge_radius,41,62,2,2
charge_radius,42,48,2,2
charge_radius,42,49,2,4
charge_radius,42,50,2,1
charge_radius,42,52,2,1
charge_radius,42,53,2,0
charge_radius,42,54,2,3
charge_radius,42,55,2,3
charge_radius,42,56,2,1
charge_radius,42,58,2,1
charge_radius,42,60,2,0
charge_radius,42,61,2,3
charge_radius,42,62,2,3
charge_radius,42,63,2,2
charge_radius,42,64,2,0
charge_radius,42,66,2,3
charge_radius,44,52,2,4
charge_radius,44,54,2,2
charge_radius,44,55,2,1
charge_radius,44,56,2,2
charge_radius,44,57,2,2
charge_radius,44,58,2,3
charge_radius,44,60,2,2
charge_radius,45,58,2,4
charge_radius,46,56,2,2
charge_radius,46,58,2,2
charge_radius,46,59,2,0
charge_radius,46,60,2,2
charge_radius,46,62,2,1
charge_radius,46,64,2,0
charge_radius,47,54,2,3
charge_radius,47,56,2,3
charge_radius,47,57,2,3
charge_radius,47,58,2,4
charge_radius,47,60,2,3
charge_radius,47,62,2,0
charge_radius,48,54,2,1
charge_radius,48,55,2,3
charge_radius,48,56,2,3
charge_radius,48,57,2,3
charge_radius,48,58,2,2
charge_radius,48,59,2,4
charge_radius,48,60,2,3
charge_radius,48,61,2,2
charge_radius,48,62,2,2
charge_radius,48,63,2,0
charge_radius,48,64,2,2
charge_radius,48,65,2,3
charge_radius,48,66,2,3
charge_radius,48,67,2,4
charge_radius,48,68,2,1
charge_radius,48,69,2,0
charge_radius,48,70,2,3
charge_radius,48,72,2,0
charge_radius,49,55,2,2
charge_radius,49,56,2,3
charge_radius,49,57,2,3
charge_radius,49,58,2,1
charge_radius,49,59,2,1
charge_radius,49,60,2,2
charge_radius,49,61,2,3
charge_radius,49,62,2,3
charge_radius,49,63,2,0
charge_radius,49,64,2,1
charge_radius,49,65,2,1
charge_radius,49,66,2,4
charge_radius,49,67,2,0
charge_radius,49,68,2,1
charge_radius,49,69,2,3
charge_radius,49,70,2,1
charge_radius,49,71,2,2
charge_radius,49,72,2,2
charge_radius,49,73,2,2
charge_radius,49,74,2,0
charge_radius,49,75,2,4
charge_radius,49,76,2,2
charge_radius,49,77,2,3
charge_radius,49,78,2,4
charge_radius,50,58,2,2
charge_radius,50,59,2,3
charge_radius,50,60,2,4
charge_radius,50,61,2,3
charge_radius,50,62,2,1
charge_radius,50,63,2,0
charge_radius,50,64,2,3
charge_radius,50,65,2,3
charge_radius,50,66,2,2
charge_radius,50,67,2,0
charge_radius,50,68,2,1
charge_radius,50,69,2,1
charge_radius,50,70,2,1
charge_radius,50,71,2,3
charge_radius,50,72,2,2
charge_radius,50,73,2,0
charge_radius,50,74,2,4
charge_radius,50,75,2,0
charge_radius,50,76,2,0
charge_radius,50,77,2,4
charge_radius,50,78,2,3
charge_radius,50,79,2,1
charge_radius,50,80,2,0
charge_radius,50,81,2,4
charge_radius,50,82,2,4
charge_radius,51,70,2,4
charge_radius,51,72,2,4
charge_radius,52,64,2,1
charge_radius,52,66,2,0
charge_radius,52,68,2,2
charge_radius,52,70,2,0
charge_radius,52,71,2,2
charge_radius,52,72,2,3
charge_radius,52,73,2,1
charge_radius,52,74,2,0
charge_radius,52,76,2,1
charge_radius,52,78,2,4
charge_radius,52,80,2,3
charge_radius,52,82,2,1
charge_radius,52,84,2,3
charge_radius,53,74,2,1
charge_radius,54,62,2,3
charge_radius,54,64,2,1
charge_radius,54,66,2,2
charge_radius,54,68,2,1
charge_radius,54,70,2,1
charge_radius,54,72,2,2
charge_radius,54,73,2,2
charge_radius,54,74,2,4
charge_radius,54,75,2,3
charge_radius,54,76,2,3
charge_radius,54,77,2,4
charge_radius,54,78,2,2
charge_radius,54,79,2,2
charge_radius,54,80,2,2
charge_radius,54,82,2,0
charge_radius,54,83,2,1
charge_radius,54,84,2,3
charge_radius,54,85,2,3
charge_radius,54,86,2,4
charge_radius,54,87,2,4
charge_radius,54,88,2,4
charge_radius,54,89,2,3
charge_radius,54,90,2,2
charge_radius,54,92,2,4
charge_radius,55,63,2,1
charge_radius,55,64,2,4
charge_radius,55,65,2,4
charge_radius,55,66,2,3
charge_radius,55,67,2,2
charge_radius,55,68,2,0
charge_radius,55,69,2,0
charge_radius,55,70,2,0
charge_radius,55,71,2,2
charge_radius,55,72,2,1
charge_radius,55,73,2,1
charge_radius,55,74,2,1
charge_radius,55,75,2,2
charge_radius,55,76,2,2
charge_radius,55,77,2,0
charge_radius,55,78,2,3
charge_radius,55,79,2,2
charge_radius,55,80,2,0
charge_radius,55,81,2,3
charge_radius,55,82,2,0
charge_radius,55,83,2,4
charge_radius,55,84,2,2
charge_radius,55,85,2,0
charge_radius,55,86,2,2
charge_radius,55,87,2,3
charge_radius,55,88,2,3
charge_radius,55,89,2,0
charge_radius,55,90,2,4
charge_radius,55,91,2,2
charge_radius,56,64,2,0
charge_radius,56,65,2,3
charge_radius,56,66,2,1
charge_radius,56,67,2,0
charge_radius,56,68,2,1
charge_radius,56,69,2,1
charge_radius,56,70,2,1
charge_radius,56,71,2,4
charge_radius,56,72,2,0
charge_radius,56,73,2,3
charge_radius,56,74,2,4
charge_radius,56,75,2,4
charge_radius,56,76,2,4
charge_radius,56,77,2,1
charge_radius,56,78,2,3
charge_radius,56,79,2,1
charge_radius,56,80,2,3
charge_radius,56,81,2,0
charge_radius,56,82,2,1
charge_radius,56,83,2,3
charge_radius,56,84,2,0
charge_radius,56,85,2,3
charge_radius,56,86,2,2
charge_radius,56,87,2,1
charge_radius,56,88,2,2
charge_radius,56,89,2,0
charge_radius,56,90,2,3
charge_radius,56,92,2,3
charge_radius,57,78,2,3
charge_radius,57,80,2,1
charge_radius,57,81,2,4
charge_radius,57,82,2,2
charge_radius,58,78,2,1
charge_radius,58,80,2,1
charge_radius,58,82,2,3
charge_radius,58,84,2,0
charge_radius,58,86,2,3
charge_radius,58,88,2,1
charge_radius,58,90,2,0
charge_radius,59,82,2,4
charge_radius,60,72,2,4
charge_radius,60,74,2,3
charge_radius,60,75,2,0
charge_radius,60,76,2,1
charge_radius,60,77,2,1
charge_radius,60,78,2,1
charge_radius,60,79,2,2
charge_radius,60,80,2,0
charge_radius,60,81,2,4
charge_radius,60,82,2,0
charge_radius,60,83,2,2
charge_radius,60,84,2,0
charge_radius,60,85,2,4
charge_radius,60,86,2,0
charge_radius,60,88,2,3
charge_radius,60,90,2,3
charge_radius,62,76,2,4
charge_radius,62,77,2,1
charge_radius,62,78,2,0
charge_radius,62,79,2,1
charge_radius,62,80,2,4
charge_radius,62,81,2,0
charge_radius,62,82,2,1
charge_radius,62,83,2,0
charge_radius,62,84,2,1
charge_radius,62,85,2,1
charge_radius,62,86,2,2
charge_radius,62,87,2,4
charge_radius,62,88,2,2
charge_radius,62,89,2,2
charge_radius,62,90,2,1
charge_radius,62,91,2,1
charge_radius,62,92,2,4
charge_radius,63,74,2,2
charge_radius,63,75,2,1
charge_radius,63,76,2,3
charge_radius,63,77,2,1
charge_radius,63,78,2,0
charge_radius,63,79,2,2
charge_radius,63,80,2,1
charge_radius,63,81,2,4
charge_radius,63,82,2,2
charge_radius,63,83,2,2
charge_radius,63,84,2,4
charge_radius,63,85,2,4
charge_radius,63,86,2,2
charge_radius,63,87,2,2
charge_radius,63,88,2,0
charge_radius,63,89,2,4
charge_radius,63,90,2,4
charge_radius,63,91,2,2
charge_radius,63,92,2,4
charge_radius,63,93,2,2
charge_radius,63,94,2,4
charge_radius,63,95,2,0
charge_radius,63,96,2,2
charge_radius,64,81,2,2
charge_radius,64,82,2,4
charge_radius,64,84,2,2
charge_radius,64,86,2,4
charge_radius,64,88,2,3
charge_radius,64,90,2,3
charge_radius,64,91,2,0
charge_radius,64,92,2,3
charge_radius,64,93,2,4
charge_radius,64,94,2,2
charge_radius,64,96,2,3
charge_radius,65,82,2,3
charge_radius,65,83,2,2
charge_radius,65,84,2,2
charge_radius,65,85,2,2
charge_radius,65,86,2,1
charge_radius,65,87,2,4
charge_radius,65,88,2,3
charge_radius,65,89,2,0
charge_radius,65,90,2,4
charge_radius,65,92,2,1
charge_radius,65,94,2,1
charge_radius,66,80,2,2
charge_radius,66,82,2,0
charge_radius,66,83,2,0
charge_radius,66,84,2,2
charge_radius,66,85,2,3
charge_radius,66,86,2,3
charge_radius,66,87,2,0
charge_radius,66,88,2,0
charge_radius,66,89,2,1
charge_radius,66,90,2,1
charge_radius,66,91,2,2
charge_radius,66,92,2,3
charge_radius,66,93,2,1
charge_radius,66,94,2,2
charge_radius,66,95,2,1
charge_radius,66,96,2,4
charge_radius,66,97,2,4
charge_radius,66,98,2,2
charge_radius,67,84,2,1
charge_radius,67,85,2,3
charge_radius,67,86,2,0
charge_radius,67,87,2,3
charge_radius,67,88,2,4
charge_radius,67,89,2,1
charge_radius,67,90,2,2
charge_radius,67,91,2,2
charge_radius,67,92,2,4
charge_radius,67,93,2,4
charge_radius,67,94,2,1
charge_radius,67,95,2,0
charge_radius,67,96,2,0
charge_radius,67,98,2,1
charge_radius,68,82,2,1
charge_radius,68,84,2,4
charge_radius,68,86,2,2
charge_radius,68,88,2,3
charge_radius,68,90,2,3
charge_radius,68,92,2,2
charge_radius,68,94,2,4
charge_radius,68,96,2,1
charge_radius,68,98,2,2
charge_radius,68,99,2,1
charge_radius,68,100,2,3
charge_radius,68,102,2,4
charge_radius,69,84,2,2
charge_radius,69,85,2,0
charge_radius,69,87,2,0
charge_radius,69,88,2,2
charge_radius,69,89,2,3
charge_radius,69,90,2,4
charge_radius,69,91,2,4
charge_radius,69,92,2,2
charge_radius,69,93,2,4
charge_radius,69,94,2,2
charge_radius,69,95,2,1
charge_radius,69,96,2,2
charge_radius,69,97,2,2
charge_radius,69,98,2,0
charge_radius,69,99,2,4
charge_radius,69,100,2,0
charge_radius,69,101,2,1
charge_radius,69,102,2,3
charge_radius,69,103,2,4
charge_radius,70,82,2,2
charge_radius,70,84,2,2
charge_radius,70,85,2,0
charge_radius,70,86,2,3
charge_radius,70,87,2,3
charge_radius,70,88,2,0
charge_radius,70,89,2,1
charge_radius,70,90,2,2
charge_radius,70,91,2,3
charge_radius,70,92,2,4
charge_radius,70,93,2,4
charge_radius,70,94,2,3
charge_radius,70,95,2,4
charge_radius,70,96,2,4
charge_radius,70,97,2,1
charge_radius,70,98,2,4
charge_radius,70,99,2,0
charge_radius,70,100,2,4
charge_radius,70,101,2,0
charge_radius,70,102,2,3
charge_radius,70,103,2,1
charge_radius,70,104,2,1
charge_radius,70,105,2,0
charge_radius,70,106,2,0
charge_radius,71,90,2,0
charge_radius,71,91,2,2
charge_radius,71,92,2,0
charge_radius,71,93,2,0
charge_radius,71,94,2,3
charge_radius,71,95,2,4
charge_radius,71,96,2,3
charge_radius,71,97,2,2
charge_radius,71,98,2,4
charge_radius,71,99,2,1
charge_radius,71,100,2,4
charge_radius,71,101,2,1
charge_radius,71,102,2,0
charge_radius,71,103,2,1
charge_radius,71,104,2,3
charge_radius,71,105,2,0
charge_radius,71,106,2,1
charge_radius,71,107,2,1
charge_radius,71,108,2,2
charge_radius,72,98,2,0
charge_radius,72,99,2,4
charge_radius,72,100,2,2
charge_radius,72,101,2,3
charge_radius,72,102,2,4
charge_radius,72,103,2,3
charge_radius,72,104,2,3
charge_radius,72,105,2,3
charge_radius,72,106,2,2
charge_radius,72,107,2,0
charge_radius,72,108,2,4
charge_radius,72,110,2,2
charge_radius,73,108,2,0
charge_radius,74,106,2,0
charge_radius,74,108,2,0
charge_radius,74,109,2,3
charge_radius,74,110,2,2
charge_radius,74,112,2,4
charge_radius,75,110,2,0
charge_radius,75,112,2,3
charge_radius,76,108,2,1
charge_radius,76,110,2,2
charge_radius,76,111,2,2
charge_radius,76,112,2,1
charge_radius,76,113,2,0
charge_radius,76,114,2,0
charge_radius,76,116,2,2
charge_radius,77,105,2,2
charge_radius,77,106,2,0
charge_radius,77,107,2,4
charge_radius,77,108,2,4
charge_radius,77,109,2,4
charge_radius,77,110,2,0
charge_radius,77,111,2,4
charge_radius,77,112,2,2
charge_radius,77,114,2,1
charge_radius,77,116,2,2
charge_radius,78,100,2,4
charge_radius,78,101,2,1
charge_radius,78,102,2,4
charge_radius,78,103,2,0
charge_radius,78,104,2,1
charge_radius,78,105,2,3
charge_radius,78,106,2,4
charge_radius,78,107,2,2
charge_radius,78,108,2,0
charge_radius,78,109,2,1
charge_radius,78,110,2,2
charge_radius,78,111,2,1
charge_radius,78,112,2,3
charge_radius,78,113,2,3
charge_radius,78,114,2,1
charge_radius,78,115,2,4
charge_radius,78,116,2,1
charge_radius,78,117,2,3
charge_radius,78,118,2,3
charge_radius,78,120,2,4
charge_radius,79,104,2,3
charge_radius,79,105,2,1
charge_radius,79,106,2,3
charge_radius,79,107,2,1
charge_radius,79,108,2,4
charge_radius,79,109,2,4
charge_radius,79,110,2,1
charge_radius,79,111,2,1
charge_radius,79,112,2,2
charge_radius,79,113,2,0
charge_radius,79,114,2,3
charge_radius,79,115,2,3
charge_radius,79,116,2,1
charge_radius,79,117,2,3
charge_radius,79,118,2,4
charge_radius,79,119,2,1
charge_radius,79,120,2,1
charge_radius,80,101,2,3
charge_radius,80,102,2,0
charge_radius,80,103,2,0
charge_radius,80,104,2,0
charge_radius,80,105,2,1
charge_radius,80,106,2,4
charge_radius,80,107,2,2
charge_radius,80,108,2,1
charge_radius,80,109,2,3
charge_radius,80,110,2,3
charge_radius,80,111,2,3
charge_radius,80,112,2,4
charge_radius,80,113,2,0
charge_radius,80,114,2,1
charge_radius,80,115,2,0
charge_radius,80,116,2,1
charge_radius,80,117,2,4
charge_radius,80,118,2,1
charge_radius,80,119,2,3
charge_radius,80,120,2,4
charge_radius,80,121,2,1
charge_radius,80,122,2,0
charge_radius,80,123,2,4
charge_radius,80,124,2,2
charge_radius,80,125,2,0
charge_radius,80,126,2,2
charge_radius,81,107,2,2
charge_radius,81,109,2,1
charge_radius,81,110,2,4
charge_radius,81,111,2,0
charge_radius,81,112,2,2
charge_radius,81,113,2,2
charge_radius,81,114,2,0
charge_radius,81,115,2,4
charge_radius,81,116,2,1
charge_radius,81,117,2,3
charge_radius,81,118,2,3
charge_radius,81,119,2,2
charge_radius,81,120,2,4
charge_radius,81,121,2,4
charge_radius,81,122,2,3
charge_radius,81,123,2,1
charge_radius,81,124,2,3
charge_radius,81,126,2,0
charge_radius,81,127,2,4
charge_radius,82,100,2,0
charge_radius,82,101,2,4
charge_radius,82,102,2,3
charge_radius,82,103,2,3
charge_radius,82,104,2,4
charge_radius,82,105,2,1
charge_radius,82,106,2,2
charge_radius,82,107,2,0
charge_radius,82,108,2,4
charge_radius,82,109,2,0
charge_radius,82,110,2,3
charge_radius,82,111,2,0
charge_radius,82,112,2,2
charge_radius,82,113,2,1
charge_radius,82,114,2,0
charge_radius,82,115,2,0
charge_radius,82,116,2,2
charge_radius,82,117,2,2
charge_radius,82,118,2,0
charge_radius,82,119,2,1
charge_radius,82,120,2,4
charge_radius,82,121,2,4
charge_radius,82,122,2,4
charge_radius,82,123,2,4
charge_radius,82,124,2,0
charge_radius,82,125,2,0
charge_radius,82,126,2,1
charge_radius,82,127,2,4
charge_radius,82,128,2,0
charge_radius,82,129,2,4
charge_radius,82,130,2,3
charge_radius,82,132,2,3
charge_radius,83,119,2,1
charge_radius,83,120,2,0
charge_radius,83,121,2,1
charge_radius,83,122,2,4
charge_radius,83,123,2,2
charge_radius,83,124,2,0
charge_radius,83,125,2,3
charge_radius,83,126,2,1
charge_radius,83,127,2,1
charge_radius,83,129,2,1
charge_radius,83,130,2,3
charge_radius,84,108,2,0
charge_radius,84,110,2,3
charge_radius,84,112,2,4
charge_radius,84,114,2,4
charge_radius,84,116,2,0
charge_radius,84,118,2,0
charge_radius,84,120,2,1
charge_radius,84,121,2,1
charge_radius,84,122,2,2
charge_radius,84,123,2,3
charge_radius,84,124,2,0
charge_radius,84,125,2,1
charge_radius,84,126,2,0
charge_radius,84,132,2,0
charge_radius,84,134,2,3
charge_radius,86,116,2,1
charge_radius,86,118,2,3
charge_radius,86,119,2,4
charge_radius,86,120,2,4
charge_radius,86,121,2,0
charge_radius,86,122,2,3
charge_radius,86,123,2,0
charge_radius,86,124,2,2
charge_radius,86,125,2,1
charge_radius,86,126,2,1
charge_radius,86,132,2,4
charge_radius,86,133,2,3
charge_radius,86,134,2,4
charge_radius,86,135,2,0
charge_radius,86,136,2,2
charge_radius,87,120,2,4
charge_radius,87,121,2,4
charge_radius,87,122,2,1
charge_radius,87,123,2,2
charge_radius,87,124,2,1
charge_radius,87,125,2,0
charge_radius,87,126,2,4
charge_radius,87,133,2,1
charge_radius,87,134,2,0
charge_radius,87,135,2,1
charge_radius,87,136,2,2
charge_radius,87,137,2,3
charge_radius,87,138,2,2
charge_radius,87,139,2,2
charge_radius,87,140,2,3
charge_radius,87,141,2,0
charge_radius,88,120,2,1
charge_radius,88,121,2,4
charge_radius,88,122,2,0
charge_radius,88,123,2,4
charge_radius,88,124,2,2
charge_radius,88,125,2,4
charge_radius,88,126,2,4
charge_radius,88,132,2,1
charge_radius,88,133,2,0
charge_radius,88,134,2,2
charge_radius,88,135,2,4
charge_radius,88,136,2,0
charge_radius,88,137,2,2
charge_radius,88,138,2,0
charge_radius,88,139,2,4
charge_radius,88,140,2,3
charge_radius,88,141,2,0
charge_radius,88,142,2,3
charge_radius,88,144,2,3
charge_radius,90,137,2,2
charge_radius,90,138,2,1
charge_radius,90,139,2,0
charge_radius,90,140,2,3
charge_radius,90,142,2,4
charge_radius,92,141,2,0
charge_radius,92,142,2,3
charge_radius,92,143,2,2
charge_radius,92,144,2,1
charge_radius,92,146,2,0
charge_radius,94,144,2,4
charge_radius,94,145,2,4
charge_radius,94,146,2,1
charge_radius,94,147,2,2
charge_radius,94,148,2,2
charge_radius,94,150,2,4
charge_radius,95,146,2,4
charge_radius,95,148,2,4
charge_radius,96,146,2,3
charge_radius,96,148,2,1
charge_radius,96,149,2,4
charge_radius,96,150,2,2
charge_radius,96,152,2,2
charge_radius,11,11,3,4
charge_radius,11,12,3,4
charge_radius,11,13,3,4
charge_radius,11,14,3,1
charge_radius,11,15,3,0
charge_radius,11,16,3,1
charge_radius,11,17,3,3
charge_radius,11,18,3,2
charge_radius,11,19,3,2
charge_radius,11,20,3,4
charge_radius,12,12,3,0
charge_radius,12,13,3,3
charge_radius,12,14,3,3
charge_radius,13,14,3,3
charge_radius,14,14,3,1
charge_radius,14,15,3,2
charge_radius,14,16,3,0
charge_radius,15,16,3,3
charge_radius,16,16,3,2
charge_radius,16,18,3,1
charge_radius,16,20,3,4
charge_radius,17,18,3,3
charge_radius,17,20,3,4
charge_radius,18,14,3,3
charge_radius,18,15,3,2
charge_radius,18,16,3,2
charge_radius,18,17,3,4
charge_radius,18,18,3,0
charge_radius,18,19,3,0
charge_radius,18,20,3,2
charge_radius,18,21,3,0
charge_radius,18,22,3,1
charge_radius,18,23,3,4
charge_radius,18,24,3,4
charge_radius,18,25,3,3
charge_radius,18,26,3,4
charge_radius,18,28,3,4
charge_radius,19,19,3,1
charge_radius,19,20,3,3
charge_radius,19,21,3,1
charge_radius,19,22,3,2
charge_radius,19,23,3,0
charge_radius,19,24,3,3
charge_radius,19,25,3,1
charge_radius,19,26,3,4
charge_radius,19,27,3,0
charge_radius,19,28,3,0
charge_radius,20,19,3,2
charge_radius,20,20,3,0
charge_radius,20,21,3,2
charge_radius,20,22,3,3
charge_radius,20,23,3,0
charge_radius,20,24,3,4
charge_radius,20,25,3,1
charge_radius,20,26,3,2
charge_radius,20,27,3,2
charge_radius,20,28,3,2
charge_radius,20,30,3,2
charge_radius,21,21,3,0
charge_radius,21,22,3,2
charge_radius,21,23,3,4
charge_radius,21,24,3,0
charge_radius,21,25,3,4
charge_radius,22,22,3,3
charge_radius,22,23,3,1
charge_radius,22,24,3,0
charge_radius,22,25,3,2
charge_radius,22,26,3,1
charge_radius,22,27,3,1
charge_radius,22,28,3,3
charge_radius,23,28,3,2
charge_radius,24,26,3,2
charge_radius,24,28,3,3
charge_radius,24,29,3,0
charge_radius,24,30,3,3
charge_radius,25,25,3,3
charge_radius,25,26,3,4
charge_radius,25,27,3,3
charge_radius,25,28,3,0
charge_radius,25,29,3,2
charge_radius,25,30,3,0
charge_radius,25,31,3,0
charge_radius,26,28,3,2
charge_radius,26,30,3,2
charge_radius,26,31,3,3
charge_radius,26,32,3,0
charge_radius,27,32,3,0
charge_radius,28,30,3,2
charge_radius,28,32,3,2
charge_radius,28,33,3,3
charge_radius,28,34,3,3
charge_radius,28,36,3,0
charge_radius,29,34,3,2
charge_radius,29,36,3,2
charge_radius,30,34,3,3
charge_radius,30,36,3,1
charge_radius,30,37,3,2
charge_radius,30,38,3,1
charge_radius,30,40,3,3
charge_radius,31,38,3,1
charge_radius,31,40,3,4
charge_radius,32,38,3,0
charge_radius,32,40,3,0
charge_radius,32,41,3,0
charge_radius,32,42,3,2
charge_radius,32,44,3,1
charge_radius,33,42,3,1
charge_radius,34,40,3,1
charge_radius,34,42,3,0
charge_radius,34,43,3,0
charge_radius,34,44,3,3
charge_radius,34,46,3,0
charge_radius,34,48,3,1
charge_radius,35,44,3,4
charge_radius,35,46,3,1
charge_radius,36,36,3,1
charge_radius,36,38,3,1
charge_radius,36,39,3,4
charge_radius,36,40,3,2
charge_radius,36,41,3,4
charge_radius,36,42,3,4
charge_radius,36,43,3,0
charge_radius,36,44,3,3
charge_radius,36,45,3,0
charge_radius,36,46,3,0
charge_radius,36,47,3,3
charge_radius,36,48,3,0
charge_radius,36,49,3,1
charge_radius,36,50,3,1
charge_radius,36,51,3,1
charge_radius,36,52,3,1
charge_radius,36,53,3,1
charge_radius,36,54,3,1
charge_radius,36,55,3,4
charge_radius,36,56,3,0
charge_radius,36,57,3,2
charge_radius,36,58,3,1
charge_radius,36,59,3,0
charge_radius,36,60,3,2
charge_radius,37,39,3,2
charge_radius,37,40,3,3
charge_radius,37,41,3,4
charge_radius,37,42,3,1
charge_radius,37,43,3,0
charge_radius,37,44,3,0
charge_radius,37,45,3,0
charge_radius,37,46,3,0
charge_radius,37,47,3,2
charge_radius,37,48,3,4
charge_radius,37,49,3,3
charge_radius,37,50,3,1
charge_radius,37,51,3,1
charge_radius,37,52,3,4
charge_radius,37,53,3,2
charge_radius,37,54,3,3
charge_radius,37,55,3,0
charge_radius,37,56,3,4
charge_radius,37,57,3,0
charge_radius,37,58,3,2
charge_radius,37,59,3,1
charge_radius,37,60,3,4
charge_radius,37,61,3,2
charge_radius,38,39,3,3
charge_radius,38,40,3,0
charge_radius,38,41,3,0
charge_radius,38,42,3,4
charge_radius,38,43,3,2
charge_radius,38,44,3,3
charge_radius,38,45,3,2
charge_radius,38,46,3,1
charge_radius,38,47,3,1
charge_radius,38,48,3,4
charge_radius,38,49,3,4
charge_radius,38,50,3,4
charge_radius,38,51,3,2
charge_radius,38,52,3,0
charge_radius,38,53,3,4
charge_radius,38,54,3,0
charge_radius,38,55,3,4
charge_radius,38,56,3,2
charge_radius,38,57,3,0
charge_radius,38,58,3,2
charge_radius,38,59,3,4
charge_radius,38,60,3,4
charge_radius,38,61,3,4
charge_radius,38,62,3,1
charge_radius,39,47,3,1
charge_radius,39,48,3,3
charge_radius,39,49,3,1
charge_radius,39,50,3,2
charge_radius,39,51,3,1
charge_radius,39,53,3,3
charge_radius,39,54,3,0
charge_radius,39,55,3,2
charge_radius,39,56,3,0
charge_radius,39,57,3,0
charge_radius,39,58,3,3
charge_radius,39,59,3,0
charge_radius,39,60,3,3
charge_radius,39,61,3,0
charge_radius,39,62,3,4
charge_radius,39,63,3,1
charge_radius,40,47,3,2
charge_radius,40,48,3,2
charge_radius,40,49,3,2
charge_radius,40,50,3,3
charge_radius,40,51,3,1
charge_radius,40,52,3,3
charge_radius,40,54,3,3
charge_radius,40,56,3,1
charge_radius,40,57,3,1
charge_radius,40,58,3,0
charge_radius,40,59,3,4
charge_radius,40,60,3,3
charge_radius,40,61,3,0
charge_radius,40,62,3,1
charge_radius,41,49,3,0
charge_radius,41,50,3,3
charge_radius,41,51,3,2
charge_radius,41,52,3,3
charge_radius,41,58,3,3
charge_radius,41,60,3,3
charge_radius,41,62,3,2
charge_radius,42,48,3,4
charge_radius,42,49,3,1
charge_radius,42,50,3,2
charge_radius,42,52,3,3
charge_radius,42,53,3,2
charge_radius,42,54,3,3
charge_radius,42,55,3,1
charge_radius,42,56,3,1
charge_radius,42,58,3,3
charge_radius,42,60,3,0
charge_radius,42,61,3,1
charge_radius,42,62,3,3
charge_radius,42,63,3,0
charge_radius,42,64,3,1
charge_radius,42,66,3,0
charge_radius,44,52,3,1
charge_radius,44,54,3,0
charge_radius,44,55,3,3
charge_radius,44,56,3,2
charge_radius,44,57,3,4
charge_radius,44,58,3,0
charge_radius,44,60,3,2
charge_radius,45,58,3,3
charge_radius,46,56,3,0
charge_radius,46,58,3,0
charge_radius,46,59,3,3
charge_radius,46,60,3,4
charge_radius,46,62,3,2
charge_radius,46,64,3,1
charge_radius,47,54,3,4
charge_radius,47,56,3,3
charge_radius,47,57,3,2
charge_radius,47,58,3,2
charge_radius,47,60,3,4
charge_radius,47,62,3,4
charge_radius,48,54,3,4
charge_radius,48,55,3,3
charge_radius,48,56,3,3
charge_radius,48,57,3,2
charge_radius,48,58,3,3
charge_radius,48,59,3,0
charge_radius,48,60,3,0
charge_radius,48,61,3,3
charge_radius,48,62,3,0
charge_radius,48,63,3,4
charge_radius,48,64,3,2
charge_radius,48,65,3,0
charge_radius,48,66,3,1
charge_radius,48,67,3,1
charge_radius,48,68,3,2
charge_radius,48,69,3,3
charge_radius,48,70,3,4
charge_radius,48,72,3,4
charge_radius,49,55,3,2
charge_radius,49,56,3,4
charge_radius,49,57,3,3
charge_radius,49,58,3,1
charge_radius,49,59,3,2
charge_radius,49,60,3,3
charge_radius,49,61,3,3
charge_radius,49,62,3,1
charge_radius,49,63,3,1
charge_radius,49,64,3,4
charge_radius,49,65,3,2
charge_radius,49,66,3,0
charge_radius,49,67,3,0
charge_radius,49,68,3,4
charge_radius,49,69,3,1
charge_radius,49,70,3,0
charge_radius,49,71,3,4
charge_radius,49,72,3,1
charge_radius,49,73,3,1
charge_radius,49,74,3,4
charge_radius,49,75,3,1
charge_radius,49,76,3,3
charge_radius,49,77,3,2
charge_radius,49,78,3,3
charge_radius,50,58,3,4
charge_radius,50,59,3,1
charge_radius,50,60,3,3
charge_radius,50,61,3,0
charge_radius,50,62,3,1
charge_radius,50,63,3,3
charge_radius,50,64,3,2
charge_radius,50,65,3,3
charge_radius,50,66,3,4
charge_radius,50,67,3,4
charge_radius,50,68,3,3
charge_radius,50,69,3,4
charge_radius,50,70,3,2
charge_radius,50,71,3,1
charge_radius,50,72,3,1
charge_radius,50,73,3,2
charge_radius,50,74,3,4
charge_radius,50,75,3,0
charge_radius,50,76,3,3
charge_radius,50,77,3,1
charge_radius,50,78,3,3
charge_radius,50,79,3,2
charge_radius,50,80,3,1
charge_radius,50,81,3,0
charge_radius,50,82,3,1
charge_radius,51,70,3,3
charge_radius,51,72,3,2
charge_radius,52,64,3,1
charge_radius,52,66,3,0
charge_radius,52,68,3,1
charge_radius,52,70,3,0
charge_radius,52,71,3,3
charge_radius,52,72,3,3
charge_radius,52,73,3,1
charge_radius,52,74,3,3
charge_radius,52,76,3,4
charge_radius,52,78,3,1
charge_radius,52,80,3,4
charge_radius,52,82,3,2
charge_radius,52,84,3,0
charge_radius,53,74,3,3
charge_radius,54,62,3,3
charge_radius,54,64,3,2
charge_radius,54,66,3,3
charge_radius,54,68,3,4
charge_radius,54,70,3,3
charge_radius,54,72,3,1
charge_radius,54,73,3,1
charge_radius,54,74,3,3
charge_radius,54,75,3,0
charge_radius,54,76,3,1
charge_radius,54,77,3,0
charge_radius,54,78,3,0
charge_radius,54,79,3,3
charge_radius,54,80,3,0
charge_radius,54,82,3,1
charge_radius,54,83,3,0
charge_radius,54,84,3,1
charge_radius,54,85,3,0
charge_radius,54,86,3,0
charge_radius,54,87,3,1
charge_radius,54,88,3,2
charge_radius,54,89,3,0
charge_radius,54,90,3,4
charge_radius,54,92,3,2
charge_radius,55,63,3,3
charge_radius,55,64,3,2
charge_radius,55,65,3,3
charge_radius,55,66,3,4
charge_radius,55,67,3,3
charge_radius,55,68,3,2
charge_radius,55,69,3,1
charge_radius,55,70,3,4
charge_radius,55,71,3,0
charge_radius,55,72,3,3
charge_radius,55,73,3,3
charge_radius,55,74,3,1
charge_radius,55,75,3,1
charge_radius,55,76,3,1
charge_radius,55,77,3,4
charge_radius,55,78,3,3
charge_radius,55,79,3,0
charge_radius,55,80,3,2
charge_radius,55,81,3,4
charge_radius,55,82,3,2
charge_radius,55,83,3,1
charge_radius,55,84,3,1
charge_radius,55,85,3,0
charge_radius,55,86,3,0
charge_radius,55,87,3,2
charge_radius,55,88,3,1
charge_radius,55,89,3,1
charge_radius,55,90,3,2
charge_radius,55,91,3,0
charge_radius,56,64,3,3
charge_radius,56,65,3,1
charge_radius,56,66,3,3
charge_radius,56,67,3,0
charge_radius,56,68,3,4
charge_radius,56,69,3,0
charge_radius,56,70,3,1
charge_radius,56,71,3,1
charge_radius,56,72,3,2
charge_radius,56,73,3,3
charge_radius,56,74,3,2
charge_radius,56,75,3,4
charge_radius,56,76,3,2
charge_radius,56,77,3,1
charge_radius,56,78,3,4
charge_radius,56,79,3,1
charge_radius,56,80,3,2
charge_radius,56,81,3,1
charge_radius,56,82,3,2
charge_radius,56,83,3,4
charge_radius,56,84,3,4
charge_radius,56,85,3,1
charge_radius,56,86,3,2
charge_radius,56,87,3,1
charge_radius,56,88,3,3
charge_radius,56,89,3,2
charge_radius,56,90,3,3
charge_radius,56,92,3,4
charge_radius,57,78,3,4
charge_radius,57,80,3,4
charge_radius,57,81,3,2
charge_radius,57,82,3,3
charge_radius,58,78,3,3
charge_radius,58,80,3,0
charge_radius,58,82,3,0
charge_radius,58,84,3,2
charge_radius,58,86,3,2
charge_radius,58,88,3,0
charge_radius,58,90,3,2
charge_radius,59,82,3,3
charge_radius,60,72,3,3
charge_radius,60,74,3,3
charge_radius,60,75,3,3
charge_radius,60,76,3,0
charge_radius,60,77,3,3
charge_radius,60,78,3,1
charge_radius,60,79,3,1
charge_radius,60,80,3,4
charge_radius,60,81,3,2
charge_radius,60,82,3,1
charge_radius,60,83,3,4
charge_radius,60,84,3,2
charge_radius,60,85,3,1
charge_radius,60,86,3,1
charge_radius,60,88,3,0
charge_radius,60,90,3,0
charge_radius,62,76,3,2
charge_radius,62,77,3,2
charge_radius,62,78,3,2
charge_radius,62,79,3,2
charge_radius,62,80,3,2
charge_radius,62,81,3,3
charge_radius,62,82,3,2
charge_radius,62,83,3,2
charge_radius,62,84,3,1
charge_radius,62,85,3,2
charge_radius,62,86,3,2
charge_radius,62,87,3,1
charge_radius,62,88,3,3
charge_radius,62,89,3,3
charge_radius,62,90,3,0
charge_radius,62,91,3,2
charge_radius,62,92,3,2
charge_radius,63,74,3,2
charge_radius,63,75,3,2
charge_radius,63,76,3,1
charge_radius,63,77,3,3
charge_radius,63,78,3,4
charge_radius,63,79,3,1
charge_radius,63,80,3,3
charge_radius,63,81,3,4
charge_radius,63,82,3,0
charge_radius,63,83,3,4
charge_radius,63,84,3,0
charge_radius,63,85,3,0
charge_radius,63,86,3,0
charge_radius,63,87,3,4
charge_radius,63,88,3,4
charge_radius,63,89,3,3
charge_radius,63,90,3,4
charge_radius,63,91,3,4
charge_radius,63,92,3,3
charge_radius,63,93,3,3
charge_radius,63,94,3,2
charge_radius,63,95,3,1
charge_radius,63,96,3,4
charge_radius,64,81,3,2
charge_radius,64,82,3,0
charge_radius,64,84,3,2
charge_radius,64,86,3,3
charge_radius,64,88,3,3
charge_radius,64,90,3,4
charge_radius,64,91,3,4
charge_radius,64,92,3,4
charge_radius,64,93,3,1
charge_radius,64,94,3,0
charge_radius,64,96,3,4
charge_radius,65,82,3,0
charge_radius,65,83,3,3
charge_radius,65,84,3,4
charge_radius,65,85,3,4
charge_radius,65,86,3,0
charge_radius,65,87,3,0
charge_radius,65,88,3,4
charge_radius,65,89,3,4
charge_radius,65,90,3,2
charge_radius,65,92,3,4
charge_radius,65,94,3,4
charge_radius,66,80,3,1
charge_radius,66,82,3,3
charge_radius,66,83,3,0
charge_radius,66,84,3,3
charge_radius,66,85,3,3
charge_radius,66,86,3,3
charge_radius,66,87,3,2
charge_radius,66,88,3,4
charge_radius,66,89,3,4
charge_radius,66,90,3,0
charge_radius,66,91,3,0
charge_radius,66,92,3,1
charge_radius,66,93,3,2
charge_radius,66,94,3,2
charge_radius,66,95,3,0
charge_radius,66,96,3,2
charge_radius,66,97,3,2
charge_radius,66,98,3,0
charge_radius,67,84,3,0
charge_radius,67,85,3,4
charge_radius,67,86,3,0
charge_radius,67,87,3,1
charge_radius,67,88,3,0
charge_radius,67,89,3,1
charge_radius,67,90,3,1
charge_radius,67,91,3,0
charge_radius,67,92,3,4
charge_radius,67,93,3,2
charge_radius,67,94,3,4
charge_radius,67,95,3,3
charge_radius,67,96,3,0
charge_radius,67,98,3,2
charge_radius,68,82,3,4
charge_radius,68,84,3,4
charge_radius,68,86,3,1
charge_radius,68,88,3,3
charge_radius,68,90,3,2
charge_radius,68,92,3,2
charge_radius,68,94,3,2
charge_radius,68,96,3,4
charge_radius,68,98,3,2
charge_radius,68,99,3,3
charge_radius,68,100,3,2
charge_radius,68,102,3,0
charge_radius,69,84,3,0
charge_radius,69,85,3,2
charge_radius,69,87,3,2
charge_radius,69,88,3,3
charge_radius,69,89,3,4
charge_radius,69,90,3,4
charge_radius,69,91,3,1
charge_radius,69,92,3,0
charge_radius,69,93,3,3
charge_radius,69,94,3,1
charge_radius,69,95,3,4
charge_radius,69,96,3,2
charge_radius,69,97,3,1
charge_radius,69,98,3,1
charge_radius,69,99,3,1
charge_radius,69,100,3,2
charge_radius,69,101,3,3
charge_radius,69,102,3,1
charge_radius,69,103,3,1
charge_radius,70,82,3,0
charge_radius,70,84,3,3
charge_radius,70,85,3,3
charge_radius,70,86,3,0
charge_radius,70,87,3,1
charge_radius,70,88,3,3
charge_radius,70,89,3,4
charge_radius,70,90,3,3
charge_radius,70,91,3,4
charge_radius,70,92,3,2
charge_radius,70,93,3,1
charge_radius,70,94,3,3
charge_radius,70,95,3,0
charge_radius,70,96,3,4
charge_radius,70,97,3,2
charge_radius,70,98,3,3
charge_radius,70,99,3,0
charge_radius,70,100,3,2
charge_radius,70,101,3,2
charge_radius,70,102,3,0
charge_radius,70,103,3,2
charge_radius,70,104,3,2
charge_radius,70,105,3,3
charge_radius,70,106,3,4
charge_radius,71,90,3,0
charge_radius,71,91,3,3
charge_radius,71,92,3,3
charge_radius,71,93,3,3
charge_radius,71,94,3,4
charge_radius,71,95,3,4
charge_radius,71,96,3,4
charge_radius,71,97,3,0
charge_radius,71,98,3,3
charge_radius,71,99,3,3
charge_radius,71,100,3,4
charge_radius,71,101,3,0
charge_radius,71,102,3,4
charge_radius,71,103,3,1
charge_radius,71,104,3,0
charge_radius,71,105,3,2
charge_radius,71,106,3,2
charge_radius,71,107,3,4
charge_radius,71,108,3,0
charge_radius,72,98,3,4
charge_radius,72,99,3,1
charge_radius,72,100,3,2
charge_radius,72,101,3,1
charge_radius,72,102,3,4
charge_radius,72,103,3,2
charge_radius,72,104,3,0
charge_radius,72,105,3,4
charge_radius,72,106,3,0
charge_radius,72,107,3,2
charge_radius,72,108,3,1
charge_radius,72,110,3,3
charge_radius,73,108,3,2
charge_radius,74,106,3,0
charge_radius,74,108,3,1
charge_radius,74,109,3,1
charge_radius,74,110,3,0
charge_radius,74,112,3,2
charge_radius,75,110,3,3
charge_radius,75,112,3,2
charge_radius,76,108,3,2
charge_radius,76,110,3,1
charge_radius,76,111,3,0
charge_radius,76,112,3,4
charge_radius,76,113,3,2
charge_radius,76,114,3,4
charge_radius,76,116,3,0
charge_radius,77,105,3,3
charge_radius,77,106,3,3
charge_radius,77,107,3,4
charge_radius,77,108,3,3
charge_radius,77,109,3,3
charge_radius,77,110,3,4
charge_radius,77,111,3,2
charge_radius,77,112,3,2
charge_radius,77,114,3,0
charge_radius,77,116,3,0
charge_radius,78,100,3,3
charge_radius,78,101,3,0
charge_radius,78,102,3,4
charge_radius,78,103,3,0
charge_radius,78,104,3,4
charge_radius,78,105,3,4
charge_radius,78,106,3,1
charge_radius,78,107,3,4
charge_radius,78,108,3,2
charge_radius,78,109,3,4
charge_radius,78,110,3,1
charge_radius,78,111,3,2
charge_radius,78,112,3,0
charge_radius,78,113,3,1
charge_radius,78,114,3,0
charge_radius,78,115,3,4
charge_radius,78,116,3,3
charge_radius,78,117,3,4
charge_radius,78,118,3,1
charge_radius,78,120,3,2
charge_radius,79,104,3,0
charge_radius,79,105,3,0
charge_radius,79,106,3,4
charge_radius,79,107,3,1
charge_radius,79,108,3,4
charge_radius,79,109,3,1
charge_radius,79,110,3,4
charge_radius,79,111,3,0
charge_radius,79,112,3,2
charge_radius,79,113,3,4
charge_radius,79,114,3,3
charge_radius,79,115,3,4
charge_radius,79,116,3,1
charge_radius,79,117,3,4
charge_radius,79,118,3,2
charge_radius,79,119,3,4
charge_radius,79,120,3,2
charge_radius,80,101,3,2
charge_radius,80,102,3,4
charge_radius,80,103,3,1
charge_radius,80,104,3,2
charge_radius,80,105,3,2
charge_radius,80,106,3,0
charge_radius,80,107,3,3
charge_radius,80,108,3,3
charge_radius,80,109,3,0
charge_radius,80,110,3,4
charge_radius,80,111,3,2
charge_radius,80,112,3,3
charge_radius,80,113,3,4
charge_radius,80,114,3,0
charge_radius,80,115,3,0
charge_radius,80,116,3,0
charge_radius,80,117,3,0
charge_radius,80,118,3,3
charge_radius,80,119,3,1
charge_radius,80,120,3,1
charge_radius,80,121,3,3
charge_radius,80,122,3,0
charge_radius,80,123,3,4
charge_radius,80,124,3,0
charge_radius,80,125,3,2
charge_radius,80,126,3,0
charge_radius,81,107,3,4
charge_radius,81,109,3,1
charge_radius,81,110,3,4
charge_radius,81,111,3,3
charge_radius,81,112,3,2
charge_radius,81,113,3,2
charge_radius,81,114,3,1
charge_radius,81,115,3,3
charge_radius,81,116,3,1
charge_radius,81,117,3,4
charge_radius,81,118,3,4
charge_radius,81,119,3,3
charge_radius,81,120,3,0
charge_radius,81,121,3,4
charge_radius,81,122,3,0
charge_radius,81,123,3,1
charge_radius,81,124,3,1
charge_radius,81,126,3,1
charge_radius,81,127,3,1
charge_radius,82,100,3,4
charge_radius,82,101,3,4
charge_radius,82,102,3,1
charge_radius,82,103,3,1
charge_radius,82,104,3,3
charge_radius,82,105,3,1
charge_radius,82,106,3,4
charge_radius,82,107,3,4
charge_radius,82,108,3,1
charge_radius,82,109,3,4
charge_radius,82,110,3,4
charge_radius,82,111,3,1
charge_radius,82,112,3,2
charge_radius,82,113,3,1
charge_radius,82,114,3,0
charge_radius,82,115,3,3
charge_radius,82,116,3,1
charge_radius,82,117,3,4
charge_radius,82,118,3,0
charge_radius,82,119,3,1
charge_radius,82,120,3,3
charge_radius,82,121,3,4
charge_radius,82,122,3,2
charge_radius,82,123,3,0
charge_radius,82,124,3,1
charge_radius,82,125,3,0
charge_radius,82,126,3,4
charge_radius,82,127,3,3
charge_radius,82,128,3,4
charge_radius,82,129,3,1
charge_radius,82,130,3,3
charge_radius,82,132,3,4
charge_radius,83,119,3,1
charge_radius,83,120,3,2
charge_radius,83,121,3,4
charge_radius,83,122,3,0
charge_radius,83,123,3,3
charge_radius,83,124,3,0
charge_radius,83,125,3,1
charge_radius,83,126,3,1
charge_radius,83,127,3,1
charge_radius,83,129,3,3
charge_radius,83,130,3,1
charge_radius,84,108,3,1
charge_radius,84,110,3,2
charge_radius,84,112,3,3
charge_radius,84,114,3,2
charge_radius,84,116,3,0
charge_radius,84,118,3,0
charge_radius,84,120,3,4
charge_radius,84,121,3,3
charge_radius,84,122,3,2
charge_radius,84,123,3,4
charge_radius,84,124,3,2
charge_radius,84,125,3,4
charge_radius,84,126,3,4
charge_radius,84,132,3,0
charge_radius,84,134,3,2
charge_radius,86,116,3,3
charge_radius,86,118,3,2
charge_radius,86,119,3,2
charge_radius,86,120,3,4
charge_radius,86,121,3,3
charge_radius,86,122,3,3
charge_radius,86,123,3,3
charge_radius,86,124,3,0
charge_radius,86,125,3,1
charge_radius,86,126,3,3
charge_radius,86,132,3,4
charge_radius,86,133,3,1
charge_radius,86,134,3,2
charge_radius,86,135,3,0
charge_radius,86,136,3,2
charge_radius,87,120,3,1
charge_radius,87,121,3,0
charge_radius,87,122,3,2
charge_radius,87,123,3,3
charge_radius,87,124,3,2
charge_radius,87,125,3,1
charge_radius,87,126,3,4
charge_radius,87,133,3,4
charge_radius,87,134,3,2
charge_radius,87,135,3,1
charge_radius,87,136,3,1
charge_radius,87,137,3,1
charge_radius,87,138,3,3
charge_radius,87,139,3,2
charge_radius,87,140,3,1
charge_radius,87,141,3,3
charge_radius,88,120,3,0
charge_radius,88,121,3,2
charge_radius,88,122,3,0
charge_radius,88,123,3,4
charge_radius,88,124,3,4
charge_radius,88,125,3,3
charge_radius,88,126,3,4
charge_radius,88,132,3,2
charge_radius,88,133,3,4
charge_radius,88,134,3,3
charge_radius,88,135,3,1
charge_radius,88,136,3,1
charge_radius,88,137,3,4
charge_radius,88,138,3,0
charge_radius,88,139,3,3
charge_radius,88,140,3,3
charge_radius,88,141,3,0
charge_radius,88,142,3,3
charge_radius,88,144,3,3
charge_radius,90,137,3,2
charge_radius,90,138,3,3
charge_radius,90,139,3,0
charge_radius,90,140,3,3
charge_radius,90,142,3,4
charge_radius,92,141,3,3
charge_radius,92,142,3,3
charge_radius,92,143,3,0
charge_radius,92,144,3,2
charge_radius,92,146,3,1
charge_radius,94,144,3,1
charge_radius,94,145,3,3
charge_radius,94,146,3,0
charge_radius,94,147,3,1
charge_radius,94,148,3,0
charge_radius,94,150,3,1
charge_radius,95,146,3,2
charge_radius,95,148,3,0
charge_radius,96,146,3,4
charge_radius,96,148,3,3
charge_radius,96,149,3,0
charge_radius,96,150,3,1
charge_radius,96,152,3,4
charge_radius,11,11,4,4
charge_radius,11,12,4,2
charge_radius,11,13,4,3
charge_radius,11,14,4,2
charge_radius,11,15,4,2
charge_radius,11,16,4,4
charge_radius,11,17,4,2
charge_radius,11,18,4,4
charge_radius,11,19,4,1
charge_radius,11,20,4,4
charge_radius,12,12,4,4
charge_radius,12,13,4,0
charge_radius,12,14,4,3
charge_radius,13,14,4,0
charge_radius,14,14,4,2
charge_radius,14,15,4,2
charge_radius,14,16,4,2
charge_radius,15,16,4,0
charge_radius,16,16,4,1
charge_radius,16,18,4,3
charge_radius,16,20,4,2
charge_radius,17,18,4,3
charge_radius,17,20,4,3
charge_radius,18,14,4,3
charge_radius,18,15,4,2
charge_radius,18,16,4,1
charge_radius,18,17,4,3
charge_radius,18,18,4,4
charge_radius,18,19,4,3
charge_radius,18,20,4,3
charge_radius,18,21,4,4
charge_radius,18,22,4,1
charge_radius,18,23,4,4
charge_radius,18,24,4,0
charge_radius,18,25,4,0
charge_radius,18,26,4,1
charge_radius,18,28,4,0
charge_radius,19,19,4,3
charge_radius,19,20,4,3
charge_radius,19,21,4,3
charge_radius,19,22,4,2
charge_radius,19,23,4,3
charge_radius,19,24,4,0
charge_radius,19,25,4,2
charge_radius,19,26,4,4
charge_radius,19,27,4,1
charge_radius,19,28,4,2
charge_radius,20,19,4,0
charge_radius,20,20,4,3
charge_radius,20,21,4,4
charge_radius,20,22,4,1
charge_radius,20,23,4,4
charge_radius,20,24,4,4
charge_radius,20,25,4,1
charge_radius,20,26,4,4
charge_radius,20,27,4,1
charge_radius,20,28,4,4
charge_radius,20,30,4,2
charge_radius,21,21,4,4
charge_radius,21,22,4,4
charge_radius,21,23,4,3
charge_radius,21,24,4,2
charge_radius,21,25,4,0
charge_radius,22,22,4,0
charge_radius,22,23,4,2
charge_radius,22,24,4,0
charge_radius,22,25,4,0
charge_radius,22,26,4,0
charge_radius,22,27,4,1
charge_radius,22,28,4,3
charge_radius,23,28,4,0
charge_radius,24,26,4,1
charge_radius,24,28,4,0
charge_radius,24,29,4,4
charge_radius,24,30,4,0
charge_radius,25,25,4,1
charge_radius,25,26,4,0
charge_radius,25,27,4,0
charge_radius,25,28,4,4
charge_radius,25,29,4,2
charge_radius,25,30,4,1
charge_radius,25,31,4,3
charge_radius,26,28,4,3
charge_radius,26,30,4,1
charge_radius,26,31,4,3
charge_radius,26,32,4,2
charge_radius,27,32,4,4
charge_radius,28,30,4,3
charge_radius,28,32,4,2
charge_radius,28,33,4,0
charge_radius,28,34,4,1
charge_radius,28,36,4,2
charge_radius,29,34,4,0
charge_radius,29,36,4,2
charge_radius,30,34,4,2
charge_radius,30,36,4,4
charge_radius,30,37,4,3
charge_radius,30,38,4,1
charge_radius,30,40,4,2
charge_radius,31,38,4,2
charge_radius,31,40,4,2
charge_radius,32,38,4,2
charge_radius,32,40,4,2
charge_radius,32,41,4,2
charge_radius,32,42,4,0
charge_radius,32,44,4,2
charge_radius,33,42,4,1
charge_radius,34,40,4,4
charge_radius,34,42,4,1
charge_radius,34,43,4,4
charge_radius,34,44,4,0
charge_radius,34,46,4,3
charge_radius,34,48,4,0
charge_radius,35,44,4,1
charge_radius,35,46,4,4
charge_radius,36,36,4,2
charge_radius,36,38,4,3
charge_radius,36,39,4,2
charge_radius,36,40,4,3
charge_radius,36,41,4,4
charge_radius,36,42,4,1
charge_radius,36,43,4,3
charge_radius,36,44,4,4
charge_radius,36,45,4,2
charge_radius,36,46,4,0
charge_radius,36,47,4,4
charge_radius,36,48,4,4
charge_radius,36,49,4,0
charge_radius,36,50,4,2
charge_radius,36,51,4,2
charge_radius,36,52,4,3
charge_radius,36,53,4,4
charge_radius,36,54,4,3
charge_radius,36,55,4,0
charge_radius,36,56,4,2
charge_radius,36,57,4,1
charge_radius,36,58,4,1
charge_radius,36,59,4,3
charge_radius,36,60,4,0
charge_radius,37,39,4,1
charge_radius,37,40,4,3
charge_radius,37,41,4,3
charge_radius,37,42,4,2
charge_radius,37,43,4,3
charge_radius,37,44,4,2
charge_radius,37,45,4,4
charge_radius,37,46,4,0
charge_radius,37,47,4,0
charge_radius,37,48,4,3
charge_radius,37,49,4,4
charge_radius,37,50,4,3
charge_radius,37,51,4,4
charge_radius,37,52,4,0
charge_radius,37,53,4,0
charge_radius,37,54,4,0
charge_radius,37,55,4,0
charge_radius,37,56,4,4
charge_radius,37,57,4,0
charge_radius,37,58,4,2
charge_radius,37,59,4,1
charge_radius,37,60,4,2
charge_radius,37,61,4,4
charge_radius,38,39,4,2
charge_radius,38,40,4,0
charge_radius,38,41,4,0
charge_radius,38,42,4,4
charge_radius,38,43,4,1
charge_radius,38,44,4,1
charge_radius,38,45,4,2
charge_radius,38,46,4,1
charge_radius,38,47,4,0
charge_radius,38,48,4,4
charge_radius,38,49,4,3
charge_radius,38,50,4,3
charge_radius,38,51,4,4
charge_radius,38,52,4,1
charge_radius,38,53,4,1
charge_radius,38,54,4,2
charge_radius,38,55,4,0
charge_radius,38,56,4,0
charge_radius,38,57,4,0
charge_radius,38,58,4,4
charge_radius,38,59,4,3
charge_radius,38,60,4,4
charge_radius,38,61,4,1
charge_radius,38,62,4,3
charge_radius,39,47,4,3
charge_radius,39,48,4,4
charge_radius,39,49,4,2
charge_radius,39,50,4,1
charge_radius,39,51,4,4
charge_radius,39,53,4,0
charge_radius,39,54,4,2
charge_radius,39,55,4,0
charge_radius,39,56,4,1
charge_radius,39,57,4,2
charge_radius,39,58,4,2
charge_radius,39,59,4,3
charge_radius,39,60,4,4
charge_radius,39,61,4,3
charge_radius,39,62,4,2
charge_radius,39,63,4,3
charge_radius,40,47,4,2
charge_radius,40,48,4,1
charge_radius,40,49,4,3
charge_radius,40,50,4,2
charge_radius,40,51,4,2
charge_radius,40,52,4,3
charge_radius,40,54,4,4
charge_radius,40,56,4,0
charge_radius,40,57,4,2
charge_radius,40,58,4,2
charge_radius,40,59,4,1
charge_radius,40,60,4,1
charge_radius,40,61,4,0
charge_radius,40,62,4,0
charge_radius,41,49,4,1
charge_radius,41,50,4,3
charge_radius,41,51,4,3
charge_radius,41,52,4,2
charge_radius,41,58,4,1
charge_radius,41,60,4,0
charge_radius,41,62,4,4
charge_radius,42,48,4,3
charge_radius,42,49,4,0
charge_radius,42,50,4,1
charge_radius,42,52,4,2
charge_radius,42,53,4,3
charge_radius,42,54,4,0
charge_radius,42,55,4,2
charge_radius,42,56,4,3
charge_radius,42,58,4,2
charge_radius,42,60,4,3
charge_radius,42,61,4,3
charge_radius,42,62,4,3
charge_radius,42,63,4,2
charge_radius,42,64,4,1
charge_radius,42,66,4,2
charge_radius,44,52,4,1
charge_radius,44,54,4,0
charge_radius,44,55,4,4
charge_radius,44,56,4,3
charge_radius,44,57,4,2
charge_radius,44,58,4,4
charge_radius,44,60,4,0
charge_radius,45,58,4,3
charge_radius,46,56,4,3
charge_radius,46,58,4,0
charge_radius,46,59,4,1
charge_radius,46,60,4,1
charge_radius,46,62,4,4
charge_radius,46,64,4,2
charge_radius,47,54,4,4
charge_radius,47,56,4,0
charge_radius,47,57,4,0
charge_radius,47,58,4,4
charge_radius,47,60,4,3
charge_radius,47,62,4,2
charge_radius,48,54,4,3
charge_radius,48,55,4,4
charge_radius,48,56,4,1
charge_radius,48,57,4,2
charge_radius,48,58,4,1
charge_radius,48,59,4,2
charge_radius,48,60,4,4
charge_radius,48,61,4,2
charge_radius,48,62,4,1
charge_radius,48,63,4,1
charge_radius,48,64,4,1
charge_radius,48,65,4,2
charge_radius,48,66,4,0
charge_radius,48,67,4,2
charge_radius,48,68,4,3
charge_radius,48,69,4,0
charge_radius,48,70,4,2
charge_radius,48,72,4,1
charge_radius,49,55,4,1
charge_radius,49,56,4,2
charge_radius,49,57,4,0
charge_radius,49,58,4,4
charge_radius,49,59,4,2
charge_radius,49,60,4,4
charge_radius,49,61,4,0
charge_radius,49,62,4,0
charge_radius,49,63,4,3
charge_radius,49,64,4,0
charge_radius,49,65,4,1
charge_radius,49,66,4,1
charge_radius,49,67,4,1
charge_radius,49,68,4,0
charge_radius,49,69,4,1
charge_radius,49,70,4,4
charge_radius,49,71,4,3
charge_radius,49,72,4,2
charge_radius,49,73,4,4
charge_radius,49,74,4,0
charge_radius,49,75,4,3
charge_radius,49,76,4,4
charge_radius,49,77,4,2
charge_radius,49,78,4,0
charge_radius,50,58,4,1
charge_radius,50,59,4,2
charge_radius,50,60,4,3
charge_radius,50,61,4,2
charge_radius,50,62,4,1
charge_radius,50,63,4,1
charge_radius,50,64,4,0
charge_radius,50,65,4,0
charge_radius,50,66,4,4
charge_radius,50,67,4,3
charge_radius,50,68,4,1
charge_radius,50,69,4,2
charge_radius,50,70,4,3
charge_radius,50,71,4,4
charge_radius,50,72,4,3
charge_radius,50,73,4,4
charge_radius,50,74,4,2
charge_radius,50,75,4,2
charge_radius,50,76,4,3
charge_radius,50,77,4,2
charge_radius,50,78,4,1
charge_radius,50,79,4,0
charge_radius,50,80,4,4
charge_radius,50,81,4,3
charge_radius,50,82,4,1
charge_radius,51,70,4,1
charge_radius,51,72,4,0
charge_radius,52,64,4,3
charge_radius,52,66,4,0
charge_radius,52,68,4,3
charge_radius,52,70,4,0
charge_radius,52,71,4,4
charge_radius,52,72,4,2
charge_radius,52,73,4,2
charge_radius,52,74,4,2
charge_radius,52,76,4,3
charge_radius,52,78,4,0
charge_radius,52,80,4,1
charge_radius,52,82,4,2
charge_radius,52,84,4,3
charge_radius,53,74,4,0
charge_radius,54,62,4,2
charge_radius,54,64,4,1
charge_radius,54,66,4,4
charge_radius,54,68,4,2
charge_radius,54,70,4,0
charge_radius,54,72,4,3
charge_radius,54,73,4,1
charge_radius,54,74,4,2
charge_radius,54,75,4,3
charge_radius,54,76,4,0
charge_radius,54,77,4,3
charge_radius,54,78,4,4
charge_radius,54,79,4,2
charge_radius,54,80,4,0
charge_radius,54,82,4,3
charge_radius,54,83,4,2
charge_radius,54,84,4,1
charge_radius,54,85,4,1
charge_radius,54,86,4,0
charge_radius,54,87,4,4
charge_radius,54,88,4,3
charge_radius,54,89,4,0
charge_radius,54,90,4,2
charge_radius,54,92,4,0
charge_radius,55,63,4,2
charge_radius,55,64,4,3
charge_radius,55,65,4,3
charge_radius,55,66,4,3
charge_radius,55,67,4,3
charge_radius,55,68,4,4
charge_radius,55,69,4,4
charge_radius,55,70,4,0
charge_radius,55,71,4,4
charge_radius,55,72,4,1
charge_radius,55,73,4,4
charge_radius,55,74,4,0
charge_radius,55,75,4,3
charge_radius,55,76,4,0
charge_radius,55,77,4,1
charge_radius,55,78,4,0
charge_radius,55,79,4,2
charge_radius,55,80,4,2
charge_radius,55,81,4,0
charge_radius,55,82,4,0
charge_radius,55,83,4,1
charge_radius,55,84,4,3
charge_radius,55,85,4,4
charge_radius,55,86,4,4
charge_radius,55,87,4,2
charge_radius,55,88,4,1
charge_radius,55,89,4,4
charge_radius,55,90,4,3
charge_radius,55,91,4,4
charge_radius,56,64,4,4
charge_radius,56,65,4,0
charge_radius,56,66,4,3
charge_radius,56,67,4,1
charge_radius,56,68,4,2
charge_radius,56,69,4,0
charge_radius,56,70,4,3
charge_radius,56,71,4,1
charge_radius,56,72,4,0
charge_radius,56,73,4,3
charge_radius,56,74,4,1
charge_radius,56,75,4,1
charge_radius,56,76,4,1
charge_radius,56,77,4,3
charge_radius,56,78,4,0
charge_radius,56,79,4,0
charge_radius,56,80,4,2
charge_radius,56,81,4,1
charge_radius,56,82,4,4
charge_radius,56,83,4,0
charge_radius,56,84,4,4
charge_radius,56,85,4,3
charge_radius,56,86,4,4
charge_radius,56,87,4,0
charge_radius,56,88,4,3
charge_radius,56,89,4,1
charge_radius,56,90,4,1
charge_radius,56,92,4,4
charge_radius,57,78,4,4
charge_radius,57,80,4,1
charge_radius,57,81,4,1
charge_radius,57,82,4,0
charge_radius,58,78,4,4
charge_radius,58,80,4,0
charge_radius,58,82,4,1
charge_radius,58,84,4,2
charge_radius,58,86,4,0
charge_radius,58,88,4,0
charge_radius,58,90,4,1
charge_radius,59,82,4,0
charge_radius,60,72,4,1
charge_radius,60,74,4,3
charge_radius,60,75,4,1
charge_radius,60,76,4,1
charge_radius,60,77,4,3
charge_radius,60,78,4,4
charge_radius,60,79,4,2
charge_radius,60,80,4,0
charge_radius,60,81,4,3
charge_radius,60,82,4,4
charge_radius,60,83,4,1
charge_radius,60,84,4,3
charge_radius,60,85,4,1
charge_radius,60,86,4,2
charge_radius,60,88,4,4
charge_radius,60,90,4,3
charge_radius,62,76,4,3
charge_radius,62,77,4,3
charge_radius,62,78,4,1
charge_radius,62,79,4,3
charge_radius,62,80,4,3
charge_radius,62,81,4,1
charge_radius,62,82,4,4
charge_radius,62,83,4,4
charge_radius,62,84,4,0
charge_radius,62,85,4,2
charge_radius,62,86,4,4
charge_radius,62,87,4,0
charge_radius,62,88,4,0
charge_radius,62,89,4,2
charge_radius,62,90,4,2
charge_radius,62,91,4,0
charge_radius,62,92,4,4
charge_radius,63,74,4,2
charge_radius,63,75,4,2
charge_radius,63,76,4,3
charge_radius,63,77,4,4
charge_radius,63,78,4,2
charge_radius,63,79,4,1
charge_radius,63,80,4,2
charge_radius,63,81,4,2
charge_radius,63,82,4,0
charge_radius,63,83,4,1
charge_radius,63,84,4,1
charge_radius,63,85,4,4
charge_radius,63,86,4,0
charge_radius,63,87,4,3
charge_radius,63,88,4,1
charge_radius,63,89,4,1
charge_radius,63,90,4,3
charge_radius,63,91,4,4
charge_radius,63,92,4,3
charge_radius,63,93,4,4
charge_radius,63,94,4,4
charge_radius,63,95,4,4
charge_radius,63,96,4,1
charge_radius,64,81,4,1
charge_radius,64,82,4,4
charge_radius,64,84,4,2
charge_radius,64,86,4,4
charge_radius,64,88,4,3
charge_radius,64,90,4,1
charge_radius,64,91,4,1
charge_radius,64,92,4,0
charge_radius,64,93,4,4
charge_radius,64,94,4,4
charge_radius,64,96,4,3
charge_radius,65,82,4,4
charge_radius,65,83,4,4
charge_radius,65,84,4,2
charge_radius,65,85,4,0
charge_radius,65,86,4,4
charge_radius,65,87,4,3
charge_radius,65,88,4,2
charge_radius,65,89,4,0
charge_radius,65,90,4,4
charge_radius,65,92,4,4
charge_radius,65,94,4,1
charge_radius,66,80,4,1
charge_radius,66,82,4,0
charge_radius,66,83,4,3
charge_radius,66,84,4,4
charge_radius,66,85,4,3
charge_radius,66,86,4,2
charge_radius,66,87,4,1
charge_radius,66,88,4,4
charge_radius,66,89,4,1
charge_radius,66,90,4,0
charge_radius,66,91,4,1
charge_radius,66,92,4,2
charge_radius,66,93,4,2
charge_radius,66,94,4,1
charge_radius,66,95,4,2
charge_radius,66,96,4,4
charge_radius,66,97,4,3
charge_radius,66,98,4,3
charge_radius,67,84,4,1
charge_radius,67,85,4,3
charge_radius,67,86,4,3
charge_radius,67,87,4,4
charge_radius,67,88,4,4
charge_radius,67,89,4,1
charge_radius,67,90,4,1
charge_radius,67,91,4,2
charge_radius,67,92,4,1
charge_radius,67,93,4,2
charge_radius,67,94,4,3
charge_radius,67,95,4,1
charge_radius,67,96,4,3
charge_radius,67,98,4,4
charge_radius,68,82,4,1
charge_radius,68,84,4,1
charge_radius,68,86,4,0
charge_radius,68,88,4,3
charge_radius,68,90,4,3
charge_radius,68,92,4,3
charge_radius,68,94,4,2
charge_radius,68,96,4,2
charge_radius,68,98,4,4
charge_radius,68,99,4,4
charge_radius,68,100,4,2
charge_radius,68,102,4,0
charge_radius,69,84,4,3
charge_radius,69,85,4,1
charge_radius,69,87,4,0
charge_radius,69,88,4,2
charge_radius,69,89,4,3
charge_radius,69,90,4,4
charge_radius,69,91,4,4
charge_radius,69,92,4,2
charge_radius,69,93,4,4
charge_radius,69,94,4,4
charge_radius,69,95,4,4
charge_radius,69,96,4,2
charge_radius,69,97,4,1
charge_radius,69,98,4,3
charge_radius,69,99,4,2
charge_radius,69,100,4,1
charge_radius,69,101,4,2
charge_radius,69,102,4,3
charge_radius,69,103,4,1
charge_radius,70,82,4,0
charge_radius,70,84,4,3
charge_radius,70,85,4,2
charge_radius,70,86,4,2
charge_radius,70,87,4,4
charge_radius,70,88,4,2
charge_radius,70,89,4,3
charge_radius,70,90,4,0
charge_radius,70,91,4,3
charge_radius,70,92,4,0
charge_radius,70,93,4,1
charge_radius,70,94,4,4
charge_radius,70,95,4,4
charge_radius,70,96,4,0
charge_radius,70,97,4,3
charge_radius,70,98,4,0
charge_radius,70,99,4,4
charge_radius,70,100,4,0
charge_radius,70,101,4,1
charge_radius,70,102,4,0
charge_radius,70,103,4,2
charge_radius,70,104,4,2
charge_radius,70,105,4,4
charge_radius,70,106,4,4
charge_radius,71,90,4,4
charge_radius,71,91,4,1
charge_radius,71,92,4,2
charge_radius,71,93,4,3
charge_radius,71,94,4,3
charge_radius,71,95,4,0
charge_radius,71,96,4,1
charge_radius,71,97,4,4
charge_radius,71,98,4,3
charge_radius,71,99,4,3
charge_radius,71,100,4,4
charge_radius,71,101,4,4
charge_radius,71,102,4,2
charge_radius,71,103,4,3
charge_radius,71,104,4,1
charge_radius,71,105,4,0
charge_radius,71,106,4,0
charge_radius,71,107,4,1
charge_radius,71,108,4,0
charge_radius,72,98,4,2
charge_radius,72,99,4,1
charge_radius,72,100,4,3
charge_radius,72,101,4,3
charge_radius,72,102,4,1
charge_radius,72,103,4,3
charge_radius,72,104,4,1
charge_radius,72,105,4,2
charge_radius,72,106,4,4
charge_radius,72,107,4,4
charge_radius,72,108,4,2
charge_radius,72,110,4,2
charge_radius,73,108,4,3
charge_radius,74,106,4,3
charge_radius,74,108,4,0
charge_radius,74,109,4,0
charge_radius,74,110,4,0
charge_radius,74,112,4,2
charge_radius,75,110,4,2
charge_radius,75,112,4,2
charge_radius,76,108,4,4
charge_radius,76,110,4,4
charge_radius,76,111,4,1
charge_radius,76,112,4,1
charge_radius,76,113,4,0
charge_radius,76,114,4,3
charge_radius,76,116,4,1
charge_radius,77,105,4,0
charge_radius,77,106,4,3
charge_radius,77,107,4,3
charge_radius,77,108,4,4
charge_radius,77,109,4,0
charge_radius,77,110,4,3
charge_radius,77,111,4,3
charge_radius,77,112,4,0
charge_radius,77,114,4,4
charge_radius,77,116,4,3
charge_radius,78,100,4,4
charge_radius,78,101,4,1
charge_radius,78,102,4,1
charge_radius,78,103,4,0
charge_radius,78,104,4,1
charge_radius,78,105,4,4
charge_radius,78,106,4,0
charge_radius,78,107,4,4
charge_radius,78,108,4,1
charge_radius,78,109,4,0
charge_radius,78,110,4,1
charge_radius,78,111,4,1
charge_radius,78,112,4,3
charge_radius,78,113,4,1
charge_radius,78,114,4,0
charge_radius,78,115,4,4
charge_radius,78,116,4,1
charge_radius,78,117,4,3
charge_radius,78,118,4,1
charge_radius,78,120,4,3
charge_radius,79,104,4,0
charge_radius,79,105,4,4
charge_radius,79,106,4,0
charge_radius,79,107,4,1
charge_radius,79,108,4,2
charge_radius,79,109,4,4
charge_radius,79,110,4,3
charge_radius,79,111,4,3
charge_radius,79,112,4,1
charge_radius,79,113,4,3
charge_radius,79,114,4,2
charge_radius,79,115,4,4
charge_radius,79,116,4,3
charge_radius,79,117,4,4
charge_radius,79,118,4,3
charge_radius,79,119,4,1
charge_radius,79,120,4,4
charge_radius,80,101,4,1
charge_radius,80,102,4,4
charge_radius,80,103,4,2
charge_radius,80,104,4,0
charge_radius,80,105,4,0
charge_radius,80,106,4,3
charge_radius,80,107,4,0
charge_radius,80,108,4,4
charge_radius,80,109,4,2
charge_radius,80,110,4,3
charge_radius,80,111,4,2
charge_radius,80,112,4,2
charge_radius,80,113,4,2
charge_radius,80,114,4,0
charge_radius,80,115,4,4
charge_radius,80,116,4,2
charge_radius,80,117,4,4
charge_radius,80,118,4,4
charge_radius,80,119,4,1
charge_radius,80,120,4,4
charge_radius,80,121,4,0
charge_radius,80,122,4,4
charge_radius,80,123,4,1
charge_radius,80,124,4,3
charge_radius,80,125,4,4
charge_radius,80,126,4,3
charge_radius,81,107,4,2
charge_radius,81,109,4,4
charge_radius,81,110,4,1
charge_radius,81,111,4,1
charge_radius,81,112,4,1
charge_radius,81,113,4,0
charge_radius,81,114,4,3
charge_radius,81,115,4,1
charge_radius,81,116,4,1
charge_radius,81,117,4,4
charge_radius,81,118,4,2
charge_radius,81,119,4,4
charge_radius,81,120,4,4
charge_radius,81,121,4,2
charge_radius,81,122,4,2
charge_radius,81,123,4,0
charge_radius,81,124,4,3
charge_radius,81,126,4,1
charge_radius,81,127,4,4
charge_radius,82,100,4,1
charge_radius,82,101,4,2
charge_radius,82,102,4,0
charge_radius,82,103,4,3
charge_radius,82,104,4,0
charge_radius,82,105,4,2
charge_radius,82,106,4,4
charge_radius,82,107,4,2
charge_radius,82,108,4,3
charge_radius,82,109,4,4
charge_radius,82,110,4,1
charge_radius,82,111,4,4
charge_radius,82,112,4,4
charge_radius,82,113,4,3
charge_radius,82,114,4,3
charge_radius,82,115,4,0
charge_radius,82,116,4,2
charge_radius,82,117,4,2
charge_radius,82,118,4,1
charge_radius,82,119,4,2
charge_radius,82,120,4,2
charge_radius,82,121,4,0
charge_radius,82,122,4,3
charge_radius,82,123,4,1
charge_radius,82,124,4,2
charge_radius,82,125,4,1
charge_radius,82,126,4,2
charge_radius,82,127,4,4
charge_radius,82,128,4,1
charge_radius,82,129,4,3
charge_radius,82,130,4,2
charge_radius,82,132,4,2
charge_radius,83,119,4,1
charge_radius,83,120,4,3
charge_radius,83,121,4,0
charge_radius,83,122,4,4
charge_radius,83,123,4,2
charge_radius,83,124,4,1
charge_radius,83,125,4,0
charge_radius,83,126,4,4
charge_radius,83,127,4,0
charge_radius,83,129,4,0
charge_radius,83,130,4,0
charge_radius,84,108,4,1
charge_radius,84,110,4,3
charge_radius,84,112,4,4
charge_radius,84,114,4,2
charge_radius,84,116,4,0
charge_radius,84,118,4,0
charge_radius,84,120,4,0
charge_radius,84,121,4,0
charge_radius,84,122,4,3
charge_radius,84,123,4,3
charge_radius,84,124,4,1
charge_radius,84,125,4,0
charge_radius,84,126,4,3
charge_radius,84,132,4,0
charge_radius,84,134,4,1
charge_radius,86,116,4,0
charge_radius,86,118,4,1
charge_radius,86,119,4,0
charge_radius,86,120,4,1
charge_radius,86,121,4,0
charge_radius,86,122,4,4
charge_radius,86,123,4,4
charge_radius,86,124,4,2
charge_radius,86,125,4,1
charge_radius,86,126,4,1
charge_radius,86,132,4,4
charge_radius,86,133,4,3
charge_radius,86,134,4,3
charge_radius,86,135,4,2
charge_radius,86,136,4,2
charge_radius,87,120,4,3
charge_radius,87,121,4,4
charge_radius,87,122,4,2
charge_radius,87,123,4,0
charge_radius,87,124,4,3
charge_radius,87,125,4,2
charge_radius,87,126,4,4
charge_radius,87,133,4,1
charge_radius,87,134,4,4
charge_radius,87,135,4,2
charge_radius,87,136,4,1
charge_radius,87,137,4,1
charge_radius,87,138,4,0
charge_radius,87,139,4,4
charge_radius,87,140,4,0
charge_radius,87,141,4,0
charge_radius,88,120,4,0
charge_radius,88,121,4,1
charge_radius,88,122,4,0
charge_radius,88,123,4,2
charge_radius,88,124,4,0
charge_radius,88,125,4,1
charge_radius,88,126,4,3
charge_radius,88,132,4,0
charge_radius,88,133,4,0
charge_radius,88,134,4,3
charge_radius,88,135,4,2
charge_radius,88,136,4,1
charge_radius,88,137,4,4
charge_radius,88,138,4,1
charge_radius,88,139,4,0
charge_radius,88,140,4,3
charge_radius,88,141,4,2
charge_radius,88,142,4,0
charge_radius,88,144,4,3
charge_radius,90,137,4,0
charge_radius,90,138,4,4
charge_radius,90,139,4,0
charge_radius,90,140,4,4
charge_radius,90,142,4,2
charge_radius,92,141,4,0
charge_radius,92,142,4,1
charge_radius,92,143,4,0
charge_radius,92,144,4,3
charge_radius,92,146,4,4
charge_radius,94,144,4,1
charge_radius,94,145,4,2
charge_radius,94,146,4,1
charge_radius,94,147,4,0
charge_radius,94,148,4,2
charge_radius,94,150,4,2
charge_radius,95,146,4,2
charge_radius,95,148,4,1
charge_radius,96,146,4,4
charge_radius,96,148,4,1
charge_radius,96,149,4,4
charge_radius,96,150,4,4
charge_radius,96,152,4,2
be2,12,12,0,3
be2,12,14,0,0
be2,12,16,0,2
be2,12,18,0,3
be2,12,20,0,0
be2,12,22,0,1
be2,12,24,0,0
be2,14,12,0,1
be2,14,14,0,1
be2,14,16,0,4
be2,14,18,0,0
be2,14,20,0,3
be2,14,22,0,0
be2,14,24,0,3
be2,14,26,0,1
be2,16,12,0,0
be2,16,14,0,3
be2,16,16,0,1
be2,16,18,0,1
be2,16,20,0,3
be2,16,22,0,1
be2,16,24,0,0
be2,16,26,0,1
be2,16,28,0,3
be2,18,14,0,2
be2,18,16,0,4
be2,18,18,0,0
be2,18,20,0,2
be2,18,22,0,4
be2,18,24,0,2
be2,18,26,0,1
be2,18,28,0,4
be2,18,30,0,4
be2,20,18,0,2
be2,20,20,0,2
be2,20,22,0,2
be2,20,24,0,3
be2,20,26,0,0
be2,20,28,0,4
be2,20,30,0,4
be2,21,21,0,2
be2,22,20,0,3
be2,22,22,0,4
be2,22,24,0,3
be2,22,26,0,2
be2,22,28,0,0
be2,22,30,0,2
be2,22,32,0,4
be2,22,34,0,3
be2,24,22,0,0
be2,24,24,0,3
be2,24,26,0,2
be2,24,28,0,0
be2,24,30,0,4
be2,24,32,0,0
be2,24,34,0,1
be2,24,36,0,1
be2,24,38,0,4
be2,24,40,0,3
be2,25,25,0,0
be2,26,24,0,0
be2,26,26,0,2
be2,26,28,0,3
be2,26,30,0,1
be2,26,32,0,1
be2,26,34,0,0
be2,26,36,0,1
be2,26,38,0,2
be2,26,40,0,1
be2,26,42,0,3
be2,28,26,0,4
be2,28,28,0,1
be2,28,30,0,4
be2,28,32,0,2
be2,28,34,0,0
be2,28,36,0,1
be2,28,38,0,0
be2,28,40,0,3
be2,28,42,0,0
be2,28,46,0,2
be2,30,32,0,3
be2,30,34,0,1
be2,30,36,0,4
be2,30,38,0,3
be2,30,40,0,4
be2,30,42,0,2
be2,30,44,0,3
be2,30,46,0,4
be2,30,48,0,4
be2,30,50,0,1
be2,31,33,0,0
be2,32,32,0,4
be2,32,34,0,1
be2,32,36,0,2
be2,32,38,0,3
be2,32,40,0,3
be2,32,42,0,0
be2,32,44,0,2
be2,32,46,0,3
be2,32,48,0,4
be2,32,50,0,0
be2,34,34,0,1
be2,34,36,0,0
be2,34,38,0,1
be2,34,40,0,2
be2,34,42,0,4
be2,34,44,0,1
be2,34,46,0,0
be2,34,48,0,2
be2,34,50,0,3
be2,34,52,0,3
be2,35,35,0,2
be2,36,36,0,2
be2,36,38,0,0
be2,36,40,0,1
be2,36,42,0,4
be2,36,44,0,1
be2,36,46,0,4
be2,36,48,0,2
be2,36,50,0,4
be2,36,52,0,1
be2,36,54,0,4
be2,36,56,0,0
be2,36,58,0,3
be2,36,60,0,0
be2,38,38,0,3
be2,38,40,0,2
be2,38,42,0,4
be2,38,44,0,4
be2,38,46,0,2
be2,38,48,0,3
be2,38,50,0,4
be2,38,52,0,0
be2,38,54,0,2
be2,38,56,0,0
be2,38,58,0,0
be2,38,60,0,2
be2,38,62,0,2
be2,40,42,0,2
be2,40,44,0,3
be2,40,46,0,1
be2,40,48,0,0
be2,40,50,0,1
be2,40,52,0,4
be2,40,54,0,1
be2,40,56,0,1
be2,40,58,0,1
be2,40,60,0,4
be2,40,62,0,3
be2,40,64,0,3
be2,40,66,0,0
be2,42,46,0,4
be2,42,50,0,3
be2,42,52,0,0
be2,42,54,0,1
be2,42,56,0,0
be2,42,58,0,2
be2,42,60,0,0
be2,42,62,0,0
be2,42,64,0,0
be2,42,66,0,0
be2,44,52,0,3
be2,44,54,0,2
be2,44,56,0,4
be2,44,58,0,0
be2,44,60,0,4
be2,44,62,0,2
be2,44,64,0,2
be2,44,66,0,1
be2,44,68,0,3
be2,46,52,0,1
be2,46,54,0,1
be2,46,56,0,4
be2,46,58,0,2
be2,46,60,0,4
be2,46,62,0,0
be2,46,64,0,0
be2,46,66,0,4
be2,46,68,0,3
be2,46,70,0,0
be2,48,52,0,4
be2,48,54,0,2
be2,48,56,0,3
be2,48,58,0,4
be2,48,60,0,3
be2,48,62,0,4
be2,48,64,0,0
be2,48,66,0,3
be2,48,68,0,1
be2,48,70,0,2
be2,48,72,0,1
be2,48,74,0,1
be2,48,76,0,4
be2,48,78,0,4
be2,50,54,0,0
be2,50,56,0,4
be2,50,58,0,0
be2,50,60,0,4
be2,50,62,0,0
be2,50,64,0,0
be2,50,66,0,0
be2,50,68,0,3
be2,50,70,0,4
be2,50,72,0,4
be2,50,74,0,2
be2,50,76,0,1
be2,50,78,0,1
be2,50,80,0,3
be2,50,82,0,2
be2,50,84,0,3
be2,52,56,0,2
be2,52,60,0,4
be2,52,62,0,2
be2,52,66,0,1
be2,52,68,0,2
be2,52,70,0,2
be2,52,72,0,2
be2,52,74,0,2
be2,52,76,0,1
be2,52,78,0,2
be2,52,80,0,1
be2,52,82,0,1
be2,52,84,0,3
be2,54,60,0,2
be2,54,62,0,0
be2,54,64,0,1
be2,54,66,0,3
be2,54,68,0,3
be2,54,70,0,3
be2,54,72,0,0
be2,54,74,0,2
be2,54,76,0,1
be2,54,78,0,1
be2,54,80,0,0
be2,54,82,0,2
be2,54,84,0,1
be2,54,86,0,2
be2,54,88,0,3
be2,54,90,0,1
be2,56,66,0,2
be2,56,68,0,2
be2,56,70,0,0
be2,56,72,0,4
be2,56,74,0,4
be2,56,76,0,4
be2,56,78,0,2
be2,56,80,0,2
be2,56,82,0,2
be2,56,84,0,3
be2,56,86,0,2
be2,56,88,0,2
be2,56,90,0,4
be2,58,66,0,1
be2,58,68,0,2
be2,58,70,0,0
be2,58,72,0,2
be2,58,74,0,3
be2,58,76,0,4
be2,58,78,0,3
be2,58,80,0,1
be2,58,82,0,3
be2,58,84,0,1
be2,58,86,0,4
be2,58,88,0,1
be2,58,90,0,0
be2,58,92,0,4
be2,58,94,0,3
be2,60,70,0,4
be2,60,72,0,1
be2,60,74,0,3
be2,60,76,0,3
be2,60,80,0,1
be2,60,82,0,2
be2,60,84,0,4
be2,60,86,0,3
be2,60,88,0,3
be2,60,90,0,1
be2,60,92,0,4
be2,60,94,0,1
be2,62,72,0,3
be2,62,74,0,3
be2,62,76,0,0
be2,62,78,0,1
be2,62,80,0,0
be2,62,82,0,1
be2,62,84,0,4
be2,62,86,0,3
be2,62,88,0,1
be2,62,90,0,4
be2,62,92,0,2
be2,62,94,0,4
be2,64,74,0,4
be2,64,82,0,4
be2,64,84,0,0
be2,64,88,0,3
be2,64,90,0,1
be2,64,92,0,2
be2,64,94,0,0
be2,64,96,0,3
be2,64,98,0,1
be2,64,100,0,2
be2,66,86,0,2
be2,66,88,0,2
be2,66,90,0,3
be2,66,92,0,3
be2,66,94,0,3
be2,66,96,0,3
be2,66,98,0,0
be2,68,88,0,2
be2,68,90,0,1
be2,68,92,0,1
be2,68,94,0,2
be2,68,96,0,3
be2,68,98,0,0
be2,68,100,0,4
be2,68,102,0,2
be2,70,88,0,0
be2,70,90,0,1
be2,70,92,0,1
be2,70,94,0,0
be2,70,96,0,0
be2,70,98,0,4
be2,70,100,0,0
be2,70,102,0,4
be2,70,104,0,4
be2,70,106,0,3
be2,71,99,0,2
be2,72,90,0,0
be2,72,92,0,3
be2,72,94,0,3
be2,72,96,0,2
be2,72,98,0,2
be2,72,100,0,2
be2,72,102,0,4
be2,72,104,0,4
be2,72,106,0,4
be2,72,108,0,3
be2,74,88,0,4
be2,74,90,0,4
be2,74,94,0,1
be2,74,96,0,2
be2,74,98,0,3
be2,74,100,0,0
be2,74,102,0,2
be2,74,104,0,0
be2,74,106,0,3
be2,74,108,0,3
be2,74,110,0,0
be2,74,112,0,3
be2,74,114,0,3
be2,76,96,0,2
be2,76,98,0,1
be2,76,100,0,0
be2,76,102,0,1
be2,76,104,0,0
be2,76,106,0,0
be2,76,108,0,1
be2,76,110,0,3
be2,76,112,0,4
be2,76,114,0,4
be2,76,116,0,1
be2,76,118,0,3
be2,78,98,0,1
be2,78,100,0,0
be2,78,102,0,2
be2,78,104,0,1
be2,78,106,0,0
be2,78,108,0,0
be2,78,110,0,0
be2,78,112,0,2
be2,78,114,0,4
be2,78,116,0,1
be2,78,118,0,2
be2,78,120,0,1
be2,80,100,0,1
be2,80,102,0,0
be2,80,104,0,4
be2,80,106,0,3
be2,80,108,0,4
be2,80,110,0,2
be2,80,114,0,1
be2,80,116,0,0
be2,80,118,0,3
be2,80,120,0,3
be2,80,122,0,2
be2,80,124,0,4
be2,80,126,0,0
be2,82,104,0,4
be2,82,106,0,3
be2,82,114,0,4
be2,82,122,0,0
be2,82,124,0,0
be2,82,126,0,2
be2,82,128,0,0
be2,84,110,0,4
be2,84,112,0,1
be2,84,116,0,4
be2,84,118,0,0
be2,84,126,0,4
be2,84,128,0,1
be2,86,116,0,4
be2,86,118,0,3
be2,86,128,0,4
be2,86,132,0,1
be2,86,134,0,4
be2,86,136,0,1
be2,88,130,0,1
be2,88,134,0,3
be2,88,136,0,2
be2,88,138,0,0
be2,88,140,0,2
be2,90,132,0,3
be2,90,134,0,1
be2,90,136,0,2
be2,90,138,0,3
be2,90,140,0,1
be2,90,142,0,2
be2,90,144,0,4
be2,92,138,0,0
be2,92,140,0,4
be2,92,142,0,3
be2,92,144,0,1
be2,92,146,0,1
be2,94,144,0,2
be2,94,146,0,2
be2,94,148,0,0
be2,94,150,0,0
be2,96,144,0,3
be2,96,148,0,2
be2,96,150,0,0
be2,96,152,0,3
be2,98,152,0,4
be2,98,154,0,1
be2,12,12,1,2
be2,12,14,1,4
be2,12,16,1,3
be2,12,18,1,4
be2,12,20,1,0
be2,12,22,1,0
be2,12,24,1,0
be2,14,12,1,4
be2,14,14,1,2
be2,14,16,1,2
be2,14,18,1,3
be2,14,20,1,1
be2,14,22,1,1
be2,14,24,1,1
be2,14,26,1,1
be2,16,12,1,4
be2,16,14,1,2
be2,16,16,1,0
be2,16,18,1,0
be2,16,20,1,2
be2,16,22,1,3
be2,16,24,1,3
be2,16,26,1,4
be2,16,28,1,1
be2,18,14,1,3
be2,18,16,1,4
be2,18,18,1,4
be2,18,20,1,1
be2,18,22,1,2
be2,18,24,1,0
be2,18,26,1,4
be2,18,28,1,2
be2,18,30,1,2
be2,20,18,1,2
be2,20,20,1,2
be2,20,22,1,2
be2,20,24,1,3
be2,20,26,1,4
be2,20,28,1,2
be2,20,30,1,1
be2,21,21,1,0
be2,22,20,1,1
be2,22,22,1,2
be2,22,24,1,4
be2,22,26,1,2
be2,22,28,1,3
be2,22,30,1,1
be2,22,32,1,0
be2,22,34,1,2
be2,24,22,1,4
be2,24,24,1,4
be2,24,26,1,2
be2,24,28,1,3
be2,24,30,1,2
be2,24,32,1,3
be2,24,34,1,2
be2,24,36,1,3
be2,24,38,1,3
be2,24,40,1,0
be2,25,25,1,1
be2,26,24,1,3
be2,26,26,1,1
be2,26,28,1,0
be2,26,30,1,2
be2,26,32,1,4
be2,26,34,1,0
be2,26,36,1,1
be2,26,38,1,0
be2,26,40,1,4
be2,26,42,1,1
be2,28,26,1,2
be2,28,28,1,4
be2,28,30,1,4
be2,28,32,1,1
be2,28,34,1,3
be2,28,36,1,3
be2,28,38,1,4
be2,28,40,1,3
be2,28,42,1,0
be2,28,46,1,2
be2,30,32,1,1
be2,30,34,1,1
be2,30,36,1,1
be2,30,38,1,4
be2,30,40,1,2
be2,30,42,1,1
be2,30,44,1,4
be2,30,46,1,4
be2,30,48,1,1
be2,30,50,1,1
be2,31,33,1,0
be2,32,32,1,1
be2,32,34,1,1
be2,32,36,1,1
be2,32,38,1,3
be2,32,40,1,1
be2,32,42,1,3
be2,32,44,1,3
be2,32,46,1,1
be2,32,48,1,2
be2,32,50,1,2
be2,34,34,1,0
be2,34,36,1,1
be2,34,38,1,3
be2,34,40,1,4
be2,34,42,1,2
be2,34,44,1,1
be2,34,46,1,1
be2,34,48,1,2
be2,34,50,1,4
be2,34,52,1,2
be2,35,35,1,2
be2,36,36,1,2
be2,36,38,1,2
be2,36,40,1,3
be2,36,42,1,4
be2,36,44,1,3
be2,36,46,1,0
be2,36,48,1,3
be2,36,50,1,0
be2,36,52,1,1
be2,36,54,1,4
be2,36,56,1,0
be2,36,58,1,1
be2,36,60,1,1
be2,38,38,1,1
be2,38,40,1,4
be2,38,42,1,1
be2,38,44,1,0
be2,38,46,1,4
be2,38,48,1,3
be2,38,50,1,1
be2,38,52,1,1
be2,38,54,1,4
be2,38,56,1,3
be2,38,58,1,2
be2,38,60,1,4
be2,38,62,1,3
be2,40,42,1,1
be2,40,44,1,1
be2,40,46,1,3
be2,40,48,1,4
be2,40,50,1,2
be2,40,52,1,4
be2,40,54,1,4
be2,40,56,1,2
be2,40,58,1,0
be2,40,60,1,2
be2,40,62,1,3
be2,40,64,1,3
be2,40,66,1,2
be2,42,46,1,3
be2,42,50,1,3
be2,42,52,1,4
be2,42,54,1,2
be2,42,56,1,4
be2,42,58,1,4
be2,42,60,1,1
be2,42,62,1,2
be2,42,64,1,1
be2,42,66,1,2
be2,44,52,1,0
be2,44,54,1,0
be2,44,56,1,2
be2,44,58,1,0
be2,44,60,1,1
be2,44,62,1,4
be2,44,64,1,2
be2,44,66,1,0
be2,44,68,1,2
be2,46,52,1,3
be2,46,54,1,0
be2,46,56,1,0
be2,46,58,1,0
be2,46,60,1,1
be2,46,62,1,2
be2,46,64,1,3
be2,46,66,1,3
be2,46,68,1,4
be2,46,70,1,1
be2,48,52,1,0
be2,48,54,1,3
be2,48,56,1,3
be2,48,58,1,3
be2,48,60,1,3
be2,48,62,1,1
be2,48,64,1,1
be2,48,66,1,1
be2,48,68,1,2
be2,48,70,1,1
be2,48,72,1,3
be2,48,74,1,0
be2,48,76,1,0
be2,48,78,1,3
be2,50,54,1,3
be2,50,56,1,4
be2,50,58,1,4
be2,50,60,1,1
be2,50,62,1,3
be2,50,64,1,3
be2,50,66,1,3
be2,50,68,1,0
be2,50,70,1,3
be2,50,72,1,4
be2,50,74,1,0
be2,50,76,1,3
be2,50,78,1,0
be2,50,80,1,1
be2,50,82,1,0
be2,50,84,1,4
be2,52,56,1,3
be2,52,60,1,2
be2,52,62,1,3
be2,52,66,1,0
be2,52,68,1,0
be2,52,70,1,4
be2,52,72,1,4
be2,52,74,1,3
be2,52,76,1,0
be2,52,78,1,3
be2,52,80,1,3
be2,52,82,1,0
be2,52,84,1,2
be2,54,60,1,0
be2,54,62,1,2
be2,54,64,1,0
be2,54,66,1,4
be2,54,68,1,2
be2,54,70,1,0
be2,54,72,1,2
be2,54,74,1,0
be2,54,76,1,3
be2,54,78,1,2
be2,54,80,1,0
be2,54,82,1,3
be2,54,84,1,4
be2,54,86,1,2
be2,54,88,1,4
be2,54,90,1,0
be2,56,66,1,4
be2,56,68,1,3
be2,56,70,1,4
be2,56,72,1,2
be2,56,74,1,3
be2,56,76,1,0
be2,56,78,1,1
be2,56,80,1,0
be2,56,82,1,2
be2,56,84,1,3
be2,56,86,1,0
be2,56,88,1,1
be2,56,90,1,0
be2,58,66,1,4
be2,58,68,1,3
be2,58,70,1,4
be2,58,72,1,4
be2,58,74,1,1
be2,58,76,1,0
be2,58,78,1,0
be2,58,80,1,3
be2,58,82,1,2
be2,58,84,1,0
be2,58,86,1,3
be2,58,88,1,3
be2,58,90,1,4
be2,58,92,1,4
be2,58,94,1,4
be2,60,70,1,0
be2,60,72,1,1
be2,60,74,1,3
be2,60,76,1,1
be2,60,80,1,0
be2,60,82,1,2
be2,60,84,1,0
be2,60,86,1,2
be2,60,88,1,0
be2,60,90,1,4
be2,60,92,1,1
be2,60,94,1,3
be2,62,72,1,4
be2,62,74,1,4
be2,62,76,1,4
be2,62,78,1,4
be2,62,80,1,0
be2,62,82,1,1
be2,62,84,1,3
be2,62,86,1,0
be2,62,88,1,0
be2,62,90,1,4
be2,62,92,1,1
be2,62,94,1,1
be2,64,74,1,0
be2,64,82,1,2
be2,64,84,1,0
be2,64,88,1,2
be2,64,90,1,2
be2,64,92,1,1
be2,64,94,1,4
be2,64,96,1,2
be2,64,98,1,0
be2,64,100,1,2
be2,66,86,1,3
be2,66,88,1,3
be2,66,90,1,2
be2,66,92,1,1
be2,66,94,1,0
be2,66,96,1,2
be2,66,98,1,0
be2,68,88,1,4
be2,68,90,1,1
be2,68,92,1,1
be2,68,94,1,3
be2,68,96,1,0
be2,68,98,1,4
be2,68,100,1,0
be2,68,102,1,3
be2,70,88,1,4
be2,70,90,1,4
be2,70,92,1,1
be2,70,94,1,4
be2,70,96,1,0
be2,70,98,1,3
be2,70,100,1,1
be2,70,102,1,3
be2,70,104,1,1
be2,70,106,1,0
be2,71,99,1,0
be2,72,90,1,3
be2,72,92,1,3
be2,72,94,1,0
be2,72,96,1,0
be2,72,98,1,1
be2,72,100,1,1
be2,72,102,1,3
be2,72,104,1,0
be2,72,106,1,4
be2,72,108,1,4
be2,74,88,1,1
be2,74,90,1,1
be2,74,94,1,3
be2,74,96,1,1
be2,74,98,1,0
be2,74,100,1,1
be2,74,102,1,1
be2,74,104,1,2
be2,74,106,1,0
be2,74,108,1,2
be2,74,110,1,2
be2,74,112,1,0
be2,74,114,1,1
be2,76,96,1,3
be2,76,98,1,3
be2,76,100,1,4
be2,76,102,1,2
be2,76,104,1,2
be2,76,106,1,2
be2,76,108,1,4
be2,76,110,1,4
be2,76,112,1,3
be2,76,114,1,4
be2,76,116,1,1
be2,76,118,1,2
be2,78,98,1,1
be2,78,100,1,1
be2,78,102,1,0
be2,78,104,1,2
be2,78,106,1,2
be2,78,108,1,4
be2,78,110,1,2
be2,78,112,1,3
be2,78,114,1,1
be2,78,116,1,4
be2,78,118,1,3
be2,78,120,1,2
be2,80,100,1,2
be2,80,102,1,2
be2,80,104,1,1
be2,80,106,1,0
be2,80,108,1,0
be2,80,110,1,3
be2,80,114,1,3
be2,80,116,1,0
be2,80,118,1,1
be2,80,120,1,4
be2,80,122,1,4
be2,80,124,1,1
be2,80,126,1,3
be2,82,104,1,1
be2,82,106,1,0
be2,82,114,1,3
be2,82,122,1,4
be2,82,124,1,3
be2,82,126,1,0
be2,82,128,1,4
be2,84,110,1,0
be2,84,112,1,4
be2,84,116,1,4
be2,84,118,1,4
be2,84,126,1,4
be2,84,128,1,1
be2,86,116,1,0
be2,86,118,1,2
be2,86,128,1,4
be2,86,132,1,2
be2,86,134,1,0
be2,86,136,1,0
be2,88,130,1,1
be2,88,134,1,2
be2,88,136,1,2
be2,88,138,1,1
be2,88,140,1,2
be2,90,132,1,2
be2,90,134,1,1
be2,90,136,1,4
be2,90,138,1,0
be2,90,140,1,1
be2,90,142,1,1
be2,90,144,1,2
be2,92,138,1,3
be2,92,140,1,3
be2,92,142,1,2
be2,92,144,1,4
be2,92,146,1,0
be2,94,144,1,3
be2,94,146,1,2
be2,94,148,1,2
be2,94,150,1,3
be2,96,144,1,4
be2,96,148,1,2
be2,96,150,1,0
be2,96,152,1,4
be2,98,152,1,2
be2,98,154,1,1
be2,12,12,2,3
be2,12,14,2,2
be2,12,16,2,0
be2,12,18,2,1
be2,12,20,2,2
be2,12,22,2,2
be2,12,24,2,2
be2,14,12,2,0
be2,14,14,2,3
be2,14,16,2,3
be2,14,18,2,1
be2,14,20,2,2
be2,14,22,2,0
be2,14,24,2,1
be2,14,26,2,2
be2,16,12,2,4
be2,16,14,2,3
be2,16,16,2,1
be2,16,18,2,2
be2,16,20,2,4
be2,16,22,2,0
be2,16,24,2,3
be2,16,26,2,4
be2,16,28,2,2
be2,18,14,2,0
be2,18,16,2,0
be2,18,18,2,4
be2,18,20,2,3
be2,18,22,2,0
be2,18,24,2,1
be2,18,26,2,1
be2,18,28,2,4
be2,18,30,2,0
be2,20,18,2,4
be2,20,20,2,4
be2,20,22,2,1
be2,20,24,2,3
be2,20,26,2,0
be2,20,28,2,4
be2,20,30,2,2
be2,21,21,2,1
be2,22,20,2,1
be2,22,22,2,1
be2,22,24,2,4
be2,22,26,2,2
be2,22,28,2,3
be2,22,30,2,3
be2,22,32,2,4
be2,22,34,2,3
be2,24,22,2,4
be2,24,24,2,4
be2,24,26,2,4
be2,24,28,2,4
be2,24,30,2,0
be2,24,32,2,2
be2,24,34,2,0
be2,24,36,2,4
be2,24,38,2,2
be2,24,40,2,4
be2,25,25,2,3
be2,26,24,2,1
be2,26,26,2,4
be2,26,28,2,3
be2,26,30,2,3
be2,26,32,2,2
be2,26,34,2,1
be2,26,36,2,0
be2,26,38,2,0
be2,26,40,2,1
be2,26,42,2,0
be2,28,26,2,0
be2,28,28,2,2
be2,28,30,2,4
be2,28,32,2,4
be2,28,34,2,2
be2,28,36,2,4
be2,28,38,2,4
be2,28,40,2,0
be2,28,42,2,3
be2,28,46,2,2
be2,30,32,2,4
be2,30,34,2,4
be2,30,36,2,2
be2,30,38,2,4
be2,30,40,2,0
be2,30,42,2,2
be2,30,44,2,4
be2,30,46,2,2
be2,30,48,2,4
be2,30,50,2,0
be2,31,33,2,2
be2,32,32,2,2
be2,32,34,2,3
be2,32,36,2,2
be2,32,38,2,1
be2,32,40,2,4
be2,32,42,2,4
be2,32,44,2,4
be2,32,46,2,1
be2,32,48,2,1
be2,32,50,2,1
be2,34,34,2,2
be2,34,36,2,4
be2,34,38,2,2
be2,34,40,2,2
be2,34,42,2,2
be2,34,44,2,2
be2,34,46,2,3
be2,34,48,2,1
be2,34,50,2,0
be2,34,52,2,3
be2,35,35,2,2
be2,36,36,2,1
be2,36,38,2,2
be2,36,40,2,0
be2,36,42,2,3
be2,36,44,2,4
be2,36,46,2,0
be2,36,48,2,1
be2,36,50,2,1
be2,36,52,2,2
be2,36,54,2,4
be2,36,56,2,3
be2,36,58,2,3
be2,36,60,2,4
be2,38,38,2,4
be2,38,40,2,2
be2,38,42,2,2
be2,38,44,2,1
be2,38,46,2,0
be2,38,48,2,2
be2,38,50,2,0
be2,38,52,2,4
be2,38,54,2,2
be2,38,56,2,2
be2,38,58,2,3
be2,38,60,2,4
be2,38,62,2,4
be2,40,42,2,4
be2,40,44,2,3
be2,40,46,2,2
be2,40,48,2,0
be2,40,50,2,0
be2,40,52,2,3
be2,40,54,2,2
be2,40,56,2,3
be2,40,58,2,1
be2,40,60,2,1
be2,40,62,2,3
be2,40,64,2,3
be2,40,66,2,1
be2,42,46,2,1
be2,42,50,2,2
be2,42,52,2,2
be2,42,54,2,2
be2,42,56,2,0
be2,42,58,2,2
be2,42,60,2,1
be2,42,62,2,3
be2,42,64,2,0
be2,42,66,2,1
be2,44,52,2,1
be2,44,54,2,4
be2,44,56,2,0
be2,44,58,2,2
be2,44,60,2,1
be2,44,62,2,2
be2,44,64,2,4
be2,44,66,2,4
be2,44,68,2,2
be2,46,52,2,0
be2,46,54,2,2
be2,46,56,2,1
be2,46,58,2,1
be2,46,60,2,0
be2,46,62,2,1
be2,46,64,2,1
be2,46,66,2,3
be2,46,68,2,1
be2,46,70,2,2
be2,48,52,2,0
be2,48,54,2,1
be2,48,56,2,0
be2,48,58,2,0
be2,48,60,2,3
be2,48,62,2,4
be2,48,64,2,0
be2,48,66,2,3
be2,48,68,2,2
be2,48,70,2,1
be2,48,72,2,2
be2,48,74,2,3
be2,48,76,2,1
be2,48,78,2,1
be2,50,54,2,1
be2,50,56,2,4
be2,50,58,2,4
be2,50,60,2,3
be2,50,62,2,0
be2,50,64,2,0
be2,50,66,2,0
be2,50,68,2,3
be2,50,70,2,3
be2,50,72,2,2
be2,50,74,2,0
be2,50,76,2,1
be2,50,78,2,3
be2,50,80,2,4
be2,50,82,2,3
be2,50,84,2,2
be2,52,56,2,2
be2,52,60,2,4
be2,52,62,2,0
be2,52,66,2,4
be2,52,68,2,0
be2,52,70,2,0
be2,52,72,2,1
be2,52,74,2,2
be2,52,76,2,4
be2,52,78,2,3
be2,52,80,2,2
be2,52,82,2,2
be2,52,84,2,2
be2,54,60,2,1
be2,54,62,2,3
be2,54,64,2,2
be2,54,66,2,0
be2,54,68,2,0
be2,54,70,2,0
be2,54,72,2,3
be2,54,74,2,1
be2,54,76,2,1
be2,54,78,2,1
be2,54,80,2,4
be2,54,82,2,3
be2,54,84,2,0
be2,54,86,2,0
be2,54,88,2,0
be2,54,90,2,4
be2,56,66,2,3
be2,56,68,2,0
be2,56,70,2,0
be2,56,72,2,3
be2,56,74,2,1
be2,56,76,2,1
be2,56,78,2,3
be2,56,80,2,4
be2,56,82,2,4
be2,56,84,2,4
be2,56,86,2,3
be2,56,88,2,3
be2,56,90,2,0
be2,58,66,2,4
be2,58,68,2,1
be2,58,70,2,4
be2,58,72,2,4
be2,58,74,2,1
be2,58,76,2,3
be2,58,78,2,0
be2,58,80,2,2
be2,58,82,2,4
be2,58,84,2,1
be2,58,86,2,0
be2,58,88,2,4
be2,58,90,2,1
be2,58,92,2,0
be2,58,94,2,2
be2,60,70,2,2
be2,60,72,2,0
be2,60,74,2,2
be2,60,76,2,0
be2,60,80,2,4
be2,60,82,2,3
be2,60,84,2,3
be2,60,86,2,2
be2,60,88,2,3
be2,60,90,2,0
be2,60,92,2,1
be2,60,94,2,2
be2,62,72,2,1
be2,62,74,2,0
be2,62,76,2,2
be2,62,78,2,2
be2,62,80,2,1
be2,62,82,2,1
be2,62,84,2,0
be2,62,86,2,1
be2,62,88,2,4
be2,62,90,2,4
be2,62,92,2,1
be2,62,94,2,3
be2,64,74,2,2
be2,64,82,2,3
be2,64,84,2,4
be2,64,88,2,1
be2,64,90,2,4
be2,64,92,2,4
be2,64,94,2,2
be2,64,96,2,3
be2,64,98,2,4
be2,64,100,2,0
be2,66,86,2,0
be2,66,88,2,4
be2,66,90,2,3
be2,66,92,2,1
be2,66,94,2,1
be2,66,96,2,0
be2,66,98,2,3
be2,68,88,2,3
be2,68,90,2,3
be2,68,92,2,0
be2,68,94,2,3
be2,68,96,2,3
be2,68,98,2,0
be2,68,100,2,3
be2,68,102,2,0
be2,70,88,2,4
be2,70,90,2,1
be2,70,92,2,2
be2,70,94,2,4
be2,70,96,2,1
be2,70,98,2,1
be2,70,100,2,1
be2,70,102,2,4
be2,70,104,2,4
be2,70,106,2,4
be2,71,99,2,4
be2,72,90,2,0
be2,72,92,2,0
be2,72,94,2,2
be2,72,96,2,1
be2,72,98,2,2
be2,72,100,2,3
be2,72,102,2,0
be2,72,104,2,1
be2,72,106,2,0
be2,72,108,2,2
be2,74,88,2,1
be2,74,90,2,3
be2,74,94,2,0
be2,74,96,2,1
be2,74,98,2,0
be2,74,100,2,3
be2,74,102,2,4
be2,74,104,2,2
be2,74,106,2,2
be2,74,108,2,1
be2,74,110,2,1
be2,74,112,2,3
be2,74,114,2,2
be2,76,96,2,0
be2,76,98,2,4
be2,76,100,2,0
be2,76,102,2,0
be2,76,104,2,0
be2,76,106,2,3
be2,76,108,2,3
be2,76,110,2,3
be2,76,112,2,0
be2,76,114,2,4
be2,76,116,2,4
be2,76,118,2,4
be2,78,98,2,3
be2,78,100,2,4
be2,78,102,2,2
be2,78,104,2,1
be2,78,106,2,4
be2,78,108,2,3
be2,78,110,2,3
be2,78,112,2,2
be2,78,114,2,2
be2,78,116,2,0
be2,78,118,2,3
be2,78,120,2,4
be2,80,100,2,2
be2,80,102,2,1
be2,80,104,2,1
be2,80,106,2,0
be2,80,108,2,0
be2,80,110,2,1
be2,80,114,2,4
be2,80,116,2,1
be2,80,118,2,3
be2,80,120,2,3
be2,80,122,2,3
be2,80,124,2,3
be2,80,126,2,3
be2,82,104,2,0
be2,82,106,2,3
be2,82,114,2,3
be2,82,122,2,2
be2,82,124,2,1
be2,82,126,2,1
be2,82,128,2,0
be2,84,110,2,3
be2,84,112,2,2
be2,84,116,2,1
be2,84,118,2,0
be2,84,126,2,3
be2,84,128,2,2
be2,86,116,2,1
be2,86,118,2,3
be2,86,128,2,2
be2,86,132,2,3
be2,86,134,2,4
be2,86,136,2,0
be2,88,130,2,0
be2,88,134,2,3
be2,88,136,2,1
be2,88,138,2,1
be2,88,140,2,2
be2,90,132,2,2
be2,90,134,2,1
be2,90,136,2,1
be2,90,138,2,0
be2,90,140,2,1
be2,90,142,2,2
be2,90,144,2,4
be2,92,138,2,0
be2,92,140,2,4
be2,92,142,2,1
be2,92,144,2,2
be2,92,146,2,3
be2,94,144,2,3
be2,94,146,2,2
be2,94,148,2,1
be2,94,150,2,2
be2,96,144,2,4
be2,96,148,2,3
be2,96,150,2,3
be2,96,152,2,0
be2,98,152,2,0
be2,98,154,2,4
be2,12,12,3,4
be2,12,14,3,4
be2,12,16,3,4
be2,12,18,3,2
be2,12,20,3,1
be2,12,22,3,1
be2,12,24,3,2
be2,14,12,3,4
be2,14,14,3,3
be2,14,16,3,3
be2,14,18,3,1
be2,14,20,3,2
be2,14,22,3,2
be2,14,24,3,3
be2,14,26,3,0
be2,16,12,3,0
be2,16,14,3,0
be2,16,16,3,3
be2,16,18,3,2
be2,16,20,3,3
be2,16,22,3,4
be2,16,24,3,2
be2,16,26,3,3
be2,16,28,3,1
be2,18,14,3,0
be2,18,16,3,1
be2,18,18,3,4
be2,18,20,3,0
be2,18,22,3,4
be2,18,24,3,2
be2,18,26,3,1
be2,18,28,3,0
be2,18,30,3,3
be2,20,18,3,4
be2,20,20,3,2
be2,20,22,3,3
be2,20,24,3,4
be2,20,26,3,0
be2,20,28,3,1
be2,20,30,3,3
be2,21,21,3,0
be2,22,20,3,2
be2,22,22,3,1
be2,22,24,3,2
be2,22,26,3,3
be2,22,28,3,2
be2,22,30,3,1
be2,22,32,3,1
be2,22,34,3,4
be2,24,22,3,4
be2,24,24,3,1
be2,24,26,3,1
be2,24,28,3,3
be2,24,30,3,1
be2,24,32,3,4
be2,24,34,3,1
be2,24,36,3,0
be2,24,38,3,2
be2,24,40,3,1
be2,25,25,3,0
be2,26,24,3,3
be2,26,26,3,0
be2,26,28,3,3
be2,26,30,3,3
be2,26,32,3,2
be2,26,34,3,1
be2,26,36,3,0
be2,26,38,3,0
be2,26,40,3,1
be2,26,42,3,4
be2,28,26,3,1
be2,28,28,3,3
be2,28,30,3,2
be2,28,32,3,0
be2,28,34,3,1
be2,28,36,3,1
be2,28,38,3,3
be2,28,40,3,1
be2,28,42,3,2
be2,28,46,3,1
be2,30,32,3,0
be2,30,34,3,0
be2,30,36,3,1
be2,30,38,3,0
be2,30,40,3,1
be2,30,42,3,2
be2,30,44,3,3
be2,30,46,3,0
be2,30,48,3,0
be2,30,50,3,2
be2,31,33,3,3
be2,32,32,3,4
be2,32,34,3,3
be2,32,36,3,4
be2,32,38,3,2
be2,32,40,3,3
be2,32,42,3,3
be2,32,44,3,4
be2,32,46,3,1
be2,32,48,3,4
be2,32,50,3,3
be2,34,34,3,0
be2,34,36,3,1
be2,34,38,3,0
be2,34,40,3,3
be2,34,42,3,0
be2,34,44,3,4
be2,34,46,3,0
be2,34,48,3,2
be2,34,50,3,2
be2,34,52,3,4
be2,35,35,3,0
be2,36,36,3,1
be2,36,38,3,4
be2,36,40,3,0
be2,36,42,3,1
be2,36,44,3,0
be2,36,46,3,4
be2,36,48,3,2
be2,36,50,3,4
be2,36,52,3,3
be2,36,54,3,1
be2,36,56,3,2
be2,36,58,3,0
be2,36,60,3,0
be2,38,38,3,1
be2,38,40,3,1
be2,38,42,3,0
be2,38,44,3,0
be2,38,46,3,4
be2,38,48,3,0
be2,38,50,3,4
be2,38,52,3,2
be2,38,54,3,3
be2,38,56,3,1
be2,38,58,3,3
be2,38,60,3,1
be2,38,62,3,0
be2,40,42,3,4
be2,40,44,3,1
be2,40,46,3,2
be2,40,48,3,4
be2,40,50,3,0
be2,40,52,3,2
be2,40,54,3,0
be2,40,56,3,3
be2,40,58,3,0
be2,40,60,3,4
be2,40,62,3,4
be2,40,64,3,2
be2,40,66,3,4
be2,42,46,3,2
be2,42,50,3,4
be2,42,52,3,0
be2,42,54,3,0
be2,42,56,3,1
be2,42,58,3,4
be2,42,60,3,1
be2,42,62,3,3
be2,42,64,3,1
be2,42,66,3,4
be2,44,52,3,0
be2,44,54,3,2
be2,44,56,3,2
be2,44,58,3,0
be2,44,60,3,4
be2,44,62,3,1
be2,44,64,3,3
be2,44,66,3,2
be2,44,68,3,4
be2,46,52,3,2
be2,46,54,3,4
be2,46,56,3,4
be2,46,58,3,3
be2,46,60,3,4
be2,46,62,3,1
be2,46,64,3,4
be2,46,66,3,2
be2,46,68,3,3
be2,46,70,3,1
be2,48,52,3,2
be2,48,54,3,3
be2,48,56,3,4
be2,48,58,3,4
be2,48,60,3,4
be2,48,62,3,1
be2,48,64,3,1
be2,48,66,3,2
be2,48,68,3,0
be2,48,70,3,1
be2,48,72,3,1
be2,48,74,3,2
be2,48,76,3,4
be2,48,78,3,1
be2,50,54,3,1
be2,50,56,3,1
be2,50,58,3,2
be2,50,60,3,0
be2,50,62,3,2
be2,50,64,3,2
be2,50,66,3,3
be2,50,68,3,0
be2,50,70,3,4
be2,50,72,3,2
be2,50,74,3,2
be2,50,76,3,1
be2,50,78,3,4
be2,50,80,3,3
be2,50,82,3,3
be2,50,84,3,0
be2,52,56,3,0
be2,52,60,3,0
be2,52,62,3,3
be2,52,66,3,2
be2,52,68,3,1
be2,52,70,3,3
be2,52,72,3,3
be2,52,74,3,2
be2,52,76,3,1
be2,52,78,3,4
be2,52,80,3,2
be2,52,82,3,2
be2,52,84,3,3
be2,54,60,3,4
be2,54,62,3,1
be2,54,64,3,0
be2,54,66,3,3
be2,54,68,3,0
be2,54,70,3,2
be2,54,72,3,0
be2,54,74,3,1
be2,54,76,3,1
be2,54,78,3,4
be2,54,80,3,1
be2,54,82,3,3
be2,54,84,3,4
be2,54,86,3,1
be2,54,88,3,0
be2,54,90,3,2
be2,56,66,3,0
be2,56,68,3,2
be2,56,70,3,0
be2,56,72,3,4
be2,56,74,3,2
be2,56,76,3,1
be2,56,78,3,0
be2,56,80,3,3
be2,56,82,3,2
be2,56,84,3,1
be2,56,86,3,4
be2,56,88,3,2
be2,56,90,3,2
be2,58,66,3,3
be2,58,68,3,4
be2,58,70,3,0
be2,58,72,3,1
be2,58,74,3,4
be2,58,76,3,3
be2,58,78,3,4
be2,58,80,3,2
be2,58,82,3,2
be2,58,84,3,2
be2,58,86,3,0
be2,58,88,3,1
be2,58,90,3,3
be2,58,92,3,0
be2,58,94,3,0
be2,60,70,3,3
be2,60,72,3,0
be2,60,74,3,2
be2,60,76,3,0
be2,60,80,3,3
be2,60,82,3,1
be2,60,84,3,1
be2,60,86,3,4
be2,60,88,3,3
be2,60,90,3,3
be2,60,92,3,4
be2,60,94,3,0
be2,62,72,3,2
be2,62,74,3,0
be2,62,76,3,2
be2,62,78,3,3
be2,62,80,3,3
be2,62,82,3,2
be2,62,84,3,3
be2,62,86,3,1
be2,62,88,3,0
be2,62,90,3,2
be2,62,92,3,4
be2,62,94,3,0
be2,64,74,3,1
be2,64,82,3,1
be2,64,84,3,4
be2,64,88,3,2
be2,64,90,3,3
be2,64,92,3,1
be2,64,94,3,0
be2,64,96,3,3
be2,64,98,3,2
be2,64,100,3,3
be2,66,86,3,0
be2,66,88,3,1
be2,66,90,3,2
be2,66,92,3,2
be2,66,94,3,2
be2,66,96,3,1
be2,66,98,3,0
be2,68,88,3,4
be2,68,90,3,2
be2,68,92,3,3
be2,68,94,3,3
be2,68,96,3,3
be2,68,98,3,2
be2,68,100,3,3
be2,68,102,3,4
be2,70,88,3,4
be2,70,90,3,0
be2,70,92,3,4
be2,70,94,3,2
be2,70,96,3,2
be2,70,98,3,1
be2,70,100,3,4
be2,70,102,3,2
be2,70,104,3,3
be2,70,106,3,2
be2,71,99,3,2
be2,72,90,3,0
be2,72,92,3,0
be2,72,94,3,3
be2,72,96,3,3
be2,72,98,3,4
be2,72,100,3,3
be2,72,102,3,2
be2,72,104,3,3
be2,72,106,3,4
be2,72,108,3,4
be2,74,88,3,4
be2,74,90,3,0
be2,74,94,3,3
be2,74,96,3,0
be2,74,98,3,4
be2,74,100,3,2
be2,74,102,3,0
be2,74,104,3,0
be2,74,106,3,0
be2,74,108,3,4
be2,74,110,3,2
be2,74,112,3,1
be2,74,114,3,2
be2,76,96,3,4
be2,76,98,3,3
be2,76,100,3,4
be2,76,102,3,1
be2,76,104,3,1
be2,76,106,3,2
be2,76,108,3,0
be2,76,110,3,3
be2,76,112,3,3
be2,76,114,3,0
be2,76,116,3,4
be2,76,118,3,0
be2,78,98,3,4
be2,78,100,3,4
be2,78,102,3,3
be2,78,104,3,3
be2,78,106,3,3
be2,78,108,3,3
be2,78,110,3,3
be2,78,112,3,3
be2,78,114,3,0
be2,78,116,3,1
be2,78,118,3,4
be2,78,120,3,1
be2,80,100,3,2
be2,80,102,3,4
be2,80,104,3,3
be2,80,106,3,3
be2,80,108,3,1
be2,80,110,3,4
be2,80,114,3,2
be2,80,116,3,3
be2,80,118,3,4
be2,80,120,3,4
be2,80,122,3,4
be2,80,124,3,0
be2,80,126,3,2
be2,82,104,3,0
be2,82,106,3,1
be2,82,114,3,0
be2,82,122,3,1
be2,82,124,3,1
be2,82,126,3,2
be2,82,128,3,3
be2,84,110,3,0
be2,84,112,3,3
be2,84,116,3,4
be2,84,118,3,3
be2,84,126,3,4
be2,84,128,3,4
be2,86,116,3,0
be2,86,118,3,2
be2,86,128,3,1
be2,86,132,3,3
be2,86,134,3,3
be2,86,136,3,4
be2,88,130,3,2
be2,88,134,3,0
be2,88,136,3,2
be2,88,138,3,4
be2,88,140,3,1
be2,90,132,3,0
be2,90,134,3,1
be2,90,136,3,2
be2,90,138,3,0
be2,90,140,3,3
be2,90,142,3,3
be2,90,144,3,1
be2,92,138,3,1
be2,92,140,3,3
be2,92,142,3,2
be2,92,144,3,2
be2,92,146,3,0
be2,94,144,3,0
be2,94,146,3,1
be2,94,148,3,1
be2,94,150,3,2
be2,96,144,3,4
be2,96,148,3,1
be2,96,150,3,1
be2,96,152,3,1
be2,98,152,3,4
be2,98,154,3,3
be2,12,12,4,4
be2,12,14,4,1
be2,12,16,4,3
be2,12,18,4,4
be2,12,20,4,3
be2,12,22,4,3
be2,12,24,4,0
be2,14,12,4,3
be2,14,14,4,2
be2,14,16,4,3
be2,14,18,4,3
be2,14,20,4,0
be2,14,22,4,1
be2,14,24,4,0
be2,14,26,4,0
be2,16,12,4,3
be2,16,14,4,1
be2,16,16,4,2
be2,16,18,4,1
be2,16,20,4,2
be2,16,22,4,2
be2,16,24,4,4
be2,16,26,4,4
be2,16,28,4,2
be2,18,14,4,0
be2,18,16,4,0
be2,18,18,4,3
be2,18,20,4,3
be2,18,22,4,2
be2,18,24,4,3
be2,18,26,4,4
be2,18,28,4,4
be2,18,30,4,3
be2,20,18,4,0
be2,20,20,4,0
be2,20,22,4,3
be2,20,24,4,3
be2,20,26,4,2
be2,20,28,4,1
be2,20,30,4,2
be2,21,21,4,3
be2,22,20,4,3
be2,22,22,4,1
be2,22,24,4,1
be2,22,26,4,4
be2,22,28,4,1
be2,22,30,4,1
be2,22,32,4,0
be2,22,34,4,2
be2,24,22,4,4
be2,24,24,4,4
be2,24,26,4,4
be2,24,28,4,4
be2,24,30,4,3
be2,24,32,4,4
be2,24,34,4,0
be2,24,36,4,4
be2,24,38,4,3
be2,24,40,4,4
be2,25,25,4,4
be2,26,24,4,1
be2,26,26,4,0
be2,26,28,4,0
be2,26,30,4,1
be2,26,32,4,0
be2,26,34,4,2
be2,26,36,4,0
be2,26,38,4,3
be2,26,40,4,0
be2,26,42,4,2
be2,28,26,4,1
be2,28,28,4,2
be2,28,30,4,0
be2,28,32,4,4
be2,28,34,4,3
be2,28,36,4,4
be2,28,38,4,1
be2,28,40,4,3
be2,28,42,4,3
be2,28,46,4,3
be2,30,32,4,0
be2,30,34,4,3
be2,30,36,4,1
be2,30,38,4,1
be2,30,40,4,0
be2,30,42,4,4
be2,30,44,4,3
be2,30,46,4,4
be2,30,48,4,1
be2,30,50,4,0
be2,31,33,4,2
be2,32,32,4,2
be2,32,34,4,0
be2,32,36,4,1
be2,32,38,4,4
be2,32,40,4,4
be2,32,42,4,1
be2,32,44,4,3
be2,32,46,4,4
be2,32,48,4,1
be2,32,50,4,0
be2,34,34,4,2
be2,34,36,4,0
be2,34,38,4,0
be2,34,40,4,1
be2,34,42,4,0
be2,34,44,4,0
be2,34,46,4,4
be2,34,48,4,0
be2,34,50,4,4
be2,34,52,4,2
be2,35,35,4,2
be2,36,36,4,1
be2,36,38,4,2
be2,36,40,4,4
be2,36,42,4,3
be2,36,44,4,2
be2,36,46,4,2
be2,36,48,4,2
be2,36,50,4,3
be2,36,52,4,0
be2,36,54,4,3
be2,36,56,4,4
be2,36,58,4,1
be2,36,60,4,0
be2,38,38,4,3
be2,38,40,4,4
be2,38,42,4,3
be2,38,44,4,1
be2,38,46,4,0
be2,38,48,4,1
be2,38,50,4,3
be2,38,52,4,2
be2,38,54,4,1
be2,38,56,4,0
be2,38,58,4,3
be2,38,60,4,4
be2,38,62,4,1
be2,40,42,4,0
be2,40,44,4,0
be2,40,46,4,0
be2,40,48,4,3
be2,40,50,4,1
be2,40,52,4,3
be2,40,54,4,2
be2,40,56,4,4
be2,40,58,4,1
be2,40,60,4,2
be2,40,62,4,3
be2,40,64,4,4
be2,40,66,4,3
be2,42,46,4,4
be2,42,50,4,0
be2,42,52,4,1
be2,42,54,4,0
be2,42,56,4,3
be2,42,58,4,3
be2,42,60,4,0
be2,42,62,4,4
be2,42,64,4,2
be2,42,66,4,1
be2,44,52,4,4
be2,44,54,4,0
be2,44,56,4,0
be2,44,58,4,4
be2,44,60,4,4
be2,44,62,4,1
be2,44,64,4,2
be2,44,66,4,4
be2,44,68,4,1
be2,46,52,4,2
be2,46,54,4,3
be2,46,56,4,1
be2,46,58,4,1
be2,46,60,4,4
be2,46,62,4,1
be2,46,64,4,4
be2,46,66,4,2
be2,46,68,4,3
be2,46,70,4,3
be2,48,52,4,0
be2,48,54,4,4
be2,48,56,4,2
be2,48,58,4,4
be2,48,60,4,0
be2,48,62,4,2
be2,48,64,4,0
be2,48,66,4,4
be2,48,68,4,1
be2,48,70,4,1
be2,48,72,4,4
be2,48,74,4,1
be2,48,76,4,1
be2,48,78,4,0
be2,50,54,4,4
be2,50,56,4,0
be2,50,58,4,3
be2,50,60,4,4
be2,50,62,4,4
be2,50,64,4,4
be2,50,66,4,1
be2,50,68,4,4
be2,50,70,4,0
be2,50,72,4,0
be2,50,74,4,1
be2,50,76,4,1
be2,50,78,4,0
be2,50,80,4,4
be2,50,82,4,3
be2,50,84,4,1
be2,52,56,4,2
be2,52,60,4,0
be2,52,62,4,1
be2,52,66,4,0
be2,52,68,4,2
be2,52,70,4,3
be2,52,72,4,1
be2,52,74,4,4
be2,52,76,4,3
be2,52,78,4,1
be2,52,80,4,0
be2,52,82,4,0
be2,52,84,4,4
be2,54,60,4,1
be2,54,62,4,3
be2,54,64,4,0
be2,54,66,4,1
be2,54,68,4,3
be2,54,70,4,1
be2,54,72,4,0
be2,54,74,4,3
be2,54,76,4,4
be2,54,78,4,2
be2,54,80,4,2
be2,54,82,4,3
be2,54,84,4,2
be2,54,86,4,3
be2,54,88,4,4
be2,54,90,4,1
be2,56,66,4,1
be2,56,68,4,4
be2,56,70,4,2
be2,56,72,4,3
be2,56,74,4,4
be2,56,76,4,1
be2,56,78,4,0
be2,56,80,4,2
be2,56,82,4,0
be2,56,84,4,2
be2,56,86,4,3
be2,56,88,4,4
be2,56,90,4,0
be2,58,66,4,4
be2,58,68,4,1
be2,58,70,4,1
be2,58,72,4,4
be2,58,74,4,0
be2,58,76,4,1
be2,58,78,4,2
be2,58,80,4,3
be2,58,82,4,3
be2,58,84,4,0
be2,58,86,4,1
be2,58,88,4,0
be2,58,90,4,4
be2,58,92,4,1
be2,58,94,4,0
be2,60,70,4,2
be2,60,72,4,2
be2,60,74,4,0
be2,60,76,4,0
be2,60,80,4,0
be2,60,82,4,1
be2,60,84,4,3
be2,60,86,4,2
be2,60,88,4,2
be2,60,90,4,1
be2,60,92,4,2
be2,60,94,4,2
be2,62,72,4,4
be2,62,74,4,2
be2,62,76,4,3
be2,62,78,4,2
be2,62,80,4,2
be2,62,82,4,2
be2,62,84,4,0
be2,62,86,4,2
be2,62,88,4,2
be2,62,90,4,4
be2,62,92,4,0
be2,62,94,4,2
be2,64,74,4,3
be2,64,82,4,4
be2,64,84,4,2
be2,64,88,4,4
be2,64,90,4,1
be2,64,92,4,3
be2,64,94,4,3
be2,64,96,4,3
be2,64,98,4,3
be2,64,100,4,2
be2,66,86,4,1
be2,66,88,4,1
be2,66,90,4,3
be2,66,92,4,3
be2,66,94,4,2
be2,66,96,4,4
be2,66,98,4,2
be2,68,88,4,3
be2,68,90,4,1
be2,68,92,4,0
be2,68,94,4,4
be2,68,96,4,0
be2,68,98,4,4
be2,68,100,4,2
be2,68,102,4,1
be2,70,88,4,3
be2,70,90,4,2
be2,70,92,4,2
be2,70,94,4,0
be2,70,96,4,1
be2,70,98,4,0
be2,70,100,4,4
be2,70,102,4,3
be2,70,104,4,1
be2,70,106,4,2
be2,71,99,4,1
be2,72,90,4,0
be2,72,92,4,4
be2,72,94,4,2
be2,72,96,4,1
be2,72,98,4,4
be2,72,100,4,2
be2,72,102,4,1
be2,72,104,4,3
be2,72,106,4,4
be2,72,108,4,2
be2,74,88,4,2
be2,74,90,4,1
be2,74,94,4,1
be2,74,96,4,0
be2,74,98,4,0
be2,74,100,4,2
be2,74,102,4,4
be2,74,104,4,1
be2,74,106,4,2
be2,74,108,4,0
be2,74,110,4,1
be2,74,112,4,2
be2,74,114,4,2
be2,76,96,4,3
be2,76,98,4,2
be2,76,100,4,4
be2,76,102,4,1
be2,76,104,4,2
be2,76,106,4,2
be2,76,108,4,4
be2,76,110,4,0
be2,76,112,4,0
be2,76,114,4,4
be2,76,116,4,4
be2,76,118,4,2
be2,78,98,4,0
be2,78,100,4,3
be2,78,102,4,3
be2,78,104,4,2
be2,78,106,4,1
be2,78,108,4,1
be2,78,110,4,0
be2,78,112,4,1
be2,78,114,4,4
be2,78,116,4,4
be2,78,118,4,2
be2,78,120,4,4
be2,80,100,4,3
be2,80,102,4,2
be2,80,104,4,3
be2,80,106,4,3
be2,80,108,4,2
be2,80,110,4,3
be2,80,114,4,1
be2,80,116,4,3
be2,80,118,4,4
be2,80,120,4,0
be2,80,122,4,0
be2,80,124,4,4
be2,80,126,4,2
be2,82,104,4,4
be2,82,106,4,3
be2,82,114,4,0
be2,82,122,4,0
be2,82,124,4,0
be2,82,126,4,3
be2,82,128,4,4
be2,84,110,4,0
be2,84,112,4,2
be2,84,116,4,0
be2,84,118,4,1
be2,84,126,4,3
be2,84,128,4,3
be2,86,116,4,2
be2,86,118,4,2
be2,86,128,4,4
be2,86,132,4,3
be2,86,134,4,2
be2,86,136,4,4
be2,88,130,4,2
be2,88,134,4,1
be2,88,136,4,2
be2,88,138,4,2
be2,88,140,4,3
be2,90,132,4,3
be2,90,134,4,3
be2,90,136,4,4
be2,90,138,4,2
be2,90,140,4,2
be2,90,142,4,1
be2,90,144,4,0
be2,92,138,4,3
be2,92,140,4,1
be2,92,142,4,1
be2,92,144,4,0
be2,92,146,4,2
be2,94,144,4,3
be2,94,146,4,1
be2,94,148,4,1
be2,94,150,4,1
be2,96,144,4,0
be2,96,148,4,4
be2,96,150,4,3
be2,96,152,4,1
be2,98,152,4,4
be2,98,154,4,0
