z,n,a,symbol,charge_radius_fm,be2_down_e2_b2,source_doi,source_database
10,8,18,Ne,3.01,0.00173972,10.1103/PhysRevC.81.014303,AMEDEE
10,10,20,Ne,2.97,0.00199891,10.1103/PhysRevC.81.014303,AMEDEE
10,12,22,Ne,2.99,0.00286168,10.1103/PhysRevC.81.014303,AMEDEE
10,14,24,Ne,2.99,0.00256099,10.1103/PhysRevC.81.014303,AMEDEE
10,16,26,Ne,3.03,0.00276119,10.1103/PhysRevC.81.014303,AMEDEE
10,18,28,Ne,3.05,0.00292811,10.1103/PhysRevC.81.014303,AMEDEE
10,20,30,Ne,3.07,0.00276078,10.1103/PhysRevC.81.014303,AMEDEE
10,22,32,Ne,3.09,0.00304078,10.1103/PhysRevC.81.014303,AMEDEE
10,24,34,Ne,3.13,0.00392125,10.1103/PhysRevC.81.014303,AMEDEE
12,8,20,Mg,3.14,0.00261048,10.1103/PhysRevC.81.014303,AMEDEE
12,10,22,Mg,3.08,0.00346064,10.1103/PhysRevC.81.014303,AMEDEE
12,12,24,Mg,3.06,0.00321585,10.1103/PhysRevC.81.014303,AMEDEE
12,14,26,Mg,3.11,0.00451355,10.1103/PhysRevC.81.014303,AMEDEE
12,16,28,Mg,3.14,0.00469065,10.1103/PhysRevC.81.014303,AMEDEE
12,18,30,Mg,3.16,0.00487816,10.1103/PhysRevC.81.014303,AMEDEE
12,20,32,Mg,3.18,0.00442591,10.1103/PhysRevC.81.014303,AMEDEE
12,22,34,Mg,3.2,0.00501904,10.1103/PhysRevC.81.014303,AMEDEE
12,24,36,Mg,3.23,0.00513512,10.1103/PhysRevC.81.014303,AMEDEE
12,26,38,Mg,3.28,0.00826821,10.1103/PhysRevC.81.014303,AMEDEE
12,28,40,Mg,3.29,0.00749222,10.1103/PhysRevC.81.014303,AMEDEE
14,10,24,Si,3.2,0.00525965,10.1103/PhysRevC.81.014303,AMEDEE
14,12,26,Si,3.19,0.00619401,10.1103/PhysRevC.81.014303,AMEDEE
14,14,28,Si,3.2,0.00565074,10.1103/PhysRevC.81.014303,AMEDEE
14,16,30,Si,3.23,0.00691863,10.1103/PhysRevC.81.014303,AMEDEE
14,18,32,Si,3.25,0.00645028,10.1103/PhysRevC.81.014303,AMEDEE
14,20,34,Si,3.26,0.00606636,10.1103/PhysRevC.81.014303,AMEDEE
14,22,36,Si,3.3,0.00821783,10.1103/PhysRevC.81.014303,AMEDEE
14,24,38,Si,3.31,0.00749576,10.1103/PhysRevC.81.014303,AMEDEE
14,26,40,Si,3.35,0.00967186,10.1103/PhysRevC.81.014303,AMEDEE
14,28,42,Si,3.36,0.00884723,10.1103/PhysRevC.81.014303,AMEDEE
14,30,44,Si,3.36,0.00807525,10.1103/PhysRevC.81.014303,AMEDEE
14,32,46,,3.37,0.00739584,10.1103/PhysRevC.81.014303,AMEDEE
14,34,48,,3.39,0.00835989,10.1103/PhysRevC.81.014303,AMEDEE
16,10,26,S,3.37,0.00730595,10.1103/PhysRevC.81.014303,AMEDEE
16,12,28,S,3.34,0.0102051,10.1103/PhysRevC.81.014303,AMEDEE
16,14,30,S,3.32,0.00910325,10.1103/PhysRevC.81.014303,AMEDEE
16,16,32,S,3.32,0.00701071,10.1103/PhysRevC.81.014303,AMEDEE
16,18,34,S,3.35,0.00831594,10.1103/PhysRevC.81.014303,AMEDEE
16,20,36,S,3.35,0.00728131,10.1103/PhysRevC.81.014303,AMEDEE
16,22,38,S,3.37,0.00783303,10.1103/PhysRevC.81.014303,AMEDEE
16,24,40,S,3.4,0.00902758,10.1103/PhysRevC.81.014303,AMEDEE
16,26,42,S,3.42,0.0107501,10.1103/PhysRevC.81.014303,AMEDEE
16,28,44,S,3.43,0.0104665,10.1103/PhysRevC.81.014303,AMEDEE
16,30,46,S,3.45,0.0102318,10.1103/PhysRevC.81.014303,AMEDEE
16,32,48,S,3.47,0.00997831,10.1103/PhysRevC.81.014303,AMEDEE
16,34,50,,3.49,0.00971015,10.1103/PhysRevC.81.014303,AMEDEE
16,36,52,,3.52,0.0125808,10.1103/PhysRevC.81.014303,AMEDEE
18,14,32,Ar,3.43,0.0109214,10.1103/PhysRevC.81.014303,AMEDEE
18,16,34,Ar,3.43,0.0108275,10.1103/PhysRevC.81.014303,AMEDEE
18,18,36,Ar,3.43,0.0077691,10.1103/PhysRevC.81.014303,AMEDEE
18,20,38,Ar,3.44,0.00863184,10.1103/PhysRevC.81.014303,AMEDEE
18,22,40,Ar,3.46,0.0106998,10.1103/PhysRevC.81.014303,AMEDEE
18,24,42,Ar,3.48,0.0114767,10.1103/PhysRevC.81.014303,AMEDEE
18,26,44,Ar,3.5,0.012191,10.1103/PhysRevC.81.014303,AMEDEE
18,28,46,Ar,3.5,0.00965206,10.1103/PhysRevC.81.014303,AMEDEE
18,30,48,Ar,3.51,0.00980596,10.1103/PhysRevC.81.014303,AMEDEE
18,32,50,Ar,3.54,0.00945062,10.1103/PhysRevC.81.014303,AMEDEE
18,34,52,Ar,3.56,0.00998966,10.1103/PhysRevC.81.014303,AMEDEE
18,36,54,,3.59,0.0112788,10.1103/PhysRevC.81.014303,AMEDEE
18,38,56,,3.61,0.0124029,10.1103/PhysRevC.81.014303,AMEDEE
18,40,58,,3.64,0.0140559,10.1103/PhysRevC.81.014303,AMEDEE
18,42,60,,3.67,0.0181263,10.1103/PhysRevC.81.014303,AMEDEE
18,44,62,,3.68,0.0179187,10.1103/PhysRevC.81.014303,AMEDEE
20,16,36,Ca,3.52,0.0119813,10.1103/PhysRevC.81.014303,AMEDEE
20,18,38,Ca,3.5,0.0102279,10.1103/PhysRevC.81.014303,AMEDEE
20,20,40,Ca,3.54,0.0151649,10.1103/PhysRevC.81.014303,AMEDEE
20,22,42,Ca,3.52,0.00932585,10.1103/PhysRevC.81.014303,AMEDEE
20,24,44,Ca,3.54,0.0120282,10.1103/PhysRevC.81.014303,AMEDEE
20,26,46,Ca,3.55,0.0121346,10.1103/PhysRevC.81.014303,AMEDEE
20,28,48,Ca,3.56,0.00990104,10.1103/PhysRevC.81.014303,AMEDEE
20,30,50,Ca,3.57,0.00944263,10.1103/PhysRevC.81.014303,AMEDEE
20,32,52,Ca,3.59,0.00898486,10.1103/PhysRevC.81.014303,AMEDEE
20,34,54,Ca,3.62,0.00985226,10.1103/PhysRevC.81.014303,AMEDEE
20,36,56,Ca,3.65,0.011393,10.1103/PhysRevC.81.014303,AMEDEE
20,38,58,Ca,3.68,0.0123353,10.1103/PhysRevC.81.014303,AMEDEE
20,40,60,,3.71,0.0170096,10.1103/PhysRevC.81.014303,AMEDEE
20,42,62,,3.73,0.0154775,10.1103/PhysRevC.81.014303,AMEDEE
20,44,64,,3.74,0.0132088,10.1103/PhysRevC.81.014303,AMEDEE
20,46,66,,3.75,0.0123082,10.1103/PhysRevC.81.014303,AMEDEE
22,18,40,Ti,3.59,0.0136278,10.1103/PhysRevC.81.014303,AMEDEE
22,20,42,Ti,3.59,0.0123155,10.1103/PhysRevC.81.014303,AMEDEE
22,22,44,Ti,3.59,0.0110824,10.1103/PhysRevC.81.014303,AMEDEE
22,24,46,Ti,3.61,0.0140514,10.1103/PhysRevC.81.014303,AMEDEE
22,26,48,Ti,3.62,0.0143059,10.1103/PhysRevC.81.014303,AMEDEE
22,28,50,Ti,3.62,0.011536,10.1103/PhysRevC.81.014303,AMEDEE
22,30,52,Ti,3.65,0.0132214,10.1103/PhysRevC.81.014303,AMEDEE
22,32,54,Ti,3.67,0.0130583,10.1103/PhysRevC.81.014303,AMEDEE
22,34,56,Ti,3.69,0.014096,10.1103/PhysRevC.81.014303,AMEDEE
22,36,58,Ti,3.72,0.0153911,10.1103/PhysRevC.81.014303,AMEDEE
22,38,60,Ti,3.75,0.0182017,10.1103/PhysRevC.81.014303,AMEDEE
22,40,62,Ti,3.77,0.0187245,10.1103/PhysRevC.81.014303,AMEDEE
22,42,64,Ti,3.78,0.0148039,10.1103/PhysRevC.81.014303,AMEDEE
22,44,66,,3.8,0.014576,10.1103/PhysRevC.81.014303,AMEDEE
22,46,68,,3.82,0.0151527,10.1103/PhysRevC.81.014303,AMEDEE
22,48,70,,3.83,0.0140882,10.1103/PhysRevC.81.014303,AMEDEE
22,50,72,,3.84,0.0134204,10.1103/PhysRevC.81.014303,AMEDEE
22,52,74,,3.85,0.0142368,10.1103/PhysRevC.81.014303,AMEDEE
24,20,44,Cr,3.67,0.0193838,10.1103/PhysRevC.81.014303,AMEDEE
24,22,46,Cr,3.67,0.0172554,10.1103/PhysRevC.81.014303,AMEDEE
24,24,48,Cr,3.7,0.0251577,10.1103/PhysRevC.81.014303,AMEDEE
24,26,50,Cr,3.7,0.0237095,10.1103/PhysRevC.81.014303,AMEDEE
24,28,52,Cr,3.7,0.0185583,10.1103/PhysRevC.81.014303,AMEDEE
24,30,54,Cr,3.72,0.01939,10.1103/PhysRevC.81.014303,AMEDEE
24,32,56,Cr,3.74,0.0224559,10.1103/PhysRevC.81.014303,AMEDEE
24,34,58,Cr,3.77,0.0229244,10.1103/PhysRevC.81.014303,AMEDEE
24,36,60,Cr,3.8,0.0294391,10.1103/PhysRevC.81.014303,AMEDEE
24,38,62,Cr,3.83,0.0349145,10.1103/PhysRevC.81.014303,AMEDEE
24,40,64,Cr,3.84,0.0306143,10.1103/PhysRevC.81.014303,AMEDEE
24,42,66,Cr,3.85,0.0258933,10.1103/PhysRevC.81.014303,AMEDEE
24,44,68,Cr,3.87,0.0252189,10.1103/PhysRevC.81.014303,AMEDEE
24,46,70,Cr,3.88,0.0221451,10.1103/PhysRevC.81.014303,AMEDEE
24,48,72,,3.9,0.0199615,10.1103/PhysRevC.81.014303,AMEDEE
24,50,74,,3.9,0.016816,10.1103/PhysRevC.81.014303,AMEDEE
24,52,76,,3.92,0.018176,10.1103/PhysRevC.81.014303,AMEDEE
24,54,78,,3.93,0.0200286,10.1103/PhysRevC.81.014303,AMEDEE
24,56,80,,3.94,0.0174861,10.1103/PhysRevC.81.014303,AMEDEE
26,20,46,Fe,3.74,0.0224025,10.1103/PhysRevC.81.014303,AMEDEE
26,22,48,Fe,3.73,0.0213492,10.1103/PhysRevC.81.014303,AMEDEE
26,24,50,Fe,3.75,0.0282626,10.1103/PhysRevC.81.014303,AMEDEE
26,26,52,Fe,3.77,0.029936,10.1103/PhysRevC.81.014303,AMEDEE
26,28,54,Fe,3.77,0.0262397,10.1103/PhysRevC.81.014303,AMEDEE
26,30,56,Fe,3.77,0.022892,10.1103/PhysRevC.81.014303,AMEDEE
26,32,58,Fe,3.8,0.0264567,10.1103/PhysRevC.81.014303,AMEDEE
26,34,60,Fe,3.82,0.0287716,10.1103/PhysRevC.81.014303,AMEDEE
26,36,62,Fe,3.84,0.0296008,10.1103/PhysRevC.81.014303,AMEDEE
26,38,64,Fe,3.87,0.0334664,10.1103/PhysRevC.81.014303,AMEDEE
26,40,66,Fe,3.89,0.036711,10.1103/PhysRevC.81.014303,AMEDEE
26,42,68,Fe,3.9,0.0289972,10.1103/PhysRevC.81.014303,AMEDEE
26,44,70,Fe,3.93,0.0321288,10.1103/PhysRevC.81.014303,AMEDEE
26,46,72,Fe,3.94,0.0272696,10.1103/PhysRevC.81.014303,AMEDEE
26,48,74,Fe,3.95,0.0238922,10.1103/PhysRevC.81.014303,AMEDEE
26,50,76,Fe,3.95,0.0195796,10.1103/PhysRevC.81.014303,AMEDEE
26,52,78,,3.97,0.0206802,10.1103/PhysRevC.81.014303,AMEDEE
26,54,80,,3.98,0.0236753,10.1103/PhysRevC.81.014303,AMEDEE
26,56,82,,3.99,0.0207676,10.1103/PhysRevC.81.014303,AMEDEE
26,58,84,,4.01,0.0226088,10.1103/PhysRevC.81.014303,AMEDEE
28,22,50,Ni,3.79,0.0203075,10.1103/PhysRevC.81.014303,AMEDEE
28,24,52,Ni,3.8,0.0273261,10.1103/PhysRevC.81.014303,AMEDEE
28,26,54,Ni,3.82,0.0315552,10.1103/PhysRevC.81.014303,AMEDEE
28,28,56,Ni,3.82,0.0271571,10.1103/PhysRevC.81.014303,AMEDEE
28,30,58,Ni,3.82,0.0252505,10.1103/PhysRevC.81.014303,AMEDEE
28,32,60,Ni,3.85,0.0293954,10.1103/PhysRevC.81.014303,AMEDEE
28,34,62,Ni,3.87,0.0283051,10.1103/PhysRevC.81.014303,AMEDEE
28,36,64,Ni,3.89,0.0292381,10.1103/PhysRevC.81.014303,AMEDEE
28,38,66,Ni,3.91,0.0319499,10.1103/PhysRevC.81.014303,AMEDEE
28,40,68,Ni,3.94,0.0350397,10.1103/PhysRevC.81.014303,AMEDEE
28,42,70,Ni,3.95,0.0281436,10.1103/PhysRevC.81.014303,AMEDEE
28,44,72,Ni,3.96,0.0278445,10.1103/PhysRevC.81.014303,AMEDEE
28,46,74,Ni,3.98,0.0258461,10.1103/PhysRevC.81.014303,AMEDEE
28,48,76,Ni,4,0.0297988,10.1103/PhysRevC.81.014303,AMEDEE
28,50,78,Ni,4,0.0209213,10.1103/PhysRevC.81.014303,AMEDEE
28,52,80,Ni,4.01,0.0203484,10.1103/PhysRevC.81.014303,AMEDEE
28,54,82,Ni,4.03,0.024681,10.1103/PhysRevC.81.014303,AMEDEE
28,56,84,,4.04,0.0240298,10.1103/PhysRevC.81.014303,AMEDEE
28,58,86,,4.06,0.025682,10.1103/PhysRevC.81.014303,AMEDEE
28,60,88,,4.09,0.0306951,10.1103/PhysRevC.81.014303,AMEDEE
28,62,90,,4.13,0.0421882,10.1103/PhysRevC.81.014303,AMEDEE
30,26,56,Zn,3.88,0.0355869,10.1103/PhysRevC.81.014303,AMEDEE
30,28,58,Zn,3.88,0.0315038,10.1103/PhysRevC.81.014303,AMEDEE
30,30,60,Zn,3.9,0.0324618,10.1103/PhysRevC.81.014303,AMEDEE
30,32,62,Zn,3.92,0.0368162,10.1103/PhysRevC.81.014303,AMEDEE
30,34,64,Zn,3.94,0.0393425,10.1103/PhysRevC.81.014303,AMEDEE
30,36,66,Zn,3.96,0.0377601,10.1103/PhysRevC.81.014303,AMEDEE
30,38,68,Zn,3.98,0.043871,10.1103/PhysRevC.81.014303,AMEDEE
30,40,70,Zn,4,0.0456865,10.1103/PhysRevC.81.014303,AMEDEE
30,42,72,Zn,4.01,0.0392198,10.1103/PhysRevC.81.014303,AMEDEE
30,44,74,Zn,4.03,0.0367588,10.1103/PhysRevC.81.014303,AMEDEE
30,46,76,Zn,4.04,0.0303944,10.1103/PhysRevC.81.014303,AMEDEE
30,48,78,Zn,4.05,0.02766,10.1103/PhysRevC.81.014303,AMEDEE
30,50,80,Zn,4.06,0.0237445,10.1103/PhysRevC.81.014303,AMEDEE
30,52,82,Zn,4.07,0.0283491,10.1103/PhysRevC.81.014303,AMEDEE
30,54,84,Zn,4.1,0.0353077,10.1103/PhysRevC.81.014303,AMEDEE
30,56,86,,4.11,0.0336337,10.1103/PhysRevC.81.014303,AMEDEE
30,58,88,,4.14,0.0461022,10.1103/PhysRevC.81.014303,AMEDEE
30,60,90,,4.16,0.0488189,10.1103/PhysRevC.81.014303,AMEDEE
30,62,92,,4.19,0.061312,10.1103/PhysRevC.81.014303,AMEDEE
30,64,94,,4.23,0.0800641,10.1103/PhysRevC.81.014303,AMEDEE
30,66,96,,4.25,0.0868668,10.1103/PhysRevC.81.014303,AMEDEE
30,68,98,,4.27,0.0834259,10.1103/PhysRevC.81.014303,AMEDEE
30,70,100,,4.28,0.076331,10.1103/PhysRevC.81.014303,AMEDEE
30,72,102,,4.29,0.0673162,10.1103/PhysRevC.81.014303,AMEDEE
32,28,60,Ge,3.97,0.0496504,10.1103/PhysRevC.81.014303,AMEDEE
32,30,62,Ge,3.97,0.0443378,10.1103/PhysRevC.81.014303,AMEDEE
32,32,64,Ge,4.01,0.0572021,10.1103/PhysRevC.81.014303,AMEDEE
32,34,66,Ge,4.01,0.0515775,10.1103/PhysRevC.81.014303,AMEDEE
32,36,68,Ge,4.03,0.0514206,10.1103/PhysRevC.81.014303,AMEDEE
32,38,70,Ge,4.05,0.0581458,10.1103/PhysRevC.81.014303,AMEDEE
32,40,72,Ge,4.07,0.0634543,10.1103/PhysRevC.81.014303,AMEDEE
32,42,74,Ge,4.08,0.0609984,10.1103/PhysRevC.81.014303,AMEDEE
32,44,76,Ge,4.09,0.0561038,10.1103/PhysRevC.81.014303,AMEDEE
32,46,78,Ge,4.1,0.0464809,10.1103/PhysRevC.81.014303,AMEDEE
32,48,80,Ge,4.11,0.0377268,10.1103/PhysRevC.81.014303,AMEDEE
32,50,82,Ge,4.12,0.0359421,10.1103/PhysRevC.81.014303,AMEDEE
32,52,84,Ge,4.14,0.0440839,10.1103/PhysRevC.81.014303,AMEDEE
32,54,86,Ge,4.16,0.0519292,10.1103/PhysRevC.81.014303,AMEDEE
32,56,88,Ge,4.18,0.050969,10.1103/PhysRevC.81.014303,AMEDEE
32,58,90,Ge,4.21,0.0621911,10.1103/PhysRevC.81.014303,AMEDEE
32,60,92,,4.23,0.0669947,10.1103/PhysRevC.81.014303,AMEDEE
32,62,94,,4.26,0.0774929,10.1103/PhysRevC.81.014303,AMEDEE
32,64,96,,4.28,0.0883614,10.1103/PhysRevC.81.014303,AMEDEE
32,66,98,,4.3,0.093898,10.1103/PhysRevC.81.014303,AMEDEE
32,68,100,,4.32,0.0934116,10.1103/PhysRevC.81.014303,AMEDEE
32,70,102,,4.34,0.0952695,10.1103/PhysRevC.81.014303,AMEDEE
32,72,104,,4.35,0.0823081,10.1103/PhysRevC.81.014303,AMEDEE
32,74,106,,4.36,0.075693,10.1103/PhysRevC.81.014303,AMEDEE
32,76,108,,4.38,0.0714421,10.1103/PhysRevC.81.014303,AMEDEE
32,78,110,,4.39,0.0588456,10.1103/PhysRevC.81.014303,AMEDEE
32,80,112,,4.4,0.0508471,10.1103/PhysRevC.81.014303,AMEDEE
34,30,64,Se,4.04,0.055852,10.1103/PhysRevC.81.014303,AMEDEE
34,32,66,Se,4.06,0.0610741,10.1103/PhysRevC.81.014303,AMEDEE
34,34,68,Se,4.08,0.0590757,10.1103/PhysRevC.81.014303,AMEDEE
34,36,70,Se,4.09,0.0609282,10.1103/PhysRevC.81.014303,AMEDEE
34,38,72,Se,4.11,0.0730988,10.1103/PhysRevC.81.014303,AMEDEE
34,40,74,Se,4.13,0.0825157,10.1103/PhysRevC.81.014303,AMEDEE
34,42,76,Se,4.14,0.0722609,10.1103/PhysRevC.81.014303,AMEDEE
34,44,78,Se,4.15,0.0682347,10.1103/PhysRevC.81.014303,AMEDEE
34,46,80,Se,4.15,0.0519913,10.1103/PhysRevC.81.014303,AMEDEE
34,48,82,Se,4.16,0.0422665,10.1103/PhysRevC.81.014303,AMEDEE
34,50,84,Se,4.17,0.0372616,10.1103/PhysRevC.81.014303,AMEDEE
34,52,86,Se,4.19,0.0446929,10.1103/PhysRevC.81.014303,AMEDEE
34,54,88,Se,4.21,0.0537388,10.1103/PhysRevC.81.014303,AMEDEE
34,56,90,Se,4.23,0.0552378,10.1103/PhysRevC.81.014303,AMEDEE
34,58,92,Se,4.26,0.0684509,10.1103/PhysRevC.81.014303,AMEDEE
34,60,94,Se,4.28,0.0755994,10.1103/PhysRevC.81.014303,AMEDEE
34,62,96,,4.31,0.0973601,10.1103/PhysRevC.81.014303,AMEDEE
34,64,98,,4.34,0.113926,10.1103/PhysRevC.81.014303,AMEDEE
34,66,100,,4.36,0.119379,10.1103/PhysRevC.81.014303,AMEDEE
34,68,102,,4.38,0.1142,10.1103/PhysRevC.81.014303,AMEDEE
34,70,104,,4.39,0.119677,10.1103/PhysRevC.81.014303,AMEDEE
34,72,106,,4.4,0.101515,10.1103/PhysRevC.81.014303,AMEDEE
34,74,108,,4.4,0.0760091,10.1103/PhysRevC.81.014303,AMEDEE
34,76,110,,4.42,0.0715788,10.1103/PhysRevC.81.014303,AMEDEE
34,78,112,,4.43,0.0514025,10.1103/PhysRevC.81.014303,AMEDEE
34,80,114,,4.44,0.0381408,10.1103/PhysRevC.81.014303,AMEDEE
34,82,116,,4.45,0.0331143,10.1103/PhysRevC.81.014303,AMEDEE
36,30,66,,4.1,0.0667015,10.1103/PhysRevC.81.014303,AMEDEE
36,32,68,Kr,4.12,0.0715751,10.1103/PhysRevC.81.014303,AMEDEE
36,34,70,Kr,4.14,0.0733588,10.1103/PhysRevC.81.014303,AMEDEE
36,36,72,Kr,4.15,0.0819063,10.1103/PhysRevC.81.014303,AMEDEE
36,38,74,Kr,4.18,0.113568,10.1103/PhysRevC.81.014303,AMEDEE
36,40,76,Kr,4.2,0.128398,10.1103/PhysRevC.81.014303,AMEDEE
36,42,78,Kr,4.2,0.0935872,10.1103/PhysRevC.81.014303,AMEDEE
36,44,80,Kr,4.2,0.07558,10.1103/PhysRevC.81.014303,AMEDEE
36,46,82,Kr,4.2,0.0602325,10.1103/PhysRevC.81.014303,AMEDEE
36,48,84,Kr,4.2,0.0403374,10.1103/PhysRevC.81.014303,AMEDEE
36,50,86,Kr,4.21,0.0338755,10.1103/PhysRevC.81.014303,AMEDEE
36,52,88,Kr,4.23,0.0389359,10.1103/PhysRevC.81.014303,AMEDEE
36,54,90,Kr,4.25,0.0547985,10.1103/PhysRevC.81.014303,AMEDEE
36,56,92,Kr,4.27,0.0564047,10.1103/PhysRevC.81.014303,AMEDEE
36,58,94,Kr,4.31,0.0789777,10.1103/PhysRevC.81.014303,AMEDEE
36,60,96,Kr,4.33,0.0926001,10.1103/PhysRevC.81.014303,AMEDEE
36,62,98,Kr,4.37,0.131562,10.1103/PhysRevC.81.014303,AMEDEE
36,64,100,Kr,4.41,0.173074,10.1103/PhysRevC.81.014303,AMEDEE
36,66,102,Kr,4.42,0.161977,10.1103/PhysRevC.81.014303,AMEDEE
36,68,104,,4.43,0.144299,10.1103/PhysRevC.81.014303,AMEDEE
36,70,106,,4.44,0.122667,10.1103/PhysRevC.81.014303,AMEDEE
36,72,108,,4.44,0.09475,10.1103/PhysRevC.81.014303,AMEDEE
36,74,110,,4.44,0.0731823,10.1103/PhysRevC.81.014303,AMEDEE
36,76,112,,4.45,0.0616947,10.1103/PhysRevC.81.014303,AMEDEE
36,78,114,,4.46,0.0454373,10.1103/PhysRevC.81.014303,AMEDEE
36,80,116,,4.47,0.0327021,10.1103/PhysRevC.81.014303,AMEDEE
36,82,118,,4.48,0.0254274,10.1103/PhysRevC.81.014303,AMEDEE
36,84,120,,4.49,0.0261458,10.1103/PhysRevC.81.014303,AMEDEE
38,32,70,,4.19,0.0941846,10.1103/PhysRevC.81.014303,AMEDEE
38,34,72,,4.2,0.105379,10.1103/PhysRevC.81.014303,AMEDEE
38,36,74,Sr,4.24,0.146631,10.1103/PhysRevC.81.014303,AMEDEE
38,38,76,Sr,4.29,0.235048,10.1103/PhysRevC.81.014303,AMEDEE
38,40,78,Sr,4.28,0.198944,10.1103/PhysRevC.81.014303,AMEDEE
38,42,80,Sr,4.26,0.125969,10.1103/PhysRevC.81.014303,AMEDEE
38,44,82,Sr,4.24,0.0773151,10.1103/PhysRevC.81.014303,AMEDEE
38,46,84,Sr,4.24,0.0514236,10.1103/PhysRevC.81.014303,AMEDEE
38,48,86,Sr,4.24,0.0409731,10.1103/PhysRevC.81.014303,AMEDEE
38,50,88,Sr,4.25,0.0330054,10.1103/PhysRevC.81.014303,AMEDEE
38,52,90,Sr,4.27,0.0402346,10.1103/PhysRevC.81.014303,AMEDEE
38,54,92,Sr,4.3,0.0582457,10.1103/PhysRevC.81.014303,AMEDEE
38,56,94,Sr,4.32,0.0608031,10.1103/PhysRevC.81.014303,AMEDEE
38,58,96,Sr,4.35,0.0870946,10.1103/PhysRevC.81.014303,AMEDEE
38,60,98,Sr,4.4,0.145572,10.1103/PhysRevC.81.014303,AMEDEE
38,62,100,Sr,4.45,0.221331,10.1103/PhysRevC.81.014303,AMEDEE
38,64,102,Sr,4.48,0.262587,10.1103/PhysRevC.81.014303,AMEDEE
38,66,104,Sr,4.49,0.257188,10.1103/PhysRevC.81.014303,AMEDEE
38,68,106,Sr,4.49,0.223457,10.1103/PhysRevC.81.014303,AMEDEE
38,70,108,Sr,4.48,0.149924,10.1103/PhysRevC.81.014303,AMEDEE
38,72,110,,4.48,0.0976444,10.1103/PhysRevC.81.014303,AMEDEE
38,74,112,,4.48,0.0677793,10.1103/PhysRevC.81.014303,AMEDEE
38,76,114,,4.49,0.0540698,10.1103/PhysRevC.81.014303,AMEDEE
38,78,116,,4.5,0.0432748,10.1103/PhysRevC.81.014303,AMEDEE
38,80,118,,4.5,0.031851,10.1103/PhysRevC.81.014303,AMEDEE
38,82,120,,4.51,0.0246328,10.1103/PhysRevC.81.014303,AMEDEE
38,84,122,,4.52,0.0232711,10.1103/PhysRevC.81.014303,AMEDEE
40,34,74,,4.27,0.137881,10.1103/PhysRevC.81.014303,AMEDEE
40,36,76,,4.29,0.179221,10.1103/PhysRevC.81.014303,AMEDEE
40,38,78,Zr,4.33,0.250406,10.1103/PhysRevC.81.014303,AMEDEE
40,40,80,Zr,4.34,0.232257,10.1103/PhysRevC.81.014303,AMEDEE
40,42,82,Zr,4.3,0.139558,10.1103/PhysRevC.81.014303,AMEDEE
40,44,84,Zr,4.29,0.0853222,10.1103/PhysRevC.81.014303,AMEDEE
40,46,86,Zr,4.28,0.0562002,10.1103/PhysRevC.81.014303,AMEDEE
40,48,88,Zr,4.29,0.0431072,10.1103/PhysRevC.81.014303,AMEDEE
40,50,90,Zr,4.29,0.0349749,10.1103/PhysRevC.81.014303,AMEDEE
40,52,92,Zr,4.31,0.0451568,10.1103/PhysRevC.81.014303,AMEDEE
40,54,94,Zr,4.34,0.0658205,10.1103/PhysRevC.81.014303,AMEDEE
40,56,96,Zr,4.36,0.0710103,10.1103/PhysRevC.81.014303,AMEDEE
40,58,98,Zr,4.39,0.103206,10.1103/PhysRevC.81.014303,AMEDEE
40,60,100,Zr,4.45,0.180419,10.1103/PhysRevC.81.014303,AMEDEE
40,62,102,Zr,4.49,0.243058,10.1103/PhysRevC.81.014303,AMEDEE
40,64,104,Zr,4.52,0.283183,10.1103/PhysRevC.81.014303,AMEDEE
40,66,106,Zr,4.53,0.268688,10.1103/PhysRevC.81.014303,AMEDEE
40,68,108,Zr,4.53,0.225758,10.1103/PhysRevC.81.014303,AMEDEE
40,70,110,Zr,4.53,0.18141,10.1103/PhysRevC.81.014303,AMEDEE
40,72,112,Zr,4.52,0.108039,10.1103/PhysRevC.81.014303,AMEDEE
40,74,114,Zr,4.52,0.0834364,10.1103/PhysRevC.81.014303,AMEDEE
40,76,116,,4.53,0.0628152,10.1103/PhysRevC.81.014303,AMEDEE
40,78,118,,4.53,0.0481823,10.1103/PhysRevC.81.014303,AMEDEE
40,80,120,,4.54,0.0330153,10.1103/PhysRevC.81.014303,AMEDEE
40,82,122,,4.55,0.0255338,10.1103/PhysRevC.81.014303,AMEDEE
40,84,124,,4.56,0.023961,10.1103/PhysRevC.81.014303,AMEDEE
40,86,126,,4.57,0.0348986,10.1103/PhysRevC.81.014303,AMEDEE
42,36,78,,4.32,0.133918,10.1103/PhysRevC.81.014303,AMEDEE
42,38,80,,4.33,0.149381,10.1103/PhysRevC.81.014303,AMEDEE
42,40,82,Mo,4.34,0.158225,10.1103/PhysRevC.81.014303,AMEDEE
42,42,84,Mo,4.34,0.131186,10.1103/PhysRevC.81.014303,AMEDEE
42,44,86,Mo,4.33,0.0940465,10.1103/PhysRevC.81.014303,AMEDEE
42,46,88,Mo,4.33,0.062493,10.1103/PhysRevC.81.014303,AMEDEE
42,48,90,Mo,4.33,0.0461471,10.1103/PhysRevC.81.014303,AMEDEE
42,50,92,Mo,4.34,0.0382782,10.1103/PhysRevC.81.014303,AMEDEE
42,52,94,Mo,4.35,0.0473968,10.1103/PhysRevC.81.014303,AMEDEE
42,54,96,Mo,4.39,0.0741635,10.1103/PhysRevC.81.014303,AMEDEE
42,56,98,Mo,4.41,0.0881281,10.1103/PhysRevC.81.014303,AMEDEE
42,58,100,Mo,4.43,0.11211,10.1103/PhysRevC.81.014303,AMEDEE
42,60,102,Mo,4.47,0.167504,10.1103/PhysRevC.81.014303,AMEDEE
42,62,104,Mo,4.52,0.243886,10.1103/PhysRevC.81.014303,AMEDEE
42,64,106,Mo,4.54,0.264538,10.1103/PhysRevC.81.014303,AMEDEE
42,66,108,Mo,4.55,0.242085,10.1103/PhysRevC.81.014303,AMEDEE
42,68,110,Mo,4.55,0.203077,10.1103/PhysRevC.81.014303,AMEDEE
42,70,112,Mo,4.56,0.175314,10.1103/PhysRevC.81.014303,AMEDEE
42,72,114,Mo,4.55,0.121553,10.1103/PhysRevC.81.014303,AMEDEE
42,74,116,Mo,4.56,0.0904325,10.1103/PhysRevC.81.014303,AMEDEE
42,76,118,Mo,4.57,0.0734187,10.1103/PhysRevC.81.014303,AMEDEE
42,78,120,,4.57,0.0531615,10.1103/PhysRevC.81.014303,AMEDEE
42,80,122,,4.58,0.0341759,10.1103/PhysRevC.81.014303,AMEDEE
42,82,124,,4.58,0.0264428,10.1103/PhysRevC.81.014303,AMEDEE
42,84,126,,4.59,0.0256881,10.1103/PhysRevC.81.014303,AMEDEE
42,86,128,,4.61,0.0379938,10.1103/PhysRevC.81.014303,AMEDEE
42,88,130,,4.62,0.0475485,10.1103/PhysRevC.81.014303,AMEDEE
42,90,132,,4.64,0.0565423,10.1103/PhysRevC.81.014303,AMEDEE
42,92,134,,4.66,0.0696228,10.1103/PhysRevC.81.014303,AMEDEE
44,40,84,,4.36,0.110904,10.1103/PhysRevC.81.014303,AMEDEE
44,42,86,Ru,4.37,0.109279,10.1103/PhysRevC.81.014303,AMEDEE
44,44,88,Ru,4.38,0.101785,10.1103/PhysRevC.81.014303,AMEDEE
44,46,90,Ru,4.37,0.073357,10.1103/PhysRevC.81.014303,AMEDEE
44,48,92,Ru,4.37,0.0452998,10.1103/PhysRevC.81.014303,AMEDEE
44,50,94,Ru,4.37,0.0412289,10.1103/PhysRevC.81.014303,AMEDEE
44,52,96,Ru,4.39,0.0465347,10.1103/PhysRevC.81.014303,AMEDEE
44,54,98,Ru,4.42,0.0764857,10.1103/PhysRevC.81.014303,AMEDEE
44,56,100,Ru,4.45,0.093164,10.1103/PhysRevC.81.014303,AMEDEE
44,58,102,Ru,4.47,0.121978,10.1103/PhysRevC.81.014303,AMEDEE
44,60,104,Ru,4.5,0.157157,10.1103/PhysRevC.81.014303,AMEDEE
44,62,106,Ru,4.54,0.221768,10.1103/PhysRevC.81.014303,AMEDEE
44,64,108,Ru,4.56,0.246909,10.1103/PhysRevC.81.014303,AMEDEE
44,66,110,Ru,4.57,0.217856,10.1103/PhysRevC.81.014303,AMEDEE
44,68,112,Ru,4.58,0.198131,10.1103/PhysRevC.81.014303,AMEDEE
44,70,114,Ru,4.59,0.174744,10.1103/PhysRevC.81.014303,AMEDEE
44,72,116,Ru,4.59,0.133612,10.1103/PhysRevC.81.014303,AMEDEE
44,74,118,Ru,4.59,0.0974076,10.1103/PhysRevC.81.014303,AMEDEE
44,76,120,Ru,4.6,0.0781648,10.1103/PhysRevC.81.014303,AMEDEE
44,78,122,Ru,4.6,0.0550575,10.1103/PhysRevC.81.014303,AMEDEE
44,80,124,Ru,4.61,0.0355756,10.1103/PhysRevC.81.014303,AMEDEE
44,82,126,,4.62,0.0297346,10.1103/PhysRevC.81.014303,AMEDEE
44,84,128,,4.63,0.0273891,10.1103/PhysRevC.81.014303,AMEDEE
44,86,130,,4.64,0.0374577,10.1103/PhysRevC.81.014303,AMEDEE
44,88,132,,4.66,0.0531141,10.1103/PhysRevC.81.014303,AMEDEE
44,90,134,,4.68,0.0660214,10.1103/PhysRevC.81.014303,AMEDEE
44,92,136,,4.7,0.0871796,10.1103/PhysRevC.81.014303,AMEDEE
44,94,138,,4.73,0.120797,10.1103/PhysRevC.81.014303,AMEDEE
44,96,140,,4.76,0.181701,10.1103/PhysRevC.81.014303,AMEDEE
44,98,142,,4.8,0.234749,10.1103/PhysRevC.81.014303,AMEDEE
44,100,144,,4.82,0.264119,10.1103/PhysRevC.81.014303,AMEDEE
44,102,146,,4.84,0.287178,10.1103/PhysRevC.81.014303,AMEDEE
46,42,88,,4.4,0.0796674,10.1103/PhysRevC.81.014303,AMEDEE
46,44,90,Pd,4.4,0.0679999,10.1103/PhysRevC.81.014303,AMEDEE
46,46,92,Pd,4.41,0.071679,10.1103/PhysRevC.81.014303,AMEDEE
46,48,94,Pd,4.41,0.0495668,10.1103/PhysRevC.81.014303,AMEDEE
46,50,96,Pd,4.41,0.0448028,10.1103/PhysRevC.81.014303,AMEDEE
46,52,98,Pd,4.43,0.0459405,10.1103/PhysRevC.81.014303,AMEDEE
46,54,100,Pd,4.46,0.077333,10.1103/PhysRevC.81.014303,AMEDEE
46,56,102,Pd,4.48,0.0860122,10.1103/PhysRevC.81.014303,AMEDEE
46,58,104,Pd,4.5,0.109314,10.1103/PhysRevC.81.014303,AMEDEE
46,60,106,Pd,4.53,0.127103,10.1103/PhysRevC.81.014303,AMEDEE
46,62,108,Pd,4.55,0.165463,10.1103/PhysRevC.81.014303,AMEDEE
46,64,110,Pd,4.58,0.207936,10.1103/PhysRevC.81.014303,AMEDEE
46,66,112,Pd,4.59,0.193121,10.1103/PhysRevC.81.014303,AMEDEE
46,68,114,Pd,4.6,0.180631,10.1103/PhysRevC.81.014303,AMEDEE
46,70,116,Pd,4.61,0.159763,10.1103/PhysRevC.81.014303,AMEDEE
46,72,118,Pd,4.61,0.111755,10.1103/PhysRevC.81.014303,AMEDEE
46,74,120,Pd,4.62,0.0899364,10.1103/PhysRevC.81.014303,AMEDEE
46,76,122,Pd,4.63,0.0740887,10.1103/PhysRevC.81.014303,AMEDEE
46,78,124,Pd,4.64,0.0547952,10.1103/PhysRevC.81.014303,AMEDEE
46,80,126,Pd,4.64,0.0365327,10.1103/PhysRevC.81.014303,AMEDEE
46,82,128,Pd,4.65,0.0346485,10.1103/PhysRevC.81.014303,AMEDEE
46,84,130,Pd,4.66,0.0279639,10.1103/PhysRevC.81.014303,AMEDEE
46,86,132,,4.68,0.043681,10.1103/PhysRevC.81.014303,AMEDEE
46,88,134,,4.7,0.0571085,10.1103/PhysRevC.81.014303,AMEDEE
46,90,136,,4.72,0.0714714,10.1103/PhysRevC.81.014303,AMEDEE
46,92,138,,4.74,0.0915375,10.1103/PhysRevC.81.014303,AMEDEE
46,94,140,,4.76,0.128536,10.1103/PhysRevC.81.014303,AMEDEE
46,96,142,,4.8,0.185942,10.1103/PhysRevC.81.014303,AMEDEE
46,98,144,,4.82,0.235521,10.1103/PhysRevC.81.014303,AMEDEE
46,100,146,,4.85,0.276401,10.1103/PhysRevC.81.014303,AMEDEE
46,102,148,,4.88,0.331628,10.1103/PhysRevC.81.014303,AMEDEE
46,104,150,,4.89,0.295141,10.1103/PhysRevC.81.014303,AMEDEE
46,106,152,,4.9,0.281588,10.1103/PhysRevC.81.014303,AMEDEE
48,44,92,,4.42,0.0564648,10.1103/PhysRevC.81.014303,AMEDEE
48,46,94,Cd,4.43,0.0543797,10.1103/PhysRevC.81.014303,AMEDEE
48,48,96,Cd,4.44,0.0507718,10.1103/PhysRevC.81.014303,AMEDEE
48,50,98,Cd,4.45,0.0452382,10.1103/PhysRevC.81.014303,AMEDEE
48,52,100,Cd,4.46,0.0413684,10.1103/PhysRevC.81.014303,AMEDEE
48,54,102,Cd,4.49,0.0711044,10.1103/PhysRevC.81.014303,AMEDEE
48,56,104,Cd,4.51,0.0822729,10.1103/PhysRevC.81.014303,AMEDEE
48,58,106,Cd,4.53,0.0942498,10.1103/PhysRevC.81.014303,AMEDEE
48,60,108,Cd,4.55,0.10559,10.1103/PhysRevC.81.014303,AMEDEE
48,62,110,Cd,4.57,0.117983,10.1103/PhysRevC.81.014303,AMEDEE
48,64,112,Cd,4.59,0.13233,10.1103/PhysRevC.81.014303,AMEDEE
48,66,114,Cd,4.61,0.134052,10.1103/PhysRevC.81.014303,AMEDEE
48,68,116,Cd,4.62,0.139884,10.1103/PhysRevC.81.014303,AMEDEE
48,70,118,Cd,4.64,0.144264,10.1103/PhysRevC.81.014303,AMEDEE
48,72,120,Cd,4.64,0.0873251,10.1103/PhysRevC.81.014303,AMEDEE
48,74,122,Cd,4.65,0.0730633,10.1103/PhysRevC.81.014303,AMEDEE
48,76,124,Cd,4.66,0.0637762,10.1103/PhysRevC.81.014303,AMEDEE
48,78,126,Cd,4.67,0.0506693,10.1103/PhysRevC.81.014303,AMEDEE
48,80,128,Cd,4.67,0.0356728,10.1103/PhysRevC.81.014303,AMEDEE
48,82,130,Cd,4.69,0.0403937,10.1103/PhysRevC.81.014303,AMEDEE
48,84,132,Cd,4.69,0.0232518,10.1103/PhysRevC.81.014303,AMEDEE
48,86,134,Cd,4.71,0.0366254,10.1103/PhysRevC.81.014303,AMEDEE
48,88,136,,4.73,0.0564201,10.1103/PhysRevC.81.014303,AMEDEE
48,90,138,,4.75,0.0706167,10.1103/PhysRevC.81.014303,AMEDEE
48,92,140,,4.77,0.0915966,10.1103/PhysRevC.81.014303,AMEDEE
48,94,142,,4.79,0.12109,10.1103/PhysRevC.81.014303,AMEDEE
48,96,144,,4.83,0.192867,10.1103/PhysRevC.81.014303,AMEDEE
48,98,146,,4.86,0.269105,10.1103/PhysRevC.81.014303,AMEDEE
48,100,148,,4.89,0.32722,10.1103/PhysRevC.81.014303,AMEDEE
48,102,150,,4.92,0.382821,10.1103/PhysRevC.81.014303,AMEDEE
48,104,152,,4.92,0.324066,10.1103/PhysRevC.81.014303,AMEDEE
48,106,154,,4.93,0.300048,10.1103/PhysRevC.81.014303,AMEDEE
48,108,156,,4.94,0.263022,10.1103/PhysRevC.81.014303,AMEDEE
48,110,158,,4.95,0.263227,10.1103/PhysRevC.81.014303,AMEDEE
48,112,160,,4.95,0.189392,10.1103/PhysRevC.81.014303,AMEDEE
48,114,162,,4.96,0.133882,10.1103/PhysRevC.81.014303,AMEDEE
48,116,164,,4.97,0.109839,10.1103/PhysRevC.81.014303,AMEDEE
48,118,166,,4.98,0.0920319,10.1103/PhysRevC.81.014303,AMEDEE
48,120,168,,4.99,0.0767194,10.1103/PhysRevC.81.014303,AMEDEE
48,122,170,,5,0.0634599,10.1103/PhysRevC.81.014303,AMEDEE
48,124,172,,5.01,0.0511993,10.1103/PhysRevC.81.014303,AMEDEE
48,126,174,,5.02,0.0486342,10.1103/PhysRevC.81.014303,AMEDEE
50,46,96,,4.46,0.0549594,10.1103/PhysRevC.81.014303,AMEDEE
50,48,98,,4.48,0.0524667,10.1103/PhysRevC.81.014303,AMEDEE
50,50,100,Sn,4.49,0.0650979,10.1103/PhysRevC.81.014303,AMEDEE
50,52,102,Sn,4.49,0.0429912,10.1103/PhysRevC.81.014303,AMEDEE
50,54,104,Sn,4.52,0.066993,10.1103/PhysRevC.81.014303,AMEDEE
50,56,106,Sn,4.54,0.0724276,10.1103/PhysRevC.81.014303,AMEDEE
50,58,108,Sn,4.56,0.0853195,10.1103/PhysRevC.81.014303,AMEDEE
50,60,110,Sn,4.58,0.0895006,10.1103/PhysRevC.81.014303,AMEDEE
50,62,112,Sn,4.6,0.0946886,10.1103/PhysRevC.81.014303,AMEDEE
50,64,114,Sn,4.62,0.086848,10.1103/PhysRevC.81.014303,AMEDEE
50,66,116,Sn,4.63,0.0896006,10.1103/PhysRevC.81.014303,AMEDEE
50,68,118,Sn,4.65,0.113613,10.1103/PhysRevC.81.014303,AMEDEE
50,70,120,Sn,4.66,0.102155,10.1103/PhysRevC.81.014303,AMEDEE
50,72,122,Sn,4.67,0.0762364,10.1103/PhysRevC.81.014303,AMEDEE
50,74,124,Sn,4.68,0.0701025,10.1103/PhysRevC.81.014303,AMEDEE
50,76,126,Sn,4.69,0.0626894,10.1103/PhysRevC.81.014303,AMEDEE
50,78,128,Sn,4.7,0.0491131,10.1103/PhysRevC.81.014303,AMEDEE
50,80,130,Sn,4.7,0.0379953,10.1103/PhysRevC.81.014303,AMEDEE
50,82,132,Sn,4.73,0.0661606,10.1103/PhysRevC.81.014303,AMEDEE
50,84,134,Sn,4.72,0.0260336,10.1103/PhysRevC.81.014303,AMEDEE
50,86,136,Sn,4.74,0.042241,10.1103/PhysRevC.81.014303,AMEDEE
50,88,138,Sn,4.76,0.0551535,10.1103/PhysRevC.81.014303,AMEDEE
50,90,140,Sn,4.78,0.0671948,10.1103/PhysRevC.81.014303,AMEDEE
50,92,142,,4.8,0.0828427,10.1103/PhysRevC.81.014303,AMEDEE
50,94,144,,4.82,0.109962,10.1103/PhysRevC.81.014303,AMEDEE
50,96,146,,4.86,0.182939,10.1103/PhysRevC.81.014303,AMEDEE
50,98,148,,4.89,0.282772,10.1103/PhysRevC.81.014303,AMEDEE
50,100,150,,4.92,0.36642,10.1103/PhysRevC.81.014303,AMEDEE
50,102,152,,4.95,0.40497,10.1103/PhysRevC.81.014303,AMEDEE
50,104,154,,4.97,0.452759,10.1103/PhysRevC.81.014303,AMEDEE
50,106,156,,4.97,0.364748,10.1103/PhysRevC.81.014303,AMEDEE
50,108,158,,4.98,0.316282,10.1103/PhysRevC.81.014303,AMEDEE
50,110,160,,4.98,0.260575,10.1103/PhysRevC.81.014303,AMEDEE
50,112,162,,4.99,0.207128,10.1103/PhysRevC.81.014303,AMEDEE
50,114,164,,4.99,0.14539,10.1103/PhysRevC.81.014303,AMEDEE
50,116,166,,5,0.114709,10.1103/PhysRevC.81.014303,AMEDEE
50,118,168,,5.01,0.093456,10.1103/PhysRevC.81.014303,AMEDEE
50,120,170,,5.02,0.0753186,10.1103/PhysRevC.81.014303,AMEDEE
50,122,172,,5.03,0.0603071,10.1103/PhysRevC.81.014303,AMEDEE
50,124,174,,5.04,0.0471665,10.1103/PhysRevC.81.014303,AMEDEE
50,126,176,,5.05,0.0584621,10.1103/PhysRevC.81.014303,AMEDEE
52,56,108,Te,4.6,0.0993471,10.1103/PhysRevC.81.014303,AMEDEE
52,58,110,Te,4.62,0.121157,10.1103/PhysRevC.81.014303,AMEDEE
52,60,112,Te,4.64,0.150969,10.1103/PhysRevC.81.014303,AMEDEE
52,62,114,Te,4.66,0.187847,10.1103/PhysRevC.81.014303,AMEDEE
52,64,116,Te,4.7,0.272145,10.1103/PhysRevC.81.014303,AMEDEE
52,66,118,Te,4.71,0.255591,10.1103/PhysRevC.81.014303,AMEDEE
52,68,120,Te,4.71,0.213108,10.1103/PhysRevC.81.014303,AMEDEE
52,70,122,Te,4.72,0.176508,10.1103/PhysRevC.81.014303,AMEDEE
52,72,124,Te,4.71,0.107493,10.1103/PhysRevC.81.014303,AMEDEE
52,74,126,Te,4.72,0.0881307,10.1103/PhysRevC.81.014303,AMEDEE
52,76,128,Te,4.73,0.0759471,10.1103/PhysRevC.81.014303,AMEDEE
52,78,130,Te,4.74,0.0606883,10.1103/PhysRevC.81.014303,AMEDEE
52,80,132,Te,4.75,0.0416643,10.1103/PhysRevC.81.014303,AMEDEE
52,82,134,Te,4.76,0.0447638,10.1103/PhysRevC.81.014303,AMEDEE
52,84,136,Te,4.77,0.0467084,10.1103/PhysRevC.81.014303,AMEDEE
52,86,138,Te,4.79,0.0622296,10.1103/PhysRevC.81.014303,AMEDEE
52,88,140,Te,4.81,0.0956278,10.1103/PhysRevC.81.014303,AMEDEE
52,90,142,Te,4.83,0.11172,10.1103/PhysRevC.81.014303,AMEDEE
52,92,144,Te,4.85,0.141499,10.1103/PhysRevC.81.014303,AMEDEE
52,94,146,,4.88,0.195658,10.1103/PhysRevC.81.014303,AMEDEE
52,96,148,,4.91,0.291577,10.1103/PhysRevC.81.014303,AMEDEE
52,98,150,,4.94,0.366994,10.1103/PhysRevC.81.014303,AMEDEE
52,100,152,,4.97,0.440511,10.1103/PhysRevC.81.014303,AMEDEE
52,102,154,,4.99,0.476064,10.1103/PhysRevC.81.014303,AMEDEE
52,104,156,,5,0.481889,10.1103/PhysRevC.81.014303,AMEDEE
52,106,158,,5.02,0.502188,10.1103/PhysRevC.81.014303,AMEDEE
52,108,160,,5.02,0.389575,10.1103/PhysRevC.81.014303,AMEDEE
52,110,162,,5.02,0.327176,10.1103/PhysRevC.81.014303,AMEDEE
52,112,164,,5.03,0.265388,10.1103/PhysRevC.81.014303,AMEDEE
52,114,166,,5.03,0.188373,10.1103/PhysRevC.81.014303,AMEDEE
52,116,168,,5.04,0.143424,10.1103/PhysRevC.81.014303,AMEDEE
52,118,170,,5.05,0.112023,10.1103/PhysRevC.81.014303,AMEDEE
52,120,172,,5.06,0.0868436,10.1103/PhysRevC.81.014303,AMEDEE
52,122,174,,5.07,0.0682007,10.1103/PhysRevC.81.014303,AMEDEE
52,124,176,,5.08,0.0488424,10.1103/PhysRevC.81.014303,AMEDEE
52,126,178,,5.1,0.0562845,10.1103/PhysRevC.81.014303,AMEDEE
52,128,180,,5.1,0.0412291,10.1103/PhysRevC.81.014303,AMEDEE
54,56,110,Xe,4.66,0.174228,10.1103/PhysRevC.81.014303,AMEDEE
54,58,112,Xe,4.68,0.213653,10.1103/PhysRevC.81.014303,AMEDEE
54,60,114,Xe,4.71,0.287309,10.1103/PhysRevC.81.014303,AMEDEE
54,62,116,Xe,4.73,0.355595,10.1103/PhysRevC.81.014303,AMEDEE
54,64,118,Xe,4.75,0.382056,10.1103/PhysRevC.81.014303,AMEDEE
54,66,120,Xe,4.77,0.403517,10.1103/PhysRevC.81.014303,AMEDEE
54,68,122,Xe,4.78,0.363054,10.1103/PhysRevC.81.014303,AMEDEE
54,70,124,Xe,4.78,0.305962,10.1103/PhysRevC.81.014303,AMEDEE
54,72,126,Xe,4.77,0.192237,10.1103/PhysRevC.81.014303,AMEDEE
54,74,128,Xe,4.78,0.151199,10.1103/PhysRevC.81.014303,AMEDEE
54,76,130,Xe,4.78,0.122811,10.1103/PhysRevC.81.014303,AMEDEE
54,78,132,Xe,4.79,0.0936439,10.1103/PhysRevC.81.014303,AMEDEE
54,80,134,Xe,4.79,0.0642805,10.1103/PhysRevC.81.014303,AMEDEE
54,82,136,Xe,4.81,0.0685135,10.1103/PhysRevC.81.014303,AMEDEE
54,84,138,Xe,4.82,0.0630311,10.1103/PhysRevC.81.014303,AMEDEE
54,86,140,Xe,4.84,0.107292,10.1103/PhysRevC.81.014303,AMEDEE
54,88,142,Xe,4.87,0.156127,10.1103/PhysRevC.81.014303,AMEDEE
54,90,144,Xe,4.89,0.194479,10.1103/PhysRevC.81.014303,AMEDEE
54,92,146,Xe,4.91,0.248722,10.1103/PhysRevC.81.014303,AMEDEE
54,94,148,Xe,4.94,0.310846,10.1103/PhysRevC.81.014303,AMEDEE
54,96,150,Xe,4.96,0.393288,10.1103/PhysRevC.81.014303,AMEDEE
54,98,152,,4.99,0.453143,10.1103/PhysRevC.81.014303,AMEDEE
54,100,154,,5.01,0.519061,10.1103/PhysRevC.81.014303,AMEDEE
54,102,156,,5.03,0.550856,10.1103/PhysRevC.81.014303,AMEDEE
54,104,158,,5.04,0.546613,10.1103/PhysRevC.81.014303,AMEDEE
54,106,160,,5.06,0.557352,10.1103/PhysRevC.81.014303,AMEDEE
54,108,162,,5.06,0.441452,10.1103/PhysRevC.81.014303,AMEDEE
54,110,164,,5.06,0.379774,10.1103/PhysRevC.81.014303,AMEDEE
54,112,166,,5.07,0.32488,10.1103/PhysRevC.81.014303,AMEDEE
54,114,168,,5.07,0.255097,10.1103/PhysRevC.81.014303,AMEDEE
54,116,170,,5.08,0.198481,10.1103/PhysRevC.81.014303,AMEDEE
54,118,172,,5.09,0.150177,10.1103/PhysRevC.81.014303,AMEDEE
54,120,174,,5.1,0.113237,10.1103/PhysRevC.81.014303,AMEDEE
54,122,176,,5.11,0.0824851,10.1103/PhysRevC.81.014303,AMEDEE
54,124,178,,5.12,0.0555895,10.1103/PhysRevC.81.014303,AMEDEE
54,126,180,,5.13,0.0582332,10.1103/PhysRevC.81.014303,AMEDEE
54,128,182,,5.14,0.0485362,10.1103/PhysRevC.81.014303,AMEDEE
56,58,114,Ba,4.74,0.337814,10.1103/PhysRevC.81.014303,AMEDEE
56,60,116,Ba,4.77,0.479892,10.1103/PhysRevC.81.014303,AMEDEE
56,62,118,Ba,4.81,0.600653,10.1103/PhysRevC.81.014303,AMEDEE
56,64,120,Ba,4.82,0.587356,10.1103/PhysRevC.81.014303,AMEDEE
56,66,122,Ba,4.83,0.587673,10.1103/PhysRevC.81.014303,AMEDEE
56,68,124,Ba,4.83,0.504428,10.1103/PhysRevC.81.014303,AMEDEE
56,70,126,Ba,4.83,0.405988,10.1103/PhysRevC.81.014303,AMEDEE
56,72,128,Ba,4.82,0.275346,10.1103/PhysRevC.81.014303,AMEDEE
56,74,130,Ba,4.82,0.213951,10.1103/PhysRevC.81.014303,AMEDEE
56,76,132,Ba,4.83,0.166919,10.1103/PhysRevC.81.014303,AMEDEE
56,78,134,Ba,4.83,0.125481,10.1103/PhysRevC.81.014303,AMEDEE
56,80,136,Ba,4.83,0.079232,10.1103/PhysRevC.81.014303,AMEDEE
56,82,138,Ba,4.85,0.0835143,10.1103/PhysRevC.81.014303,AMEDEE
56,84,140,Ba,4.86,0.0761969,10.1103/PhysRevC.81.014303,AMEDEE
56,86,142,Ba,4.88,0.134417,10.1103/PhysRevC.81.014303,AMEDEE
56,88,144,Ba,4.91,0.199686,10.1103/PhysRevC.81.014303,AMEDEE
56,90,146,Ba,4.94,0.26848,10.1103/PhysRevC.81.014303,AMEDEE
56,92,148,Ba,4.97,0.365885,10.1103/PhysRevC.81.014303,AMEDEE
56,94,150,Ba,5,0.478714,10.1103/PhysRevC.81.014303,AMEDEE
56,96,152,Ba,5.02,0.555912,10.1103/PhysRevC.81.014303,AMEDEE
56,98,154,Ba,5.04,0.605493,10.1103/PhysRevC.81.014303,AMEDEE
56,100,156,,5.06,0.658052,10.1103/PhysRevC.81.014303,AMEDEE
56,102,158,,5.07,0.683919,10.1103/PhysRevC.81.014303,AMEDEE
56,104,160,,5.08,0.664469,10.1103/PhysRevC.81.014303,AMEDEE
56,106,162,,5.09,0.591607,10.1103/PhysRevC.81.014303,AMEDEE
56,108,164,,5.09,0.515169,10.1103/PhysRevC.81.014303,AMEDEE
56,110,166,,5.1,0.440698,10.1103/PhysRevC.81.014303,AMEDEE
56,112,168,,5.11,0.379389,10.1103/PhysRevC.81.014303,AMEDEE
56,114,170,,5.11,0.306437,10.1103/PhysRevC.81.014303,AMEDEE
56,116,172,,5.12,0.246698,10.1103/PhysRevC.81.014303,AMEDEE
56,118,174,,5.13,0.181805,10.1103/PhysRevC.81.014303,AMEDEE
56,120,176,,5.14,0.135707,10.1103/PhysRevC.81.014303,AMEDEE
56,122,178,,5.15,0.094417,10.1103/PhysRevC.81.014303,AMEDEE
56,124,180,,5.15,0.0599118,10.1103/PhysRevC.81.014303,AMEDEE
56,126,182,,5.17,0.0594602,10.1103/PhysRevC.81.014303,AMEDEE
56,128,184,,5.17,0.0515288,10.1103/PhysRevC.81.014303,AMEDEE
58,60,118,,4.86,0.772294,10.1103/PhysRevC.81.014303,AMEDEE
58,62,120,,4.87,0.812648,10.1103/PhysRevC.81.014303,AMEDEE
58,64,122,Ce,4.88,0.820144,10.1103/PhysRevC.81.014303,AMEDEE
58,66,124,Ce,4.89,0.783825,10.1103/PhysRevC.81.014303,AMEDEE
58,68,126,Ce,4.89,0.671769,10.1103/PhysRevC.81.014303,AMEDEE
58,70,128,Ce,4.88,0.501419,10.1103/PhysRevC.81.014303,AMEDEE
58,72,130,Ce,4.87,0.37396,10.1103/PhysRevC.81.014303,AMEDEE
58,74,132,Ce,4.87,0.279926,10.1103/PhysRevC.81.014303,AMEDEE
58,76,134,Ce,4.87,0.202701,10.1103/PhysRevC.81.014303,AMEDEE
58,78,136,Ce,4.87,0.152399,10.1103/PhysRevC.81.014303,AMEDEE
58,80,138,Ce,4.87,0.0915044,10.1103/PhysRevC.81.014303,AMEDEE
58,82,140,Ce,4.89,0.0929171,10.1103/PhysRevC.81.014303,AMEDEE
58,84,142,Ce,4.9,0.085843,10.1103/PhysRevC.81.014303,AMEDEE
58,86,144,Ce,4.92,0.159072,10.1103/PhysRevC.81.014303,AMEDEE
58,88,146,Ce,4.95,0.245991,10.1103/PhysRevC.81.014303,AMEDEE
58,90,148,Ce,4.99,0.384034,10.1103/PhysRevC.81.014303,AMEDEE
58,92,150,Ce,5.02,0.546571,10.1103/PhysRevC.81.014303,AMEDEE
58,94,152,Ce,5.05,0.669345,10.1103/PhysRevC.81.014303,AMEDEE
58,96,154,Ce,5.07,0.745132,10.1103/PhysRevC.81.014303,AMEDEE
58,98,156,Ce,5.09,0.768134,10.1103/PhysRevC.81.014303,AMEDEE
58,100,158,Ce,5.1,0.814199,10.1103/PhysRevC.81.014303,AMEDEE
58,102,160,,5.12,0.851088,10.1103/PhysRevC.81.014303,AMEDEE
58,104,162,,5.14,0.881113,10.1103/PhysRevC.81.014303,AMEDEE
58,106,164,,5.13,0.736138,10.1103/PhysRevC.81.014303,AMEDEE
58,108,166,,5.14,0.628782,10.1103/PhysRevC.81.014303,AMEDEE
58,110,168,,5.14,0.517905,10.1103/PhysRevC.81.014303,AMEDEE
58,112,170,,5.14,0.438166,10.1103/PhysRevC.81.014303,AMEDEE
58,114,172,,5.15,0.351727,10.1103/PhysRevC.81.014303,AMEDEE
58,116,174,,5.15,0.285764,10.1103/PhysRevC.81.014303,AMEDEE
58,118,176,,5.16,0.212836,10.1103/PhysRevC.81.014303,AMEDEE
58,120,178,,5.17,0.157028,10.1103/PhysRevC.81.014303,AMEDEE
58,122,180,,5.18,0.105177,10.1103/PhysRevC.81.014303,AMEDEE
58,124,182,,5.19,0.0627659,10.1103/PhysRevC.81.014303,AMEDEE
58,126,184,,5.2,0.0638363,10.1103/PhysRevC.81.014303,AMEDEE
58,128,186,,5.2,0.0532021,10.1103/PhysRevC.81.014303,AMEDEE
60,62,122,,4.91,0.923941,10.1103/PhysRevC.81.014303,AMEDEE
60,64,124,,4.93,0.966648,10.1103/PhysRevC.81.014303,AMEDEE
60,66,126,Nd,4.94,0.935458,10.1103/PhysRevC.81.014303,AMEDEE
60,68,128,Nd,4.95,0.907947,10.1103/PhysRevC.81.014303,AMEDEE
60,70,130,Nd,4.94,0.776548,10.1103/PhysRevC.81.014303,AMEDEE
60,72,132,Nd,4.92,0.533009,10.1103/PhysRevC.81.014303,AMEDEE
60,74,134,Nd,4.91,0.358638,10.1103/PhysRevC.81.014303,AMEDEE
60,76,136,Nd,4.91,0.237668,10.1103/PhysRevC.81.014303,AMEDEE
60,78,138,Nd,4.91,0.176222,10.1103/PhysRevC.81.014303,AMEDEE
60,80,140,Nd,4.91,0.101634,10.1103/PhysRevC.81.014303,AMEDEE
60,82,142,Nd,4.92,0.103037,10.1103/PhysRevC.81.014303,AMEDEE
60,84,144,Nd,4.93,0.0932595,10.1103/PhysRevC.81.014303,AMEDEE
60,86,146,Nd,4.96,0.181238,10.1103/PhysRevC.81.014303,AMEDEE
60,88,148,Nd,5,0.308027,10.1103/PhysRevC.81.014303,AMEDEE
60,90,150,Nd,5.04,0.520479,10.1103/PhysRevC.81.014303,AMEDEE
60,92,152,Nd,5.07,0.727398,10.1103/PhysRevC.81.014303,AMEDEE
60,94,154,Nd,5.09,0.814014,10.1103/PhysRevC.81.014303,AMEDEE
60,96,156,Nd,5.11,0.866866,10.1103/PhysRevC.81.014303,AMEDEE
60,98,158,Nd,5.13,0.914744,10.1103/PhysRevC.81.014303,AMEDEE
60,100,160,Nd,5.14,0.9496,10.1103/PhysRevC.81.014303,AMEDEE
60,102,162,Nd,5.16,1.00572,10.1103/PhysRevC.81.014303,AMEDEE
60,104,164,,5.17,0.983198,10.1103/PhysRevC.81.014303,AMEDEE
60,106,166,,5.18,0.911327,10.1103/PhysRevC.81.014303,AMEDEE
60,108,168,,5.18,0.779493,10.1103/PhysRevC.81.014303,AMEDEE
60,110,170,,5.18,0.626488,10.1103/PhysRevC.81.014303,AMEDEE
60,112,172,,5.18,0.512313,10.1103/PhysRevC.81.014303,AMEDEE
60,114,174,,5.18,0.402906,10.1103/PhysRevC.81.014303,AMEDEE
60,116,176,,5.19,0.324358,10.1103/PhysRevC.81.014303,AMEDEE
60,118,178,,5.19,0.243821,10.1103/PhysRevC.81.014303,AMEDEE
60,120,180,,5.2,0.176058,10.1103/PhysRevC.81.014303,AMEDEE
60,122,182,,5.21,0.113458,10.1103/PhysRevC.81.014303,AMEDEE
60,124,184,,5.21,0.0650838,10.1103/PhysRevC.81.014303,AMEDEE
60,126,186,,5.23,0.0638146,10.1103/PhysRevC.81.014303,AMEDEE
60,128,188,,5.23,0.0547349,10.1103/PhysRevC.81.014303,AMEDEE
60,130,190,,5.25,0.0917984,10.1103/PhysRevC.81.014303,AMEDEE
60,132,192,,5.26,0.136659,10.1103/PhysRevC.81.014303,AMEDEE
60,134,194,,5.28,0.196517,10.1103/PhysRevC.81.014303,AMEDEE
60,136,196,,5.3,0.308534,10.1103/PhysRevC.81.014303,AMEDEE
60,138,198,,5.34,0.491151,10.1103/PhysRevC.81.014303,AMEDEE
60,140,200,,5.37,0.647249,10.1103/PhysRevC.81.014303,AMEDEE
60,142,202,,5.39,0.794632,10.1103/PhysRevC.81.014303,AMEDEE
62,66,128,,4.98,1.02259,10.1103/PhysRevC.81.014303,AMEDEE
62,68,130,Sm,4.99,1.00271,10.1103/PhysRevC.81.014303,AMEDEE
62,70,132,Sm,4.99,0.973556,10.1103/PhysRevC.81.014303,AMEDEE
62,72,134,Sm,4.98,0.743305,10.1103/PhysRevC.81.014303,AMEDEE
62,74,136,Sm,4.96,0.489455,10.1103/PhysRevC.81.014303,AMEDEE
62,76,138,Sm,4.95,0.308643,10.1103/PhysRevC.81.014303,AMEDEE
62,78,140,Sm,4.95,0.207941,10.1103/PhysRevC.81.014303,AMEDEE
62,80,142,Sm,4.95,0.109784,10.1103/PhysRevC.81.014303,AMEDEE
62,82,144,Sm,4.96,0.0998948,10.1103/PhysRevC.81.014303,AMEDEE
62,84,146,Sm,4.97,0.0996675,10.1103/PhysRevC.81.014303,AMEDEE
62,86,148,Sm,5,0.205579,10.1103/PhysRevC.81.014303,AMEDEE
62,88,150,Sm,5.04,0.375915,10.1103/PhysRevC.81.014303,AMEDEE
62,90,152,Sm,5.08,0.67361,10.1103/PhysRevC.81.014303,AMEDEE
62,92,154,Sm,5.11,0.854461,10.1103/PhysRevC.81.014303,AMEDEE
62,94,156,Sm,5.13,0.919862,10.1103/PhysRevC.81.014303,AMEDEE
62,96,158,Sm,5.15,0.969678,10.1103/PhysRevC.81.014303,AMEDEE
62,98,160,Sm,5.16,1.00951,10.1103/PhysRevC.81.014303,AMEDEE
62,100,162,Sm,5.18,1.05651,10.1103/PhysRevC.81.014303,AMEDEE
62,102,164,Sm,5.2,1.10683,10.1103/PhysRevC.81.014303,AMEDEE
62,104,166,Sm,5.21,1.10175,10.1103/PhysRevC.81.014303,AMEDEE
62,106,168,Sm,5.22,1.03564,10.1103/PhysRevC.81.014303,AMEDEE
62,108,170,,5.22,0.911353,10.1103/PhysRevC.81.014303,AMEDEE
62,110,172,,5.22,0.753483,10.1103/PhysRevC.81.014303,AMEDEE
62,112,174,,5.22,0.625834,10.1103/PhysRevC.81.014303,AMEDEE
62,114,176,,5.22,0.480498,10.1103/PhysRevC.81.014303,AMEDEE
62,116,178,,5.22,0.377599,10.1103/PhysRevC.81.014303,AMEDEE
62,118,180,,5.22,0.277146,10.1103/PhysRevC.81.014303,AMEDEE
62,120,182,,5.23,0.192242,10.1103/PhysRevC.81.014303,AMEDEE
62,122,184,,5.23,0.120119,10.1103/PhysRevC.81.014303,AMEDEE
62,124,186,,5.24,0.0673845,10.1103/PhysRevC.81.014303,AMEDEE
62,126,188,,5.25,0.0665227,10.1103/PhysRevC.81.014303,AMEDEE
62,128,190,,5.26,0.0568392,10.1103/PhysRevC.81.014303,AMEDEE
62,130,192,,5.27,0.097283,10.1103/PhysRevC.81.014303,AMEDEE
62,132,194,,5.29,0.146366,10.1103/PhysRevC.81.014303,AMEDEE
62,134,196,,5.31,0.222817,10.1103/PhysRevC.81.014303,AMEDEE
62,136,198,,5.34,0.389141,10.1103/PhysRevC.81.014303,AMEDEE
62,138,200,,5.38,0.628236,10.1103/PhysRevC.81.014303,AMEDEE
62,140,202,,5.41,0.813403,10.1103/PhysRevC.81.014303,AMEDEE
62,142,204,,5.44,0.958116,10.1103/PhysRevC.81.014303,AMEDEE
62,144,206,,5.46,1.0793,10.1103/PhysRevC.81.014303,AMEDEE
62,146,208,,5.47,1.16108,10.1103/PhysRevC.81.014303,AMEDEE
64,68,132,,5.02,1.07592,10.1103/PhysRevC.81.014303,AMEDEE
64,70,134,Gd,5.03,1.05008,10.1103/PhysRevC.81.014303,AMEDEE
64,72,136,Gd,5.03,0.88776,10.1103/PhysRevC.81.014303,AMEDEE
64,74,138,Gd,5.01,0.625174,10.1103/PhysRevC.81.014303,AMEDEE
64,76,140,Gd,4.99,0.401986,10.1103/PhysRevC.81.014303,AMEDEE
64,78,142,Gd,4.99,0.24519,10.1103/PhysRevC.81.014303,AMEDEE
64,80,144,Gd,4.98,0.120535,10.1103/PhysRevC.81.014303,AMEDEE
64,82,146,Gd,4.99,0.105096,10.1103/PhysRevC.81.014303,AMEDEE
64,84,148,Gd,5,0.10844,10.1103/PhysRevC.81.014303,AMEDEE
64,86,150,Gd,5.03,0.237324,10.1103/PhysRevC.81.014303,AMEDEE
64,88,152,Gd,5.07,0.432805,10.1103/PhysRevC.81.014303,AMEDEE
64,90,154,Gd,5.13,0.876418,10.1103/PhysRevC.81.014303,AMEDEE
64,92,156,Gd,5.15,0.946755,10.1103/PhysRevC.81.014303,AMEDEE
64,94,158,Gd,5.17,1.01337,10.1103/PhysRevC.81.014303,AMEDEE
64,96,160,Gd,5.18,1.04666,10.1103/PhysRevC.81.014303,AMEDEE
64,98,162,Gd,5.2,1.08079,10.1103/PhysRevC.81.014303,AMEDEE
64,100,164,Gd,5.21,1.14097,10.1103/PhysRevC.81.014303,AMEDEE
64,102,166,Gd,5.23,1.18015,10.1103/PhysRevC.81.014303,AMEDEE
64,104,168,Gd,5.24,1.16356,10.1103/PhysRevC.81.014303,AMEDEE
64,106,170,Gd,5.25,1.10298,10.1103/PhysRevC.81.014303,AMEDEE
64,108,172,Gd,5.25,0.997569,10.1103/PhysRevC.81.014303,AMEDEE
64,110,174,,5.26,0.884722,10.1103/PhysRevC.81.014303,AMEDEE
64,112,176,,5.27,0.835921,10.1103/PhysRevC.81.014303,AMEDEE
64,114,178,,5.26,0.586621,10.1103/PhysRevC.81.014303,AMEDEE
64,116,180,,5.25,0.434934,10.1103/PhysRevC.81.014303,AMEDEE
64,118,182,,5.25,0.306495,10.1103/PhysRevC.81.014303,AMEDEE
64,120,184,,5.26,0.208388,10.1103/PhysRevC.81.014303,AMEDEE
64,122,186,,5.26,0.128623,10.1103/PhysRevC.81.014303,AMEDEE
64,124,188,,5.27,0.0716117,10.1103/PhysRevC.81.014303,AMEDEE
64,126,190,,5.28,0.0687999,10.1103/PhysRevC.81.014303,AMEDEE
64,128,192,,5.28,0.0604753,10.1103/PhysRevC.81.014303,AMEDEE
64,130,194,,5.3,0.105215,10.1103/PhysRevC.81.014303,AMEDEE
64,132,196,,5.32,0.16134,10.1103/PhysRevC.81.014303,AMEDEE
64,134,198,,5.34,0.25455,10.1103/PhysRevC.81.014303,AMEDEE
64,136,200,,5.37,0.413631,10.1103/PhysRevC.81.014303,AMEDEE
64,138,202,,5.41,0.642762,10.1103/PhysRevC.81.014303,AMEDEE
64,140,204,,5.45,0.956765,10.1103/PhysRevC.81.014303,AMEDEE
64,142,206,,5.47,1.06449,10.1103/PhysRevC.81.014303,AMEDEE
64,144,208,,5.49,1.16855,10.1103/PhysRevC.81.014303,AMEDEE
64,146,210,,5.5,1.24002,10.1103/PhysRevC.81.014303,AMEDEE
64,148,212,,5.52,1.29316,10.1103/PhysRevC.81.014303,AMEDEE
64,150,214,,5.54,1.40239,10.1103/PhysRevC.81.014303,AMEDEE
66,70,136,,5.07,1.15609,10.1103/PhysRevC.81.014303,AMEDEE
66,72,138,,5.06,0.990627,10.1103/PhysRevC.81.014303,AMEDEE
66,74,140,Dy,5.05,0.706776,10.1103/PhysRevC.81.014303,AMEDEE
66,76,142,Dy,5.03,0.43657,10.1103/PhysRevC.81.014303,AMEDEE
66,78,144,Dy,5.02,0.278268,10.1103/PhysRevC.81.014303,AMEDEE
66,80,146,Dy,5.01,0.136801,10.1103/PhysRevC.81.014303,AMEDEE
66,82,148,Dy,5.02,0.10818,10.1103/PhysRevC.81.014303,AMEDEE
66,84,150,Dy,5.03,0.119325,10.1103/PhysRevC.81.014303,AMEDEE
66,86,152,Dy,5.07,0.239555,10.1103/PhysRevC.81.014303,AMEDEE
66,88,154,Dy,5.1,0.440097,10.1103/PhysRevC.81.014303,AMEDEE
66,90,156,Dy,5.15,0.76287,10.1103/PhysRevC.81.014303,AMEDEE
66,92,158,Dy,5.19,1.04407,10.1103/PhysRevC.81.014303,AMEDEE
66,94,160,Dy,5.2,1.11932,10.1103/PhysRevC.81.014303,AMEDEE
66,96,162,Dy,5.22,1.20611,10.1103/PhysRevC.81.014303,AMEDEE
66,98,164,Dy,5.23,1.16554,10.1103/PhysRevC.81.014303,AMEDEE
66,100,166,Dy,5.24,1.20594,10.1103/PhysRevC.81.014303,AMEDEE
66,102,168,Dy,5.26,1.23322,10.1103/PhysRevC.81.014303,AMEDEE
66,104,170,Dy,5.27,1.20885,10.1103/PhysRevC.81.014303,AMEDEE
66,106,172,Dy,5.28,1.16409,10.1103/PhysRevC.81.014303,AMEDEE
66,108,174,Dy,5.29,1.15327,10.1103/PhysRevC.81.014303,AMEDEE
66,110,176,Dy,5.3,1.06444,10.1103/PhysRevC.81.014303,AMEDEE
66,112,178,,5.3,0.982231,10.1103/PhysRevC.81.014303,AMEDEE
66,114,180,,5.29,0.672418,10.1103/PhysRevC.81.014303,AMEDEE
66,116,182,,5.28,0.474377,10.1103/PhysRevC.81.014303,AMEDEE
66,118,184,,5.28,0.330292,10.1103/PhysRevC.81.014303,AMEDEE
66,120,186,,5.29,0.226956,10.1103/PhysRevC.81.014303,AMEDEE
66,122,188,,5.29,0.139679,10.1103/PhysRevC.81.014303,AMEDEE
66,124,190,,5.29,0.0802012,10.1103/PhysRevC.81.014303,AMEDEE
66,126,192,,5.3,0.0706879,10.1103/PhysRevC.81.014303,AMEDEE
66,128,194,,5.31,0.0646269,10.1103/PhysRevC.81.014303,AMEDEE
66,130,196,,5.33,0.114671,10.1103/PhysRevC.81.014303,AMEDEE
66,132,198,,5.35,0.17809,10.1103/PhysRevC.81.014303,AMEDEE
66,134,200,,5.37,0.285887,10.1103/PhysRevC.81.014303,AMEDEE
66,136,202,,5.41,0.477435,10.1103/PhysRevC.81.014303,AMEDEE
66,138,204,,5.45,0.811581,10.1103/PhysRevC.81.014303,AMEDEE
66,140,206,,5.48,1.00761,10.1103/PhysRevC.81.014303,AMEDEE
66,142,208,,5.5,1.22957,10.1103/PhysRevC.81.014303,AMEDEE
66,144,210,,5.52,1.25972,10.1103/PhysRevC.81.014303,AMEDEE
66,146,212,,5.53,1.31387,10.1103/PhysRevC.81.014303,AMEDEE
66,148,214,,5.55,1.36255,10.1103/PhysRevC.81.014303,AMEDEE
66,150,216,,5.56,1.3963,10.1103/PhysRevC.81.014303,AMEDEE
66,152,218,,5.58,1.50856,10.1103/PhysRevC.81.014303,AMEDEE
66,154,220,,5.59,1.52182,10.1103/PhysRevC.81.014303,AMEDEE
68,74,142,,5.07,0.691001,10.1103/PhysRevC.81.014303,AMEDEE
68,76,144,Er,5.06,0.429834,10.1103/PhysRevC.81.014303,AMEDEE
68,78,146,Er,5.05,0.274426,10.1103/PhysRevC.81.014303,AMEDEE
68,80,148,Er,5.05,0.14508,10.1103/PhysRevC.81.014303,AMEDEE
68,82,150,Er,5.06,0.126134,10.1103/PhysRevC.81.014303,AMEDEE
68,84,152,Er,5.07,0.1322,10.1103/PhysRevC.81.014303,AMEDEE
68,86,154,Er,5.1,0.262603,10.1103/PhysRevC.81.014303,AMEDEE
68,88,156,Er,5.12,0.381707,10.1103/PhysRevC.81.014303,AMEDEE
68,90,158,Er,5.17,0.664963,10.1103/PhysRevC.81.014303,AMEDEE
68,92,160,Er,5.21,1.00766,10.1103/PhysRevC.81.014303,AMEDEE
68,94,162,Er,5.23,1.15017,10.1103/PhysRevC.81.014303,AMEDEE
68,96,164,Er,5.25,1.24593,10.1103/PhysRevC.81.014303,AMEDEE
68,98,166,Er,5.26,1.24568,10.1103/PhysRevC.81.014303,AMEDEE
68,100,168,Er,5.27,1.28824,10.1103/PhysRevC.81.014303,AMEDEE
68,102,170,Er,5.29,1.29558,10.1103/PhysRevC.81.014303,AMEDEE
68,104,172,Er,5.3,1.28075,10.1103/PhysRevC.81.014303,AMEDEE
68,106,174,Er,5.31,1.23363,10.1103/PhysRevC.81.014303,AMEDEE
68,108,176,Er,5.32,1.16031,10.1103/PhysRevC.81.014303,AMEDEE
68,110,178,Er,5.33,1.11649,10.1103/PhysRevC.81.014303,AMEDEE
68,112,180,Er,5.33,1.0051,10.1103/PhysRevC.81.014303,AMEDEE
68,114,182,,5.32,0.732395,10.1103/PhysRevC.81.014303,AMEDEE
68,116,184,,5.31,0.49772,10.1103/PhysRevC.81.014303,AMEDEE
68,118,186,,5.31,0.347838,10.1103/PhysRevC.81.014303,AMEDEE
68,120,188,,5.31,0.245926,10.1103/PhysRevC.81.014303,AMEDEE
68,122,190,,5.31,0.151991,10.1103/PhysRevC.81.014303,AMEDEE
68,124,192,,5.32,0.0878891,10.1103/PhysRevC.81.014303,AMEDEE
68,126,194,,5.33,0.0736358,10.1103/PhysRevC.81.014303,AMEDEE
68,128,196,,5.34,0.068115,10.1103/PhysRevC.81.014303,AMEDEE
68,130,198,,5.35,0.122325,10.1103/PhysRevC.81.014303,AMEDEE
68,132,200,,5.37,0.19082,10.1103/PhysRevC.81.014303,AMEDEE
68,134,202,,5.4,0.30342,10.1103/PhysRevC.81.014303,AMEDEE
68,136,204,,5.43,0.496663,10.1103/PhysRevC.81.014303,AMEDEE
68,138,206,,5.47,0.80449,10.1103/PhysRevC.81.014303,AMEDEE
68,140,208,,5.5,1.00036,10.1103/PhysRevC.81.014303,AMEDEE
68,142,210,,5.53,1.22344,10.1103/PhysRevC.81.014303,AMEDEE
68,144,212,,5.54,1.33267,10.1103/PhysRevC.81.014303,AMEDEE
68,146,214,,5.56,1.34172,10.1103/PhysRevC.81.014303,AMEDEE
68,148,216,,5.57,1.37969,10.1103/PhysRevC.81.014303,AMEDEE
68,150,218,,5.58,1.41743,10.1103/PhysRevC.81.014303,AMEDEE
68,152,220,,5.6,1.47358,10.1103/PhysRevC.81.014303,AMEDEE
68,154,222,,5.61,1.4861,10.1103/PhysRevC.81.014303,AMEDEE
68,156,224,,5.62,1.4198,10.1103/PhysRevC.81.014303,AMEDEE
68,158,226,,5.63,1.46557,10.1103/PhysRevC.81.014303,AMEDEE
70,78,148,,5.08,0.277283,10.1103/PhysRevC.81.014303,AMEDEE
70,80,150,Yb,5.07,0.14193,10.1103/PhysRevC.81.014303,AMEDEE
70,82,152,Yb,5.09,0.135196,10.1103/PhysRevC.81.014303,AMEDEE
70,84,154,Yb,5.1,0.138624,10.1103/PhysRevC.81.014303,AMEDEE
70,86,156,Yb,5.13,0.261502,10.1103/PhysRevC.81.014303,AMEDEE
70,88,158,Yb,5.16,0.417992,10.1103/PhysRevC.81.014303,AMEDEE
70,90,160,Yb,5.18,0.499611,10.1103/PhysRevC.81.014303,AMEDEE
70,92,162,Yb,5.22,0.804585,10.1103/PhysRevC.81.014303,AMEDEE
70,94,164,Yb,5.25,1.08943,10.1103/PhysRevC.81.014303,AMEDEE
70,96,166,Yb,5.27,1.22397,10.1103/PhysRevC.81.014303,AMEDEE
70,98,168,Yb,5.29,1.29255,10.1103/PhysRevC.81.014303,AMEDEE
70,100,170,Yb,5.3,1.33816,10.1103/PhysRevC.81.014303,AMEDEE
70,102,172,Yb,5.31,1.31753,10.1103/PhysRevC.81.014303,AMEDEE
70,104,174,Yb,5.32,1.30498,10.1103/PhysRevC.81.014303,AMEDEE
70,106,176,Yb,5.33,1.24516,10.1103/PhysRevC.81.014303,AMEDEE
70,108,178,Yb,5.34,1.15569,10.1103/PhysRevC.81.014303,AMEDEE
70,110,180,Yb,5.35,1.06327,10.1103/PhysRevC.81.014303,AMEDEE
70,112,182,Yb,5.35,0.951382,10.1103/PhysRevC.81.014303,AMEDEE
70,114,184,Yb,5.34,0.718023,10.1103/PhysRevC.81.014303,AMEDEE
70,116,186,,5.34,0.510352,10.1103/PhysRevC.81.014303,AMEDEE
70,118,188,,5.34,0.360888,10.1103/PhysRevC.81.014303,AMEDEE
70,120,190,,5.34,0.259639,10.1103/PhysRevC.81.014303,AMEDEE
70,122,192,,5.34,0.163073,10.1103/PhysRevC.81.014303,AMEDEE
70,124,194,,5.35,0.0971345,10.1103/PhysRevC.81.014303,AMEDEE
70,126,196,,5.35,0.0776971,10.1103/PhysRevC.81.014303,AMEDEE
70,128,198,,5.36,0.0694525,10.1103/PhysRevC.81.014303,AMEDEE
70,130,200,,5.38,0.127272,10.1103/PhysRevC.81.014303,AMEDEE
70,132,202,,5.4,0.195639,10.1103/PhysRevC.81.014303,AMEDEE
70,134,204,,5.42,0.304713,10.1103/PhysRevC.81.014303,AMEDEE
70,136,206,,5.45,0.477082,10.1103/PhysRevC.81.014303,AMEDEE
70,138,208,,5.49,0.753436,10.1103/PhysRevC.81.014303,AMEDEE
70,140,210,,5.52,0.972199,10.1103/PhysRevC.81.014303,AMEDEE
70,142,212,,5.54,1.19047,10.1103/PhysRevC.81.014303,AMEDEE
70,144,214,,5.57,1.36642,10.1103/PhysRevC.81.014303,AMEDEE
70,146,216,,5.58,1.35188,10.1103/PhysRevC.81.014303,AMEDEE
70,148,218,,5.59,1.36554,10.1103/PhysRevC.81.014303,AMEDEE
70,150,220,,5.6,1.39649,10.1103/PhysRevC.81.014303,AMEDEE
70,152,222,,5.62,1.40491,10.1103/PhysRevC.81.014303,AMEDEE
70,154,224,,5.63,1.39641,10.1103/PhysRevC.81.014303,AMEDEE
70,156,226,,5.64,1.42465,10.1103/PhysRevC.81.014303,AMEDEE
70,158,228,,5.65,1.31741,10.1103/PhysRevC.81.014303,AMEDEE
70,160,230,,5.66,1.29287,10.1103/PhysRevC.81.014303,AMEDEE
70,162,232,,5.67,1.23447,10.1103/PhysRevC.81.014303,AMEDEE
70,164,234,,5.67,1.05296,10.1103/PhysRevC.81.014303,AMEDEE
70,166,236,,5.67,0.935274,10.1103/PhysRevC.81.014303,AMEDEE
70,168,238,,5.68,0.836037,10.1103/PhysRevC.81.014303,AMEDEE
70,170,240,,5.68,0.736731,10.1103/PhysRevC.81.014303,AMEDEE
70,172,242,,5.68,0.581103,10.1103/PhysRevC.81.014303,AMEDEE
70,174,244,,5.68,0.420317,10.1103/PhysRevC.81.014303,AMEDEE
70,176,246,,5.69,0.312425,10.1103/PhysRevC.81.014303,AMEDEE
70,178,248,,5.69,0.222009,10.1103/PhysRevC.81.014303,AMEDEE
70,180,250,,5.7,0.154574,10.1103/PhysRevC.81.014303,AMEDEE
70,182,252,,5.7,0.112656,10.1103/PhysRevC.81.014303,AMEDEE
70,184,254,,5.71,0.0952797,10.1103/PhysRevC.81.014303,AMEDEE
70,186,256,,5.71,0.0918641,10.1103/PhysRevC.81.014303,AMEDEE
72,80,152,,5.1,0.143489,10.1103/PhysRevC.81.014303,AMEDEE
72,82,154,Hf,5.12,0.145796,10.1103/PhysRevC.81.014303,AMEDEE
72,84,156,Hf,5.12,0.124806,10.1103/PhysRevC.81.014303,AMEDEE
72,86,158,Hf,5.15,0.253244,10.1103/PhysRevC.81.014303,AMEDEE
72,88,160,Hf,5.18,0.365359,10.1103/PhysRevC.81.014303,AMEDEE
72,90,162,Hf,5.2,0.434853,10.1103/PhysRevC.81.014303,AMEDEE
72,92,164,Hf,5.23,0.654876,10.1103/PhysRevC.81.014303,AMEDEE
72,94,166,Hf,5.26,0.909261,10.1103/PhysRevC.81.014303,AMEDEE
72,96,168,Hf,5.29,1.13399,10.1103/PhysRevC.81.014303,AMEDEE
72,98,170,Hf,5.31,1.25286,10.1103/PhysRevC.81.014303,AMEDEE
72,100,172,Hf,5.33,1.35235,10.1103/PhysRevC.81.014303,AMEDEE
72,102,174,Hf,5.34,1.36528,10.1103/PhysRevC.81.014303,AMEDEE
72,104,176,Hf,5.35,1.28615,10.1103/PhysRevC.81.014303,AMEDEE
72,106,178,Hf,5.35,1.17658,10.1103/PhysRevC.81.014303,AMEDEE
72,108,180,Hf,5.36,1.06718,10.1103/PhysRevC.81.014303,AMEDEE
72,110,182,Hf,5.37,0.967897,10.1103/PhysRevC.81.014303,AMEDEE
72,112,184,Hf,5.37,0.852227,10.1103/PhysRevC.81.014303,AMEDEE
72,114,186,Hf,5.36,0.661172,10.1103/PhysRevC.81.014303,AMEDEE
72,116,188,Hf,5.36,0.499761,10.1103/PhysRevC.81.014303,AMEDEE
72,118,190,Hf,5.36,0.368747,10.1103/PhysRevC.81.014303,AMEDEE
72,120,192,,5.36,0.269449,10.1103/PhysRevC.81.014303,AMEDEE
72,122,194,,5.37,0.170208,10.1103/PhysRevC.81.014303,AMEDEE
72,124,196,,5.37,0.106641,10.1103/PhysRevC.81.014303,AMEDEE
72,126,198,,5.38,0.082646,10.1103/PhysRevC.81.014303,AMEDEE
72,128,200,,5.39,0.0686015,10.1103/PhysRevC.81.014303,AMEDEE
72,130,202,,5.4,0.129091,10.1103/PhysRevC.81.014303,AMEDEE
72,132,204,,5.42,0.192475,10.1103/PhysRevC.81.014303,AMEDEE
72,134,206,,5.45,0.291549,10.1103/PhysRevC.81.014303,AMEDEE
72,136,208,,5.47,0.445034,10.1103/PhysRevC.81.014303,AMEDEE
72,138,210,,5.5,0.668844,10.1103/PhysRevC.81.014303,AMEDEE
72,140,212,,5.54,0.968795,10.1103/PhysRevC.81.014303,AMEDEE
72,142,214,,5.57,1.19722,10.1103/PhysRevC.81.014303,AMEDEE
72,144,216,,5.59,1.35826,10.1103/PhysRevC.81.014303,AMEDEE
72,146,218,,5.6,1.38261,10.1103/PhysRevC.81.014303,AMEDEE
72,148,220,,5.61,1.37037,10.1103/PhysRevC.81.014303,AMEDEE
72,150,222,,5.62,1.40266,10.1103/PhysRevC.81.014303,AMEDEE
72,152,224,,5.64,1.39828,10.1103/PhysRevC.81.014303,AMEDEE
72,154,226,,5.65,1.37166,10.1103/PhysRevC.81.014303,AMEDEE
72,156,228,,5.66,1.35286,10.1103/PhysRevC.81.014303,AMEDEE
72,158,230,,5.67,1.29877,10.1103/PhysRevC.81.014303,AMEDEE
72,160,232,,5.68,1.21586,10.1103/PhysRevC.81.014303,AMEDEE
72,162,234,,5.68,1.11883,10.1103/PhysRevC.81.014303,AMEDEE
72,164,236,,5.69,0.985445,10.1103/PhysRevC.81.014303,AMEDEE
72,166,238,,5.69,0.867643,10.1103/PhysRevC.81.014303,AMEDEE
72,168,240,,5.7,0.774366,10.1103/PhysRevC.81.014303,AMEDEE
72,170,242,,5.7,0.693942,10.1103/PhysRevC.81.014303,AMEDEE
72,172,244,,5.7,0.563246,10.1103/PhysRevC.81.014303,AMEDEE
72,174,246,,5.71,0.42107,10.1103/PhysRevC.81.014303,AMEDEE
72,176,248,,5.71,0.31416,10.1103/PhysRevC.81.014303,AMEDEE
72,178,250,,5.71,0.221412,10.1103/PhysRevC.81.014303,AMEDEE
72,180,252,,5.72,0.149586,10.1103/PhysRevC.81.014303,AMEDEE
72,182,254,,5.72,0.104841,10.1103/PhysRevC.81.014303,AMEDEE
72,184,256,,5.73,0.107904,10.1103/PhysRevC.81.014303,AMEDEE
72,186,258,,5.74,0.0906177,10.1103/PhysRevC.81.014303,AMEDEE
74,82,156,,5.14,0.144793,10.1103/PhysRevC.81.014303,AMEDEE
74,84,158,W,5.16,0.130384,10.1103/PhysRevC.81.014303,AMEDEE
74,86,160,W,5.18,0.230211,10.1103/PhysRevC.81.014303,AMEDEE
74,88,162,W,5.2,0.344766,10.1103/PhysRevC.81.014303,AMEDEE
74,90,164,W,5.22,0.379884,10.1103/PhysRevC.81.014303,AMEDEE
74,92,166,W,5.24,0.527612,10.1103/PhysRevC.81.014303,AMEDEE
74,94,168,W,5.28,0.836631,10.1103/PhysRevC.81.014303,AMEDEE
74,96,170,W,5.31,1.00124,10.1103/PhysRevC.81.014303,AMEDEE
74,98,172,W,5.33,1.17158,10.1103/PhysRevC.81.014303,AMEDEE
74,100,174,W,5.35,1.29352,10.1103/PhysRevC.81.014303,AMEDEE
74,102,176,W,5.36,1.31217,10.1103/PhysRevC.81.014303,AMEDEE
74,104,178,W,5.36,1.19449,10.1103/PhysRevC.81.014303,AMEDEE
74,106,180,W,5.37,1.04565,10.1103/PhysRevC.81.014303,AMEDEE
74,108,182,W,5.37,0.932336,10.1103/PhysRevC.81.014303,AMEDEE
74,110,184,W,5.38,0.819596,10.1103/PhysRevC.81.014303,AMEDEE
74,112,186,W,5.38,0.731746,10.1103/PhysRevC.81.014303,AMEDEE
74,114,188,W,5.38,0.581231,10.1103/PhysRevC.81.014303,AMEDEE
74,116,190,W,5.38,0.480048,10.1103/PhysRevC.81.014303,AMEDEE
74,118,192,W,5.39,0.372657,10.1103/PhysRevC.81.014303,AMEDEE
74,120,194,W,5.39,0.275456,10.1103/PhysRevC.81.014303,AMEDEE
74,122,196,W,5.39,0.171884,10.1103/PhysRevC.81.014303,AMEDEE
74,124,198,,5.4,0.112746,10.1103/PhysRevC.81.014303,AMEDEE
74,126,200,,5.4,0.0877213,10.1103/PhysRevC.81.014303,AMEDEE
74,128,202,,5.41,0.0668084,10.1103/PhysRevC.81.014303,AMEDEE
74,130,204,,5.43,0.127535,10.1103/PhysRevC.81.014303,AMEDEE
74,132,206,,5.45,0.183006,10.1103/PhysRevC.81.014303,AMEDEE
74,134,208,,5.47,0.267572,10.1103/PhysRevC.81.014303,AMEDEE
74,136,210,,5.49,0.398148,10.1103/PhysRevC.81.014303,AMEDEE
74,138,212,,5.52,0.619601,10.1103/PhysRevC.81.014303,AMEDEE
74,140,214,,5.55,0.911361,10.1103/PhysRevC.81.014303,AMEDEE
74,142,216,,5.59,1.20631,10.1103/PhysRevC.81.014303,AMEDEE
74,144,218,,5.61,1.40475,10.1103/PhysRevC.81.014303,AMEDEE
74,146,220,,5.62,1.37889,10.1103/PhysRevC.81.014303,AMEDEE
74,148,222,,5.63,1.38715,10.1103/PhysRevC.81.014303,AMEDEE
74,150,224,,5.65,1.43326,10.1103/PhysRevC.81.014303,AMEDEE
74,152,226,,5.66,1.41183,10.1103/PhysRevC.81.014303,AMEDEE
74,154,228,,5.67,1.38416,10.1103/PhysRevC.81.014303,AMEDEE
74,156,230,,5.68,1.34303,10.1103/PhysRevC.81.014303,AMEDEE
74,158,232,,5.69,1.26351,10.1103/PhysRevC.81.014303,AMEDEE
74,160,234,,5.69,1.17539,10.1103/PhysRevC.81.014303,AMEDEE
74,162,236,,5.7,1.05576,10.1103/PhysRevC.81.014303,AMEDEE
74,164,238,,5.71,0.929906,10.1103/PhysRevC.81.014303,AMEDEE
74,166,240,,5.71,0.821465,10.1103/PhysRevC.81.014303,AMEDEE
74,168,242,,5.72,0.735964,10.1103/PhysRevC.81.014303,AMEDEE
74,170,244,,5.72,0.655626,10.1103/PhysRevC.81.014303,AMEDEE
74,172,246,,5.72,0.55048,10.1103/PhysRevC.81.014303,AMEDEE
74,174,248,,5.73,0.418639,10.1103/PhysRevC.81.014303,AMEDEE
74,176,250,,5.73,0.308783,10.1103/PhysRevC.81.014303,AMEDEE
74,178,252,,5.74,0.218024,10.1103/PhysRevC.81.014303,AMEDEE
74,180,254,,5.74,0.146594,10.1103/PhysRevC.81.014303,AMEDEE
74,182,256,,5.75,0.0994711,10.1103/PhysRevC.81.014303,AMEDEE
74,184,258,,5.76,0.109145,10.1103/PhysRevC.81.014303,AMEDEE
74,186,260,,5.76,0.0895049,10.1103/PhysRevC.81.014303,AMEDEE
76,84,160,,5.18,0.0989834,10.1103/PhysRevC.81.014303,AMEDEE
76,86,162,Os,5.2,0.199935,10.1103/PhysRevC.81.014303,AMEDEE
76,88,164,Os,5.23,0.296824,10.1103/PhysRevC.81.014303,AMEDEE
76,90,166,Os,5.24,0.316281,10.1103/PhysRevC.81.014303,AMEDEE
76,92,168,Os,5.26,0.426026,10.1103/PhysRevC.81.014303,AMEDEE
76,94,170,Os,5.29,0.647914,10.1103/PhysRevC.81.014303,AMEDEE
76,96,172,Os,5.33,1.01321,10.1103/PhysRevC.81.014303,AMEDEE
76,98,174,Os,5.36,1.18891,10.1103/PhysRevC.81.014303,AMEDEE
76,100,176,Os,5.37,1.24545,10.1103/PhysRevC.81.014303,AMEDEE
76,102,178,Os,5.38,1.27191,10.1103/PhysRevC.81.014303,AMEDEE
76,104,180,Os,5.39,1.13627,10.1103/PhysRevC.81.014303,AMEDEE
76,106,182,Os,5.39,0.973231,10.1103/PhysRevC.81.014303,AMEDEE
76,108,184,Os,5.39,0.841573,10.1103/PhysRevC.81.014303,AMEDEE
76,110,186,Os,5.39,0.729599,10.1103/PhysRevC.81.014303,AMEDEE
76,112,188,Os,5.4,0.651187,10.1103/PhysRevC.81.014303,AMEDEE
76,114,190,Os,5.4,0.525591,10.1103/PhysRevC.81.014303,AMEDEE
76,116,192,Os,5.4,0.453333,10.1103/PhysRevC.81.014303,AMEDEE
76,118,194,Os,5.41,0.362176,10.1103/PhysRevC.81.014303,AMEDEE
76,120,196,Os,5.41,0.266737,10.1103/PhysRevC.81.014303,AMEDEE
76,122,198,Os,5.41,0.168308,10.1103/PhysRevC.81.014303,AMEDEE
76,124,200,Os,5.42,0.114124,10.1103/PhysRevC.81.014303,AMEDEE
76,126,202,Os,5.43,0.0911903,10.1103/PhysRevC.81.014303,AMEDEE
76,128,204,,5.43,0.0633939,10.1103/PhysRevC.81.014303,AMEDEE
76,130,206,,5.45,0.120862,10.1103/PhysRevC.81.014303,AMEDEE
76,132,208,,5.47,0.169845,10.1103/PhysRevC.81.014303,AMEDEE
76,134,210,,5.49,0.236639,10.1103/PhysRevC.81.014303,AMEDEE
76,136,212,,5.51,0.338721,10.1103/PhysRevC.81.014303,AMEDEE
76,138,214,,5.53,0.521142,10.1103/PhysRevC.81.014303,AMEDEE
76,140,216,,5.57,0.876266,10.1103/PhysRevC.81.014303,AMEDEE
76,142,218,,5.6,1.17862,10.1103/PhysRevC.81.014303,AMEDEE
76,144,220,,5.63,1.40918,10.1103/PhysRevC.81.014303,AMEDEE
76,146,222,,5.64,1.41122,10.1103/PhysRevC.81.014303,AMEDEE
76,148,224,,5.65,1.43369,10.1103/PhysRevC.81.014303,AMEDEE
76,150,226,,5.67,1.4844,10.1103/PhysRevC.81.014303,AMEDEE
76,152,228,,5.68,1.46525,10.1103/PhysRevC.81.014303,AMEDEE
76,154,230,,5.69,1.42702,10.1103/PhysRevC.81.014303,AMEDEE
76,156,232,,5.7,1.36441,10.1103/PhysRevC.81.014303,AMEDEE
76,158,234,,5.71,1.26482,10.1103/PhysRevC.81.014303,AMEDEE
76,160,236,,5.71,1.15725,10.1103/PhysRevC.81.014303,AMEDEE
76,162,238,,5.72,1.02035,10.1103/PhysRevC.81.014303,AMEDEE
76,164,240,,5.73,0.910958,10.1103/PhysRevC.81.014303,AMEDEE
76,166,242,,5.73,0.795656,10.1103/PhysRevC.81.014303,AMEDEE
76,168,244,,5.74,0.704747,10.1103/PhysRevC.81.014303,AMEDEE
76,170,246,,5.74,0.619538,10.1103/PhysRevC.81.014303,AMEDEE
76,172,248,,5.74,0.523676,10.1103/PhysRevC.81.014303,AMEDEE
76,174,250,,5.75,0.402462,10.1103/PhysRevC.81.014303,AMEDEE
76,176,252,,5.75,0.294528,10.1103/PhysRevC.81.014303,AMEDEE
76,178,254,,5.76,0.212417,10.1103/PhysRevC.81.014303,AMEDEE
76,180,256,,5.76,0.140554,10.1103/PhysRevC.81.014303,AMEDEE
76,182,258,,5.77,0.0947668,10.1103/PhysRevC.81.014303,AMEDEE
76,184,260,,5.78,0.108682,10.1103/PhysRevC.81.014303,AMEDEE
76,186,262,,5.78,0.085941,10.1103/PhysRevC.81.014303,AMEDEE
78,88,166,Pt,5.25,0.236373,10.1103/PhysRevC.81.014303,AMEDEE
78,90,168,Pt,5.26,0.26286,10.1103/PhysRevC.81.014303,AMEDEE
78,92,170,Pt,5.28,0.33127,10.1103/PhysRevC.81.014303,AMEDEE
78,94,172,Pt,5.3,0.459327,10.1103/PhysRevC.81.014303,AMEDEE
78,96,174,Pt,5.33,0.710698,10.1103/PhysRevC.81.014303,AMEDEE
78,98,176,Pt,5.38,1.18715,10.1103/PhysRevC.81.014303,AMEDEE
78,100,178,Pt,5.39,1.25956,10.1103/PhysRevC.81.014303,AMEDEE
78,102,180,Pt,5.41,1.30578,10.1103/PhysRevC.81.014303,AMEDEE
78,104,182,Pt,5.41,1.18161,10.1103/PhysRevC.81.014303,AMEDEE
78,106,184,Pt,5.41,0.978841,10.1103/PhysRevC.81.014303,AMEDEE
78,108,186,Pt,5.42,0.88999,10.1103/PhysRevC.81.014303,AMEDEE
78,110,188,Pt,5.41,0.650725,10.1103/PhysRevC.81.014303,AMEDEE
78,112,190,Pt,5.41,0.550919,10.1103/PhysRevC.81.014303,AMEDEE
78,114,192,Pt,5.41,0.41041,10.1103/PhysRevC.81.014303,AMEDEE
78,116,194,Pt,5.42,0.3562,10.1103/PhysRevC.81.014303,AMEDEE
78,118,196,Pt,5.43,0.300803,10.1103/PhysRevC.81.014303,AMEDEE
78,120,198,Pt,5.43,0.237425,10.1103/PhysRevC.81.014303,AMEDEE
78,122,200,Pt,5.44,0.159391,10.1103/PhysRevC.81.014303,AMEDEE
78,124,202,Pt,5.44,0.106422,10.1103/PhysRevC.81.014303,AMEDEE
78,126,204,Pt,5.45,0.0912786,10.1103/PhysRevC.81.014303,AMEDEE
78,128,206,Pt,5.46,0.0605702,10.1103/PhysRevC.81.014303,AMEDEE
78,130,208,Pt,5.47,0.111292,10.1103/PhysRevC.81.014303,AMEDEE
78,132,210,,5.49,0.15475,10.1103/PhysRevC.81.014303,AMEDEE
78,134,212,,5.5,0.203208,10.1103/PhysRevC.81.014303,AMEDEE
78,136,214,,5.52,0.277,10.1103/PhysRevC.81.014303,AMEDEE
78,138,216,,5.55,0.405768,10.1103/PhysRevC.81.014303,AMEDEE
78,140,218,,5.58,0.700188,10.1103/PhysRevC.81.014303,AMEDEE
78,142,220,,5.61,1.02459,10.1103/PhysRevC.81.014303,AMEDEE
78,144,222,,5.65,1.36428,10.1103/PhysRevC.81.014303,AMEDEE
78,146,224,,5.67,1.58128,10.1103/PhysRevC.81.014303,AMEDEE
78,148,226,,5.68,1.47503,10.1103/PhysRevC.81.014303,AMEDEE
78,150,228,,5.69,1.5414,10.1103/PhysRevC.81.014303,AMEDEE
78,152,230,,5.7,1.52319,10.1103/PhysRevC.81.014303,AMEDEE
78,154,232,,5.71,1.49486,10.1103/PhysRevC.81.014303,AMEDEE
78,156,234,,5.72,1.42548,10.1103/PhysRevC.81.014303,AMEDEE
78,158,236,,5.73,1.32031,10.1103/PhysRevC.81.014303,AMEDEE
78,160,238,,5.74,1.20245,10.1103/PhysRevC.81.014303,AMEDEE
78,162,240,,5.74,1.03398,10.1103/PhysRevC.81.014303,AMEDEE
78,164,242,,5.74,0.886546,10.1103/PhysRevC.81.014303,AMEDEE
78,166,244,,5.75,0.747235,10.1103/PhysRevC.81.014303,AMEDEE
78,168,246,,5.75,0.651619,10.1103/PhysRevC.81.014303,AMEDEE
78,170,248,,5.76,0.56678,10.1103/PhysRevC.81.014303,AMEDEE
78,172,250,,5.76,0.468791,10.1103/PhysRevC.81.014303,AMEDEE
78,174,252,,5.77,0.366232,10.1103/PhysRevC.81.014303,AMEDEE
78,176,254,,5.77,0.269976,10.1103/PhysRevC.81.014303,AMEDEE
78,178,256,,5.78,0.200504,10.1103/PhysRevC.81.014303,AMEDEE
78,180,258,,5.78,0.128267,10.1103/PhysRevC.81.014303,AMEDEE
78,182,260,,5.79,0.0870817,10.1103/PhysRevC.81.014303,AMEDEE
78,184,262,,5.8,0.105827,10.1103/PhysRevC.81.014303,AMEDEE
78,186,264,,5.8,0.0840728,10.1103/PhysRevC.81.014303,AMEDEE
80,92,172,Hg,5.3,0.238162,10.1103/PhysRevC.81.014303,AMEDEE
80,94,174,Hg,5.32,0.315951,10.1103/PhysRevC.81.014303,AMEDEE
80,96,176,Hg,5.34,0.428678,10.1103/PhysRevC.81.014303,AMEDEE
80,98,178,Hg,5.38,0.874024,10.1103/PhysRevC.81.014303,AMEDEE
80,100,180,Hg,5.42,1.36884,10.1103/PhysRevC.81.014303,AMEDEE
80,102,182,Hg,5.45,1.57524,10.1103/PhysRevC.81.014303,AMEDEE
80,104,184,Hg,5.45,1.42838,10.1103/PhysRevC.81.014303,AMEDEE
80,106,186,Hg,5.43,0.975635,10.1103/PhysRevC.81.014303,AMEDEE
80,108,188,Hg,5.42,0.68966,10.1103/PhysRevC.81.014303,AMEDEE
80,110,190,Hg,5.42,0.494122,10.1103/PhysRevC.81.014303,AMEDEE
80,112,192,Hg,5.43,0.421991,10.1103/PhysRevC.81.014303,AMEDEE
80,114,194,Hg,5.43,0.302002,10.1103/PhysRevC.81.014303,AMEDEE
80,116,196,Hg,5.44,0.2602,10.1103/PhysRevC.81.014303,AMEDEE
80,118,198,Hg,5.44,0.219112,10.1103/PhysRevC.81.014303,AMEDEE
80,120,200,Hg,5.45,0.177313,10.1103/PhysRevC.81.014303,AMEDEE
80,122,202,Hg,5.46,0.133991,10.1103/PhysRevC.81.014303,AMEDEE
80,124,204,Hg,5.46,0.0779217,10.1103/PhysRevC.81.014303,AMEDEE
80,126,206,Hg,5.47,0.080838,10.1103/PhysRevC.81.014303,AMEDEE
80,128,208,Hg,5.48,0.0579648,10.1103/PhysRevC.81.014303,AMEDEE
80,130,210,Hg,5.49,0.103312,10.1103/PhysRevC.81.014303,AMEDEE
80,132,212,Hg,5.51,0.140954,10.1103/PhysRevC.81.014303,AMEDEE
80,134,214,Hg,5.53,0.175954,10.1103/PhysRevC.81.014303,AMEDEE
80,136,216,Hg,5.54,0.222954,10.1103/PhysRevC.81.014303,AMEDEE
80,138,218,,5.56,0.292065,10.1103/PhysRevC.81.014303,AMEDEE
80,140,220,,5.59,0.48027,10.1103/PhysRevC.81.014303,AMEDEE
80,142,222,,5.61,0.668181,10.1103/PhysRevC.81.014303,AMEDEE
80,144,224,,5.66,1.33399,10.1103/PhysRevC.81.014303,AMEDEE
80,146,226,,5.69,1.5467,10.1103/PhysRevC.81.014303,AMEDEE
80,148,228,,5.7,1.50991,10.1103/PhysRevC.81.014303,AMEDEE
80,150,230,,5.71,1.59481,10.1103/PhysRevC.81.014303,AMEDEE
80,152,232,,5.73,1.5816,10.1103/PhysRevC.81.014303,AMEDEE
80,154,234,,5.74,1.55793,10.1103/PhysRevC.81.014303,AMEDEE
80,156,236,,5.75,1.49047,10.1103/PhysRevC.81.014303,AMEDEE
80,158,238,,5.75,1.38323,10.1103/PhysRevC.81.014303,AMEDEE
80,160,240,,5.76,1.26188,10.1103/PhysRevC.81.014303,AMEDEE
80,162,242,,5.76,1.06471,10.1103/PhysRevC.81.014303,AMEDEE
80,164,244,,5.76,0.887573,10.1103/PhysRevC.81.014303,AMEDEE
80,166,246,,5.76,0.733221,10.1103/PhysRevC.81.014303,AMEDEE
80,168,248,,5.77,0.605866,10.1103/PhysRevC.81.014303,AMEDEE
80,170,250,,5.77,0.493074,10.1103/PhysRevC.81.014303,AMEDEE
80,172,252,,5.78,0.399775,10.1103/PhysRevC.81.014303,AMEDEE
80,174,254,,5.78,0.306261,10.1103/PhysRevC.81.014303,AMEDEE
80,176,256,,5.79,0.229606,10.1103/PhysRevC.81.014303,AMEDEE
80,178,258,,5.79,0.170833,10.1103/PhysRevC.81.014303,AMEDEE
80,180,260,,5.8,0.107179,10.1103/PhysRevC.81.014303,AMEDEE
80,182,262,,5.81,0.069139,10.1103/PhysRevC.81.014303,AMEDEE
80,184,264,,5.82,0.0968487,10.1103/PhysRevC.81.014303,AMEDEE
80,186,266,,5.82,0.0815837,10.1103/PhysRevC.81.014303,AMEDEE
82,96,178,Pb,5.36,0.255614,10.1103/PhysRevC.81.014303,AMEDEE
82,98,180,Pb,5.39,0.483193,10.1103/PhysRevC.81.014303,AMEDEE
82,100,182,Pb,5.46,1.52346,10.1103/PhysRevC.81.014303,AMEDEE
82,102,184,Pb,5.46,1.45309,10.1103/PhysRevC.81.014303,AMEDEE
82,104,186,Pb,5.47,1.32556,10.1103/PhysRevC.81.014303,AMEDEE
82,106,188,Pb,5.47,1.08157,10.1103/PhysRevC.81.014303,AMEDEE
82,108,190,Pb,5.45,0.621701,10.1103/PhysRevC.81.014303,AMEDEE
82,110,192,Pb,5.44,0.418974,10.1103/PhysRevC.81.014303,AMEDEE
82,112,194,Pb,5.45,0.335609,10.1103/PhysRevC.81.014303,AMEDEE
82,114,196,Pb,5.45,0.235289,10.1103/PhysRevC.81.014303,AMEDEE
82,116,198,Pb,5.45,0.202555,10.1103/PhysRevC.81.014303,AMEDEE
82,118,200,Pb,5.46,0.170638,10.1103/PhysRevC.81.014303,AMEDEE
82,120,202,Pb,5.47,0.135561,10.1103/PhysRevC.81.014303,AMEDEE
82,122,204,Pb,5.48,0.110244,10.1103/PhysRevC.81.014303,AMEDEE
82,124,206,Pb,5.48,0.0557641,10.1103/PhysRevC.81.014303,AMEDEE
82,126,208,Pb,5.5,0.113343,10.1103/PhysRevC.81.014303,AMEDEE
82,128,210,Pb,5.5,0.0523242,10.1103/PhysRevC.81.014303,AMEDEE
82,130,212,Pb,5.51,0.0975508,10.1103/PhysRevC.81.014303,AMEDEE
82,132,214,Pb,5.53,0.135566,10.1103/PhysRevC.81.014303,AMEDEE
82,134,216,Pb,5.55,0.16525,10.1103/PhysRevC.81.014303,AMEDEE
82,136,218,Pb,5.56,0.203431,10.1103/PhysRevC.81.014303,AMEDEE
82,138,220,Pb,5.58,0.257126,10.1103/PhysRevC.81.014303,AMEDEE
82,140,222,,5.6,0.368856,10.1103/PhysRevC.81.014303,AMEDEE
82,142,224,,5.62,0.444478,10.1103/PhysRevC.81.014303,AMEDEE
82,144,226,,5.68,1.23147,10.1103/PhysRevC.81.014303,AMEDEE
82,146,228,,5.71,1.60609,10.1103/PhysRevC.81.014303,AMEDEE
82,148,230,,5.72,1.54386,10.1103/PhysRevC.81.014303,AMEDEE
82,150,232,,5.74,1.64211,10.1103/PhysRevC.81.014303,AMEDEE
82,152,234,,5.75,1.62407,10.1103/PhysRevC.81.014303,AMEDEE
82,154,236,,5.76,1.60834,10.1103/PhysRevC.81.014303,AMEDEE
82,156,238,,5.77,1.55397,10.1103/PhysRevC.81.014303,AMEDEE
82,158,240,,5.78,1.44859,10.1103/PhysRevC.81.014303,AMEDEE
82,160,242,,5.78,1.32489,10.1103/PhysRevC.81.014303,AMEDEE
82,162,244,,5.79,1.09965,10.1103/PhysRevC.81.014303,AMEDEE
82,164,246,,5.78,0.88517,10.1103/PhysRevC.81.014303,AMEDEE
82,166,248,,5.78,0.69549,10.1103/PhysRevC.81.014303,AMEDEE
82,168,250,,5.79,0.54273,10.1103/PhysRevC.81.014303,AMEDEE
82,170,252,,5.79,0.423436,10.1103/PhysRevC.81.014303,AMEDEE
82,172,254,,5.79,0.322092,10.1103/PhysRevC.81.014303,AMEDEE
82,174,256,,5.8,0.239867,10.1103/PhysRevC.81.014303,AMEDEE
82,176,258,,5.8,0.191313,10.1103/PhysRevC.81.014303,AMEDEE
82,178,260,,5.81,0.142711,10.1103/PhysRevC.81.014303,AMEDEE
82,180,262,,5.81,0.0908651,10.1103/PhysRevC.81.014303,AMEDEE
82,182,264,,5.82,0.0535801,10.1103/PhysRevC.81.014303,AMEDEE
82,184,266,,5.83,0.066572,10.1103/PhysRevC.81.014303,AMEDEE
82,186,268,,5.84,0.0722395,10.1103/PhysRevC.81.014303,AMEDEE
84,104,188,Po,5.51,1.62083,10.1103/PhysRevC.81.014303,AMEDEE
84,106,190,Po,5.51,1.3407,10.1103/PhysRevC.81.014303,AMEDEE
84,108,192,Po,5.5,1.12327,10.1103/PhysRevC.81.014303,AMEDEE
84,110,194,Po,5.49,0.670748,10.1103/PhysRevC.81.014303,AMEDEE
84,112,196,Po,5.49,0.54037,10.1103/PhysRevC.81.014303,AMEDEE
84,114,198,Po,5.48,0.28249,10.1103/PhysRevC.81.014303,AMEDEE
84,116,200,Po,5.49,0.236841,10.1103/PhysRevC.81.014303,AMEDEE
84,118,202,Po,5.5,0.196076,10.1103/PhysRevC.81.014303,AMEDEE
84,120,204,Po,5.5,0.156412,10.1103/PhysRevC.81.014303,AMEDEE
84,122,206,Po,5.51,0.125649,10.1103/PhysRevC.81.014303,AMEDEE
84,124,208,Po,5.52,0.075522,10.1103/PhysRevC.81.014303,AMEDEE
84,126,210,Po,5.53,0.0806631,10.1103/PhysRevC.81.014303,AMEDEE
84,128,212,Po,5.54,0.0718761,10.1103/PhysRevC.81.014303,AMEDEE
84,130,214,Po,5.56,0.148629,10.1103/PhysRevC.81.014303,AMEDEE
84,132,216,Po,5.57,0.190078,10.1103/PhysRevC.81.014303,AMEDEE
84,134,218,Po,5.59,0.239973,10.1103/PhysRevC.81.014303,AMEDEE
84,136,220,Po,5.6,0.306374,10.1103/PhysRevC.81.014303,AMEDEE
84,138,222,Po,5.62,0.406504,10.1103/PhysRevC.81.014303,AMEDEE
84,140,224,Po,5.65,0.613735,10.1103/PhysRevC.81.014303,AMEDEE
84,142,226,Po,5.66,0.732306,10.1103/PhysRevC.81.014303,AMEDEE
84,144,228,,5.7,1.20762,10.1103/PhysRevC.81.014303,AMEDEE
84,146,230,,5.73,1.57113,10.1103/PhysRevC.81.014303,AMEDEE
84,148,232,,5.74,1.58794,10.1103/PhysRevC.81.014303,AMEDEE
84,150,234,,5.76,1.70676,10.1103/PhysRevC.81.014303,AMEDEE
84,152,236,,5.77,1.68465,10.1103/PhysRevC.81.014303,AMEDEE
84,154,238,,5.78,1.67587,10.1103/PhysRevC.81.014303,AMEDEE
84,156,240,,5.79,1.60856,10.1103/PhysRevC.81.014303,AMEDEE
84,158,242,,5.8,1.50146,10.1103/PhysRevC.81.014303,AMEDEE
84,160,244,,5.81,1.37714,10.1103/PhysRevC.81.014303,AMEDEE
84,162,246,,5.81,1.14532,10.1103/PhysRevC.81.014303,AMEDEE
84,164,248,,5.81,0.906449,10.1103/PhysRevC.81.014303,AMEDEE
84,166,250,,5.81,0.72493,10.1103/PhysRevC.81.014303,AMEDEE
84,168,252,,5.81,0.566576,10.1103/PhysRevC.81.014303,AMEDEE
84,170,254,,5.82,0.447461,10.1103/PhysRevC.81.014303,AMEDEE
84,172,256,,5.82,0.347034,10.1103/PhysRevC.81.014303,AMEDEE
84,174,258,,5.83,0.261771,10.1103/PhysRevC.81.014303,AMEDEE
84,176,260,,5.83,0.20547,10.1103/PhysRevC.81.014303,AMEDEE
84,178,262,,5.84,0.158456,10.1103/PhysRevC.81.014303,AMEDEE
84,180,264,,5.85,0.103237,10.1103/PhysRevC.81.014303,AMEDEE
84,182,266,,5.86,0.073512,10.1103/PhysRevC.81.014303,AMEDEE
84,184,268,,5.87,0.119351,10.1103/PhysRevC.81.014303,AMEDEE
84,186,270,,5.87,0.0780693,10.1103/PhysRevC.81.014303,AMEDEE
86,106,192,,5.55,1.73483,10.1103/PhysRevC.81.014303,AMEDEE
86,108,194,Rn,5.54,1.29448,10.1103/PhysRevC.81.014303,AMEDEE
86,110,196,Rn,5.54,1.02183,10.1103/PhysRevC.81.014303,AMEDEE
86,112,198,Rn,5.53,0.718459,10.1103/PhysRevC.81.014303,AMEDEE
86,114,200,Rn,5.52,0.426634,10.1103/PhysRevC.81.014303,AMEDEE
86,116,202,Rn,5.53,0.350916,10.1103/PhysRevC.81.014303,AMEDEE
86,118,204,Rn,5.53,0.280812,10.1103/PhysRevC.81.014303,AMEDEE
86,120,206,Rn,5.54,0.217456,10.1103/PhysRevC.81.014303,AMEDEE
86,122,208,Rn,5.55,0.162515,10.1103/PhysRevC.81.014303,AMEDEE
86,124,210,Rn,5.55,0.10668,10.1103/PhysRevC.81.014303,AMEDEE
86,126,212,Rn,5.56,0.116956,10.1103/PhysRevC.81.014303,AMEDEE
86,128,214,Rn,5.57,0.111392,10.1103/PhysRevC.81.014303,AMEDEE
86,130,216,Rn,5.59,0.199542,10.1103/PhysRevC.81.014303,AMEDEE
86,132,218,Rn,5.61,0.272689,10.1103/PhysRevC.81.014303,AMEDEE
86,134,220,Rn,5.63,0.372042,10.1103/PhysRevC.81.014303,AMEDEE
86,136,222,Rn,5.65,0.523143,10.1103/PhysRevC.81.014303,AMEDEE
86,138,224,Rn,5.67,0.698047,10.1103/PhysRevC.81.014303,AMEDEE
86,140,226,Rn,5.69,0.918739,10.1103/PhysRevC.81.014303,AMEDEE
86,142,228,Rn,5.71,1.08424,10.1103/PhysRevC.81.014303,AMEDEE
86,144,230,Rn,5.74,1.48911,10.1103/PhysRevC.81.014303,AMEDEE
86,146,232,,5.75,1.68897,10.1103/PhysRevC.81.014303,AMEDEE
86,148,234,,5.77,1.71017,10.1103/PhysRevC.81.014303,AMEDEE
86,150,236,,5.79,1.90211,10.1103/PhysRevC.81.014303,AMEDEE
86,152,238,,5.8,1.83647,10.1103/PhysRevC.81.014303,AMEDEE
86,154,240,,5.81,1.9004,10.1103/PhysRevC.81.014303,AMEDEE
86,156,242,,5.81,1.70129,10.1103/PhysRevC.81.014303,AMEDEE
86,158,244,,5.83,1.65607,10.1103/PhysRevC.81.014303,AMEDEE
86,160,246,,5.83,1.44638,10.1103/PhysRevC.81.014303,AMEDEE
86,162,248,,5.83,1.21184,10.1103/PhysRevC.81.014303,AMEDEE
86,164,250,,5.83,0.96104,10.1103/PhysRevC.81.014303,AMEDEE
86,166,252,,5.84,0.776236,10.1103/PhysRevC.81.014303,AMEDEE
86,168,254,,5.84,0.632539,10.1103/PhysRevC.81.014303,AMEDEE
86,170,256,,5.85,0.512204,10.1103/PhysRevC.81.014303,AMEDEE
86,172,258,,5.85,0.407555,10.1103/PhysRevC.81.014303,AMEDEE
86,174,260,,5.86,0.309875,10.1103/PhysRevC.81.014303,AMEDEE
86,176,262,,5.86,0.243192,10.1103/PhysRevC.81.014303,AMEDEE
86,178,264,,5.87,0.187103,10.1103/PhysRevC.81.014303,AMEDEE
86,180,266,,5.88,0.122636,10.1103/PhysRevC.81.014303,AMEDEE
86,182,268,,5.89,0.0887894,10.1103/PhysRevC.81.014303,AMEDEE
86,184,270,,5.9,0.161634,10.1103/PhysRevC.81.014303,AMEDEE
86,186,272,,5.9,0.0885224,10.1103/PhysRevC.81.014303,AMEDEE
86,188,274,,5.91,0.129615,10.1103/PhysRevC.81.014303,AMEDEE
86,190,276,,5.93,0.195304,10.1103/PhysRevC.81.014303,AMEDEE
86,192,278,,5.94,0.267252,10.1103/PhysRevC.81.014303,AMEDEE
86,194,280,,5.96,0.357075,10.1103/PhysRevC.81.014303,AMEDEE
86,196,282,,5.97,0.490768,10.1103/PhysRevC.81.014303,AMEDEE
86,198,284,,5.99,0.658983,10.1103/PhysRevC.81.014303,AMEDEE
88,108,196,,5.59,1.83183,10.1103/PhysRevC.81.014303,AMEDEE
88,110,198,,5.57,1.24868,10.1103/PhysRevC.81.014303,AMEDEE
88,112,200,,5.57,0.915594,10.1103/PhysRevC.81.014303,AMEDEE
88,114,202,Ra,5.56,0.575507,10.1103/PhysRevC.81.014303,AMEDEE
88,116,204,Ra,5.56,0.452042,10.1103/PhysRevC.81.014303,AMEDEE
88,118,206,Ra,5.57,0.360288,10.1103/PhysRevC.81.014303,AMEDEE
88,120,208,Ra,5.57,0.273902,10.1103/PhysRevC.81.014303,AMEDEE
88,122,210,Ra,5.58,0.195742,10.1103/PhysRevC.81.014303,AMEDEE
88,124,212,Ra,5.59,0.136218,10.1103/PhysRevC.81.014303,AMEDEE
88,126,214,Ra,5.59,0.134737,10.1103/PhysRevC.81.014303,AMEDEE
88,128,216,Ra,5.61,0.133291,10.1103/PhysRevC.81.014303,AMEDEE
88,130,218,Ra,5.63,0.239355,10.1103/PhysRevC.81.014303,AMEDEE
88,132,220,Ra,5.64,0.349982,10.1103/PhysRevC.81.014303,AMEDEE
88,134,222,Ra,5.67,0.5488,10.1103/PhysRevC.81.014303,AMEDEE
88,136,224,Ra,5.69,0.826341,10.1103/PhysRevC.81.014303,AMEDEE
88,138,226,Ra,5.71,1.04352,10.1103/PhysRevC.81.014303,AMEDEE
88,140,228,Ra,5.73,1.25705,10.1103/PhysRevC.81.014303,AMEDEE
88,142,230,Ra,5.75,1.48025,10.1103/PhysRevC.81.014303,AMEDEE
88,144,232,Ra,5.77,1.77269,10.1103/PhysRevC.81.014303,AMEDEE
88,146,234,Ra,5.78,1.85318,10.1103/PhysRevC.81.014303,AMEDEE
88,148,236,,5.8,1.94111,10.1103/PhysRevC.81.014303,AMEDEE
88,150,238,,5.81,2.09411,10.1103/PhysRevC.81.014303,AMEDEE
88,152,240,,5.82,2.0589,10.1103/PhysRevC.81.014303,AMEDEE
88,154,242,,5.84,2.04154,10.1103/PhysRevC.81.014303,AMEDEE
88,156,244,,5.84,1.94892,10.1103/PhysRevC.81.014303,AMEDEE
88,158,246,,5.85,1.79348,10.1103/PhysRevC.81.014303,AMEDEE
88,160,248,,5.86,1.57319,10.1103/PhysRevC.81.014303,AMEDEE
88,162,250,,5.86,1.35496,10.1103/PhysRevC.81.014303,AMEDEE
88,164,252,,5.86,1.06518,10.1103/PhysRevC.81.014303,AMEDEE
88,166,254,,5.86,0.848064,10.1103/PhysRevC.81.014303,AMEDEE
88,168,256,,5.87,0.692828,10.1103/PhysRevC.81.014303,AMEDEE
88,170,258,,5.87,0.575855,10.1103/PhysRevC.81.014303,AMEDEE
88,172,260,,5.88,0.464818,10.1103/PhysRevC.81.014303,AMEDEE
88,174,262,,5.89,0.349652,10.1103/PhysRevC.81.014303,AMEDEE
88,176,264,,5.89,0.274871,10.1103/PhysRevC.81.014303,AMEDEE
88,178,266,,5.9,0.211334,10.1103/PhysRevC.81.014303,AMEDEE
88,180,268,,5.91,0.141188,10.1103/PhysRevC.81.014303,AMEDEE
88,182,270,,5.92,0.0923931,10.1103/PhysRevC.81.014303,AMEDEE
88,184,272,,5.93,0.168446,10.1103/PhysRevC.81.014303,AMEDEE
88,186,274,,5.93,0.100132,10.1103/PhysRevC.81.014303,AMEDEE
88,188,276,,5.94,0.153044,10.1103/PhysRevC.81.014303,AMEDEE
88,190,278,,5.96,0.232447,10.1103/PhysRevC.81.014303,AMEDEE
88,192,280,,5.97,0.330587,10.1103/PhysRevC.81.014303,AMEDEE
88,194,282,,5.99,0.466622,10.1103/PhysRevC.81.014303,AMEDEE
88,196,284,,6.01,0.687373,10.1103/PhysRevC.81.014303,AMEDEE
88,198,286,,6.03,0.946466,10.1103/PhysRevC.81.014303,AMEDEE
90,114,204,,5.59,0.683665,10.1103/PhysRevC.81.014303,AMEDEE
90,116,206,,5.6,0.533887,10.1103/PhysRevC.81.014303,AMEDEE
90,118,208,Th,5.6,0.429209,10.1103/PhysRevC.81.014303,AMEDEE
90,120,210,Th,5.61,0.327543,10.1103/PhysRevC.81.014303,AMEDEE
90,122,212,Th,5.61,0.226105,10.1103/PhysRevC.81.014303,AMEDEE
90,124,214,Th,5.62,0.159612,10.1103/PhysRevC.81.014303,AMEDEE
90,126,216,Th,5.63,0.150982,10.1103/PhysRevC.81.014303,AMEDEE
90,128,218,Th,5.64,0.149967,10.1103/PhysRevC.81.014303,AMEDEE
90,130,220,Th,5.65,0.192754,10.1103/PhysRevC.81.014303,AMEDEE
90,132,222,Th,5.68,0.401681,10.1103/PhysRevC.81.014303,AMEDEE
90,134,224,Th,5.71,0.810965,10.1103/PhysRevC.81.014303,AMEDEE
90,136,226,Th,5.73,1.16202,10.1103/PhysRevC.81.014303,AMEDEE
90,138,228,Th,5.75,1.46424,10.1103/PhysRevC.81.014303,AMEDEE
90,140,230,Th,5.77,1.67851,10.1103/PhysRevC.81.014303,AMEDEE
90,142,232,Th,5.79,1.95147,10.1103/PhysRevC.81.014303,AMEDEE
90,144,234,Th,5.8,2.09369,10.1103/PhysRevC.81.014303,AMEDEE
90,146,236,Th,5.82,2.31123,10.1103/PhysRevC.81.014303,AMEDEE
90,148,238,Th,5.83,2.20564,10.1103/PhysRevC.81.014303,AMEDEE
90,150,240,,5.84,2.25542,10.1103/PhysRevC.81.014303,AMEDEE
90,152,242,,5.85,2.22073,10.1103/PhysRevC.81.014303,AMEDEE
90,154,244,,5.86,2.26926,10.1103/PhysRevC.81.014303,AMEDEE
90,156,246,,5.87,2.17259,10.1103/PhysRevC.81.014303,AMEDEE
90,158,248,,5.87,1.87671,10.1103/PhysRevC.81.014303,AMEDEE
90,160,250,,5.88,1.77072,10.1103/PhysRevC.81.014303,AMEDEE
90,162,252,,5.89,1.53264,10.1103/PhysRevC.81.014303,AMEDEE
90,164,254,,5.89,1.22871,10.1103/PhysRevC.81.014303,AMEDEE
90,166,256,,5.89,0.9687,10.1103/PhysRevC.81.014303,AMEDEE
90,168,258,,5.9,0.78622,10.1103/PhysRevC.81.014303,AMEDEE
90,170,260,,5.9,0.638999,10.1103/PhysRevC.81.014303,AMEDEE
90,172,262,,5.91,0.524605,10.1103/PhysRevC.81.014303,AMEDEE
90,174,264,,5.91,0.388282,10.1103/PhysRevC.81.014303,AMEDEE
90,176,266,,5.92,0.286969,10.1103/PhysRevC.81.014303,AMEDEE
90,178,268,,5.93,0.232304,10.1103/PhysRevC.81.014303,AMEDEE
90,180,270,,5.94,0.128369,10.1103/PhysRevC.81.014303,AMEDEE
90,182,272,,5.94,0.0945414,10.1103/PhysRevC.81.014303,AMEDEE
90,184,274,,5.95,0.162694,10.1103/PhysRevC.81.014303,AMEDEE
90,186,276,,5.96,0.113393,10.1103/PhysRevC.81.014303,AMEDEE
90,188,278,,5.97,0.175121,10.1103/PhysRevC.81.014303,AMEDEE
90,190,280,,5.98,0.131005,10.1103/PhysRevC.81.014303,AMEDEE
90,192,282,,6,0.3852,10.1103/PhysRevC.81.014303,AMEDEE
90,194,284,,6.02,0.592048,10.1103/PhysRevC.81.014303,AMEDEE
90,196,286,,6.05,0.93383,10.1103/PhysRevC.81.014303,AMEDEE
90,198,288,,6.07,1.2611,10.1103/PhysRevC.81.014303,AMEDEE
92,118,210,,5.63,0.502391,10.1103/PhysRevC.81.014303,AMEDEE
92,120,212,,5.64,0.386298,10.1103/PhysRevC.81.014303,AMEDEE
92,122,214,U,5.64,0.258708,10.1103/PhysRevC.81.014303,AMEDEE
92,124,216,U,5.65,0.180197,10.1103/PhysRevC.81.014303,AMEDEE
92,126,218,U,5.66,0.166647,10.1103/PhysRevC.81.014303,AMEDEE
92,128,220,,5.67,0.16299,10.1103/PhysRevC.81.014303,AMEDEE
92,130,222,U,5.69,0.316812,10.1103/PhysRevC.81.014303,AMEDEE
92,132,224,U,5.71,0.607779,10.1103/PhysRevC.81.014303,AMEDEE
92,134,226,U,5.75,1.19686,10.1103/PhysRevC.81.014303,AMEDEE
92,136,228,U,5.77,1.53655,10.1103/PhysRevC.81.014303,AMEDEE
92,138,230,U,5.8,1.9291,10.1103/PhysRevC.81.014303,AMEDEE
92,140,232,U,5.81,2.14678,10.1103/PhysRevC.81.014303,AMEDEE
92,142,234,U,5.82,2.24033,10.1103/PhysRevC.81.014303,AMEDEE
92,144,236,U,5.84,2.36374,10.1103/PhysRevC.81.014303,AMEDEE
92,146,238,U,5.85,2.45319,10.1103/PhysRevC.81.014303,AMEDEE
92,148,240,U,5.86,2.51764,10.1103/PhysRevC.81.014303,AMEDEE
92,150,242,U,5.87,2.56495,10.1103/PhysRevC.81.014303,AMEDEE
92,152,244,U,5.88,2.45974,10.1103/PhysRevC.81.014303,AMEDEE
92,154,246,U,5.89,2.52335,10.1103/PhysRevC.81.014303,AMEDEE
92,156,248,U,5.9,2.37724,10.1103/PhysRevC.81.014303,AMEDEE
92,158,250,U,5.91,2.22587,10.1103/PhysRevC.81.014303,AMEDEE
92,160,252,,5.91,1.92385,10.1103/PhysRevC.81.014303,AMEDEE
92,162,254,U,5.92,1.75719,10.1103/PhysRevC.81.014303,AMEDEE
92,164,256,,5.92,1.42072,10.1103/PhysRevC.81.014303,AMEDEE
92,166,258,,5.92,1.12894,10.1103/PhysRevC.81.014303,AMEDEE
92,168,260,,5.92,0.911656,10.1103/PhysRevC.81.014303,AMEDEE
92,170,262,,5.93,0.738525,10.1103/PhysRevC.81.014303,AMEDEE
92,172,264,,5.93,0.607776,10.1103/PhysRevC.81.014303,AMEDEE
92,174,266,,5.94,0.438832,10.1103/PhysRevC.81.014303,AMEDEE
92,176,268,,5.95,0.335686,10.1103/PhysRevC.81.014303,AMEDEE
92,178,270,,5.95,0.253142,10.1103/PhysRevC.81.014303,AMEDEE
92,180,272,,5.96,0.172937,10.1103/PhysRevC.81.014303,AMEDEE
92,182,274,,5.97,0.0968067,10.1103/PhysRevC.81.014303,AMEDEE
92,184,276,,5.98,0.158564,10.1103/PhysRevC.81.014303,AMEDEE
92,186,278,,5.99,0.128573,10.1103/PhysRevC.81.014303,AMEDEE
92,188,280,,6,0.196202,10.1103/PhysRevC.81.014303,AMEDEE
92,190,282,,6.02,0.299473,10.1103/PhysRevC.81.014303,AMEDEE
92,192,284,,6.03,0.444029,10.1103/PhysRevC.81.014303,AMEDEE
92,194,286,,6.06,0.746299,10.1103/PhysRevC.81.014303,AMEDEE
92,196,288,,6.08,1.2317,10.1103/PhysRevC.81.014303,AMEDEE
92,198,290,,6.1,1.60452,10.1103/PhysRevC.81.014303,AMEDEE
94,122,216,,5.67,0.299222,10.1103/PhysRevC.81.014303,AMEDEE
94,124,218,,5.68,0.202598,10.1103/PhysRevC.81.014303,AMEDEE
94,126,220,,5.68,0.184312,10.1103/PhysRevC.81.014303,AMEDEE
94,128,222,,5.7,0.182269,10.1103/PhysRevC.81.014303,AMEDEE
94,130,224,,5.72,0.375038,10.1103/PhysRevC.81.014303,AMEDEE
94,132,226,,5.76,1.04496,10.1103/PhysRevC.81.014303,AMEDEE
94,134,228,Pu,5.8,1.78914,10.1103/PhysRevC.81.014303,AMEDEE
94,136,230,Pu,5.81,1.91559,10.1103/PhysRevC.81.014303,AMEDEE
94,138,232,Pu,5.83,2.26244,10.1103/PhysRevC.81.014303,AMEDEE
94,140,234,Pu,5.84,2.45569,10.1103/PhysRevC.81.014303,AMEDEE
94,142,236,Pu,5.86,2.56263,10.1103/PhysRevC.81.014303,AMEDEE
94,144,238,Pu,5.87,2.62709,10.1103/PhysRevC.81.014303,AMEDEE
94,146,240,Pu,5.88,2.7628,10.1103/PhysRevC.81.014303,AMEDEE
94,148,242,Pu,5.89,2.81917,10.1103/PhysRevC.81.014303,AMEDEE
94,150,244,Pu,5.9,2.80939,10.1103/PhysRevC.81.014303,AMEDEE
94,152,246,Pu,5.91,2.68051,10.1103/PhysRevC.81.014303,AMEDEE
94,154,248,,5.92,2.76274,10.1103/PhysRevC.81.014303,AMEDEE
94,156,250,,5.93,2.67439,10.1103/PhysRevC.81.014303,AMEDEE
94,158,252,,5.93,2.50162,10.1103/PhysRevC.81.014303,AMEDEE
94,160,254,,5.94,2.14392,10.1103/PhysRevC.81.014303,AMEDEE
94,162,256,,5.94,1.96082,10.1103/PhysRevC.81.014303,AMEDEE
94,164,258,,5.95,1.64688,10.1103/PhysRevC.81.014303,AMEDEE
94,166,260,,5.95,1.3314,10.1103/PhysRevC.81.014303,AMEDEE
94,168,262,,5.95,1.07057,10.1103/PhysRevC.81.014303,AMEDEE
94,170,264,,5.96,0.877385,10.1103/PhysRevC.81.014303,AMEDEE
94,172,266,,5.96,0.718794,10.1103/PhysRevC.81.014303,AMEDEE
94,174,268,,5.97,0.507233,10.1103/PhysRevC.81.014303,AMEDEE
94,176,270,,5.97,0.374169,10.1103/PhysRevC.81.014303,AMEDEE
94,178,272,,5.98,0.276468,10.1103/PhysRevC.81.014303,AMEDEE
94,180,274,,5.98,0.190581,10.1103/PhysRevC.81.014303,AMEDEE
94,182,276,,5.99,0.10376,10.1103/PhysRevC.81.014303,AMEDEE
94,184,278,,6,0.15837,10.1103/PhysRevC.81.014303,AMEDEE
94,186,280,,6.01,0.143069,10.1103/PhysRevC.81.014303,AMEDEE
94,188,282,,6.02,0.16217,10.1103/PhysRevC.81.014303,AMEDEE
94,190,284,,6.04,0.339784,10.1103/PhysRevC.81.014303,AMEDEE
94,192,286,,6.06,0.521457,10.1103/PhysRevC.81.014303,AMEDEE
94,194,288,,6.09,1.04136,10.1103/PhysRevC.81.014303,AMEDEE
94,196,290,,6.12,1.73195,10.1103/PhysRevC.81.014303,AMEDEE
94,198,292,,6.14,2.01155,10.1103/PhysRevC.81.014303,AMEDEE
96,126,222,,5.71,0.202795,10.1103/PhysRevC.81.014303,AMEDEE
96,128,224,,5.73,0.202683,10.1103/PhysRevC.81.014303,AMEDEE
96,130,226,,5.75,0.462073,10.1103/PhysRevC.81.014303,AMEDEE
96,132,228,,5.83,2.25476,10.1103/PhysRevC.81.014303,AMEDEE
96,134,230,,5.85,2.59153,10.1103/PhysRevC.81.014303,AMEDEE
96,136,232,,5.85,2.52628,10.1103/PhysRevC.81.014303,AMEDEE
96,138,234,Cm,5.86,2.63543,10.1103/PhysRevC.81.014303,AMEDEE
96,140,236,Cm,5.88,2.8944,10.1103/PhysRevC.81.014303,AMEDEE
96,142,238,Cm,5.89,2.86543,10.1103/PhysRevC.81.014303,AMEDEE
96,144,240,Cm,5.89,2.9056,10.1103/PhysRevC.81.014303,AMEDEE
96,146,242,Cm,5.91,3.0212,10.1103/PhysRevC.81.014303,AMEDEE
96,148,244,Cm,5.92,3.1164,10.1103/PhysRevC.81.014303,AMEDEE
96,150,246,Cm,5.93,3.07454,10.1103/PhysRevC.81.014303,AMEDEE
96,152,248,Cm,5.93,2.97689,10.1103/PhysRevC.81.014303,AMEDEE
96,154,250,Cm,5.94,2.93726,10.1103/PhysRevC.81.014303,AMEDEE
96,156,252,,5.95,2.92355,10.1103/PhysRevC.81.014303,AMEDEE
96,158,254,,5.96,2.78894,10.1103/PhysRevC.81.014303,AMEDEE
96,160,256,,5.97,2.51185,10.1103/PhysRevC.81.014303,AMEDEE
96,162,258,,5.97,2.29791,10.1103/PhysRevC.81.014303,AMEDEE
96,164,260,,5.97,1.90943,10.1103/PhysRevC.81.014303,AMEDEE
96,166,262,,5.98,1.56743,10.1103/PhysRevC.81.014303,AMEDEE
96,168,264,,5.98,1.25446,10.1103/PhysRevC.81.014303,AMEDEE
96,170,266,,5.98,1.03896,10.1103/PhysRevC.81.014303,AMEDEE
96,172,268,,5.99,0.847588,10.1103/PhysRevC.81.014303,AMEDEE
96,174,270,,5.99,0.579163,10.1103/PhysRevC.81.014303,AMEDEE
96,176,272,,5.99,0.423975,10.1103/PhysRevC.81.014303,AMEDEE
96,178,274,,6,0.3052,10.1103/PhysRevC.81.014303,AMEDEE
96,180,276,,6.01,0.21224,10.1103/PhysRevC.81.014303,AMEDEE
96,182,278,,6.01,0.113177,10.1103/PhysRevC.81.014303,AMEDEE
96,184,280,,6.02,0.162028,10.1103/PhysRevC.81.014303,AMEDEE
96,186,282,,6.03,0.162582,10.1103/PhysRevC.81.014303,AMEDEE
96,188,284,,6.05,0.254306,10.1103/PhysRevC.81.014303,AMEDEE
96,190,286,,6.07,0.395805,10.1103/PhysRevC.81.014303,AMEDEE
96,192,288,,6.09,0.671971,10.1103/PhysRevC.81.014303,AMEDEE
96,194,290,,6.15,2.33577,10.1103/PhysRevC.81.014303,AMEDEE
96,196,292,,6.16,2.52151,10.1103/PhysRevC.81.014303,AMEDEE
96,198,294,,6.18,2.71292,10.1103/PhysRevC.81.014303,AMEDEE
98,128,226,,5.75,0.225233,10.1103/PhysRevC.81.014303,AMEDEE
98,132,230,,5.9,3.86923,10.1103/PhysRevC.81.014303,AMEDEE
98,134,232,,5.9,3.6066,10.1103/PhysRevC.81.014303,AMEDEE
98,136,234,,5.9,3.29623,10.1103/PhysRevC.81.014303,AMEDEE
98,138,236,Cf,5.91,3.39641,10.1103/PhysRevC.81.014303,AMEDEE
98,140,238,Cf,5.91,3.34669,10.1103/PhysRevC.81.014303,AMEDEE
98,142,240,Cf,5.92,3.2589,10.1103/PhysRevC.81.014303,AMEDEE
98,144,242,Cf,5.92,3.16041,10.1103/PhysRevC.81.014303,AMEDEE
98,146,244,Cf,5.93,3.22532,10.1103/PhysRevC.81.014303,AMEDEE
98,148,246,Cf,5.94,3.29653,10.1103/PhysRevC.81.014303,AMEDEE
98,150,248,Cf,5.95,3.2807,10.1103/PhysRevC.81.014303,AMEDEE
98,152,250,Cf,5.96,3.18242,10.1103/PhysRevC.81.014303,AMEDEE
98,154,252,Cf,5.97,3.1358,10.1103/PhysRevC.81.014303,AMEDEE
98,156,254,Cf,5.98,3.07186,10.1103/PhysRevC.81.014303,AMEDEE
98,158,256,Cf,5.98,2.88829,10.1103/PhysRevC.81.014303,AMEDEE
98,160,258,,5.99,2.63711,10.1103/PhysRevC.81.014303,AMEDEE
98,162,260,,6,2.54683,10.1103/PhysRevC.81.014303,AMEDEE
98,164,262,,6,2.1972,10.1103/PhysRevC.81.014303,AMEDEE
98,166,264,,6,1.84211,10.1103/PhysRevC.81.014303,AMEDEE
98,168,266,,6.01,1.46354,10.1103/PhysRevC.81.014303,AMEDEE
98,170,268,,6.01,1.20009,10.1103/PhysRevC.81.014303,AMEDEE
98,172,270,,6.01,0.980159,10.1103/PhysRevC.81.014303,AMEDEE
98,174,272,,6.01,0.655274,10.1103/PhysRevC.81.014303,AMEDEE
98,176,274,,6.02,0.480152,10.1103/PhysRevC.81.014303,AMEDEE
98,178,276,,6.02,0.341939,10.1103/PhysRevC.81.014303,AMEDEE
98,180,278,,6.03,0.239389,10.1103/PhysRevC.81.014303,AMEDEE
98,182,280,,6.03,0.122569,10.1103/PhysRevC.81.014303,AMEDEE
98,184,282,,6.04,0.168898,10.1103/PhysRevC.81.014303,AMEDEE
98,186,284,,6.05,0.184176,10.1103/PhysRevC.81.014303,AMEDEE
98,188,286,,6.07,0.299144,10.1103/PhysRevC.81.014303,AMEDEE
98,190,288,,6.09,0.486847,10.1103/PhysRevC.81.014303,AMEDEE
98,192,290,,6.18,3.04421,10.1103/PhysRevC.81.014303,AMEDEE
98,194,292,,6.19,3.14931,10.1103/PhysRevC.81.014303,AMEDEE
98,196,294,,6.2,3.067,10.1103/PhysRevC.81.014303,AMEDEE
98,198,296,,6.2,3.05182,10.1103/PhysRevC.81.014303,AMEDEE
100,138,238,,5.94,3.78131,10.1103/PhysRevC.81.014303,AMEDEE
100,140,240,,5.95,3.69528,10.1103/PhysRevC.81.014303,AMEDEE
100,142,242,Fm,5.95,3.52741,10.1103/PhysRevC.81.014303,AMEDEE
100,144,244,Fm,5.95,3.38755,10.1103/PhysRevC.81.014303,AMEDEE
100,146,246,Fm,5.96,3.40424,10.1103/PhysRevC.81.014303,AMEDEE
100,148,248,Fm,5.97,3.43828,10.1103/PhysRevC.81.014303,AMEDEE
100,150,250,Fm,5.98,3.41463,10.1103/PhysRevC.81.014303,AMEDEE
100,152,252,Fm,5.98,3.36897,10.1103/PhysRevC.81.014303,AMEDEE
100,154,254,Fm,5.99,3.31692,10.1103/PhysRevC.81.014303,AMEDEE
100,156,256,Fm,6,3.25468,10.1103/PhysRevC.81.014303,AMEDEE
100,158,258,Fm,6.01,3.05429,10.1103/PhysRevC.81.014303,AMEDEE
100,160,260,,6.01,2.7918,10.1103/PhysRevC.81.014303,AMEDEE
100,162,262,,6.02,2.67501,10.1103/PhysRevC.81.014303,AMEDEE
100,164,264,,6.03,2.45758,10.1103/PhysRevC.81.014303,AMEDEE
100,166,266,,6.03,2.15147,10.1103/PhysRevC.81.014303,AMEDEE
100,168,268,,6.03,1.73407,10.1103/PhysRevC.81.014303,AMEDEE
100,170,270,,6.04,1.35,10.1103/PhysRevC.81.014303,AMEDEE
100,172,272,,6.04,1.11323,10.1103/PhysRevC.81.014303,AMEDEE
100,174,274,,6.04,0.734226,10.1103/PhysRevC.81.014303,AMEDEE
100,176,276,,6.04,0.532051,10.1103/PhysRevC.81.014303,AMEDEE
100,178,278,,6.05,0.382528,10.1103/PhysRevC.81.014303,AMEDEE
100,180,280,,6.05,0.269197,10.1103/PhysRevC.81.014303,AMEDEE
100,182,282,,6.06,0.133096,10.1103/PhysRevC.81.014303,AMEDEE
100,184,284,,6.07,0.176121,10.1103/PhysRevC.81.014303,AMEDEE
100,186,286,,6.08,0.209954,10.1103/PhysRevC.81.014303,AMEDEE
100,188,288,,6.1,0.354646,10.1103/PhysRevC.81.014303,AMEDEE
100,190,290,,6.17,2.34385,10.1103/PhysRevC.81.014303,AMEDEE
100,192,292,,6.23,4.42321,10.1103/PhysRevC.81.014303,AMEDEE
100,194,294,,6.23,3.90928,10.1103/PhysRevC.81.014303,AMEDEE
100,196,296,,6.23,3.71715,10.1103/PhysRevC.81.014303,AMEDEE
100,198,298,,6.24,3.61539,10.1103/PhysRevC.81.014303,AMEDEE
102,138,240,,5.98,4.44575,10.1103/PhysRevC.81.014303,AMEDEE
102,140,242,,5.98,4.10904,10.1103/PhysRevC.81.014303,AMEDEE
102,142,244,,5.97,3.78432,10.1103/PhysRevC.81.014303,AMEDEE
102,144,246,,5.98,3.63231,10.1103/PhysRevC.81.014303,AMEDEE
102,146,248,No,5.98,3.60218,10.1103/PhysRevC.81.014303,AMEDEE
102,148,250,No,5.99,3.58115,10.1103/PhysRevC.81.014303,AMEDEE
102,150,252,No,6,3.53993,10.1103/PhysRevC.81.014303,AMEDEE
102,152,254,No,6.01,3.49793,10.1103/PhysRevC.81.014303,AMEDEE
102,154,256,No,6.02,3.44955,10.1103/PhysRevC.81.014303,AMEDEE
102,156,258,No,6.03,3.39248,10.1103/PhysRevC.81.014303,AMEDEE
102,158,260,No,6.03,3.19289,10.1103/PhysRevC.81.014303,AMEDEE
102,160,262,No,6.04,2.94839,10.1103/PhysRevC.81.014303,AMEDEE
102,162,264,,6.05,2.84185,10.1103/PhysRevC.81.014303,AMEDEE
102,164,266,,6.06,2.71703,10.1103/PhysRevC.81.014303,AMEDEE
102,166,268,,6.06,2.4355,10.1103/PhysRevC.81.014303,AMEDEE
102,168,270,,6.06,2.03206,10.1103/PhysRevC.81.014303,AMEDEE
102,170,272,,6.06,1.48374,10.1103/PhysRevC.81.014303,AMEDEE
102,172,274,,6.06,1.20216,10.1103/PhysRevC.81.014303,AMEDEE
102,174,276,,6.06,0.806048,10.1103/PhysRevC.81.014303,AMEDEE
102,176,278,,6.07,0.602677,10.1103/PhysRevC.81.014303,AMEDEE
102,178,280,,6.07,0.425184,10.1103/PhysRevC.81.014303,AMEDEE
102,180,282,,6.08,0.303806,10.1103/PhysRevC.81.014303,AMEDEE
102,182,284,,6.08,0.144558,10.1103/PhysRevC.81.014303,AMEDEE
102,184,286,,6.09,0.185044,10.1103/PhysRevC.81.014303,AMEDEE
102,186,288,,6.1,0.235545,10.1103/PhysRevC.81.014303,AMEDEE
102,190,292,,6.29,7.18574,10.1103/PhysRevC.81.014303,AMEDEE
102,192,294,,6.27,5.84183,10.1103/PhysRevC.81.014303,AMEDEE
102,194,296,,6.27,5.06926,10.1103/PhysRevC.81.014303,AMEDEE
102,196,298,,6.27,4.58956,10.1103/PhysRevC.81.014303,AMEDEE
102,198,300,,6.27,4.2557,10.1103/PhysRevC.81.014303,AMEDEE
104,140,244,,6.01,4.68077,10.1103/PhysRevC.81.014303,AMEDEE
104,142,246,,6,4.0549,10.1103/PhysRevC.81.014303,AMEDEE
104,144,248,,6,3.91367,10.1103/PhysRevC.81.014303,AMEDEE
104,146,250,,6.01,3.84986,10.1103/PhysRevC.81.014303,AMEDEE
104,148,252,,6.02,3.76996,10.1103/PhysRevC.81.014303,AMEDEE
104,150,254,Rf,6.03,3.6946,10.1103/PhysRevC.81.014303,AMEDEE
104,152,256,Rf,6.03,3.63903,10.1103/PhysRevC.81.014303,AMEDEE
104,154,258,Rf,6.04,3.55282,10.1103/PhysRevC.81.014303,AMEDEE
104,156,260,Rf,6.05,3.47296,10.1103/PhysRevC.81.014303,AMEDEE
104,158,262,Rf,6.06,3.30986,10.1103/PhysRevC.81.014303,AMEDEE
104,160,264,,6.06,3.08995,10.1103/PhysRevC.81.014303,AMEDEE
104,162,266,,6.07,2.97946,10.1103/PhysRevC.81.014303,AMEDEE
104,164,268,,6.08,2.8638,10.1103/PhysRevC.81.014303,AMEDEE
104,166,270,,6.09,2.60282,10.1103/PhysRevC.81.014303,AMEDEE
104,168,272,,6.09,2.26629,10.1103/PhysRevC.81.014303,AMEDEE
104,170,274,,6.09,1.65626,10.1103/PhysRevC.81.014303,AMEDEE
104,172,276,,6.09,1.27754,10.1103/PhysRevC.81.014303,AMEDEE
104,174,278,,6.08,0.87633,10.1103/PhysRevC.81.014303,AMEDEE
104,176,280,,6.09,0.662029,10.1103/PhysRevC.81.014303,AMEDEE
104,178,282,,6.09,0.465705,10.1103/PhysRevC.81.014303,AMEDEE
104,180,284,,6.1,0.336405,10.1103/PhysRevC.81.014303,AMEDEE
104,182,286,,6.1,0.157962,10.1103/PhysRevC.81.014303,AMEDEE
104,184,288,,6.11,0.194034,10.1103/PhysRevC.81.014303,AMEDEE
104,186,290,,6.12,0.24717,10.1103/PhysRevC.81.014303,AMEDEE
104,192,296,,6.32,7.471,10.1103/PhysRevC.81.014303,AMEDEE
104,194,298,,6.32,7.25406,10.1103/PhysRevC.81.014303,AMEDEE
104,196,300,,6.31,5.9816,10.1103/PhysRevC.81.014303,AMEDEE
104,198,302,,6.31,5.37791,10.1103/PhysRevC.81.014303,AMEDEE
106,144,250,,6.04,4.39867,10.1103/PhysRevC.81.014303,AMEDEE
106,146,252,,6.04,4.06604,10.1103/PhysRevC.81.014303,AMEDEE
106,148,254,,6.04,3.90743,10.1103/PhysRevC.81.014303,AMEDEE
106,150,256,,6.05,3.8045,10.1103/PhysRevC.81.014303,AMEDEE
106,152,258,Sg,6.06,3.73542,10.1103/PhysRevC.81.014303,AMEDEE
106,154,260,Sg,6.06,3.64003,10.1103/PhysRevC.81.014303,AMEDEE
106,156,262,Sg,6.07,3.54276,10.1103/PhysRevC.81.014303,AMEDEE
106,158,264,Sg,6.08,3.38975,10.1103/PhysRevC.81.014303,AMEDEE
106,160,266,Sg,6.09,3.21979,10.1103/PhysRevC.81.014303,AMEDEE
106,162,268,,6.1,3.1301,10.1103/PhysRevC.81.014303,AMEDEE
106,164,270,,6.11,3.00882,10.1103/PhysRevC.81.014303,AMEDEE
106,166,272,,6.11,2.75481,10.1103/PhysRevC.81.014303,AMEDEE
106,168,274,,6.11,2.42226,10.1103/PhysRevC.81.014303,AMEDEE
106,170,276,,6.11,1.81182,10.1103/PhysRevC.81.014303,AMEDEE
106,172,278,,6.11,1.31345,10.1103/PhysRevC.81.014303,AMEDEE
106,174,280,,6.11,0.937952,10.1103/PhysRevC.81.014303,AMEDEE
106,176,282,,6.11,0.713985,10.1103/PhysRevC.81.014303,AMEDEE
106,178,284,,6.11,0.501169,10.1103/PhysRevC.81.014303,AMEDEE
106,180,286,,6.12,0.36576,10.1103/PhysRevC.81.014303,AMEDEE
106,182,288,,6.12,0.173448,10.1103/PhysRevC.81.014303,AMEDEE
106,184,290,,6.13,0.2045,10.1103/PhysRevC.81.014303,AMEDEE
106,186,292,,6.14,0.181782,10.1103/PhysRevC.81.014303,AMEDEE
106,192,298,,6.35,8.54395,10.1103/PhysRevC.81.014303,AMEDEE
106,194,300,,6.35,7.92358,10.1103/PhysRevC.81.014303,AMEDEE
106,196,302,,6.35,7.25135,10.1103/PhysRevC.81.014303,AMEDEE
106,198,304,,6.34,6.50006,10.1103/PhysRevC.81.014303,AMEDEE
108,148,256,,6.08,4.32216,10.1103/PhysRevC.81.014303,AMEDEE
108,150,258,,6.07,3.94839,10.1103/PhysRevC.81.014303,AMEDEE
108,152,260,,6.08,3.82712,10.1103/PhysRevC.81.014303,AMEDEE
108,154,262,,6.09,3.72606,10.1103/PhysRevC.81.014303,AMEDEE
108,156,264,Hs,6.1,3.62023,10.1103/PhysRevC.81.014303,AMEDEE
108,158,266,Hs,6.1,3.47252,10.1103/PhysRevC.81.014303,AMEDEE
108,160,268,Hs,6.11,3.34265,10.1103/PhysRevC.81.014303,AMEDEE
108,162,270,Hs,6.12,3.28662,10.1103/PhysRevC.81.014303,AMEDEE
108,164,272,,6.13,3.09761,10.1103/PhysRevC.81.014303,AMEDEE
108,166,274,,6.13,2.80088,10.1103/PhysRevC.81.014303,AMEDEE
108,168,276,,6.14,2.46385,10.1103/PhysRevC.81.014303,AMEDEE
108,170,278,Hs,6.13,1.87938,10.1103/PhysRevC.81.014303,AMEDEE
108,172,280,,6.13,1.33687,10.1103/PhysRevC.81.014303,AMEDEE
108,174,282,,6.13,0.976947,10.1103/PhysRevC.81.014303,AMEDEE
108,176,284,,6.13,0.755656,10.1103/PhysRevC.81.014303,AMEDEE
108,178,286,,6.14,0.532245,10.1103/PhysRevC.81.014303,AMEDEE
108,180,288,,6.14,0.389421,10.1103/PhysRevC.81.014303,AMEDEE
108,182,290,,6.14,0.189708,10.1103/PhysRevC.81.014303,AMEDEE
108,184,292,,6.15,0.213825,10.1103/PhysRevC.81.014303,AMEDEE
108,186,294,,6.17,0.181595,10.1103/PhysRevC.81.014303,AMEDEE
108,192,300,,6.39,9.71155,10.1103/PhysRevC.81.014303,AMEDEE
108,194,302,,6.39,9.05877,10.1103/PhysRevC.81.014303,AMEDEE
108,196,304,,6.38,8.31675,10.1103/PhysRevC.81.014303,AMEDEE
108,198,306,,6.38,7.69944,10.1103/PhysRevC.81.014303,AMEDEE
110,154,264,,6.11,3.77579,10.1103/PhysRevC.81.014303,AMEDEE
110,156,266,,6.12,3.61118,10.1103/PhysRevC.81.014303,AMEDEE
110,158,268,,6.12,3.43414,10.1103/PhysRevC.81.014303,AMEDEE
110,160,270,Ds,6.13,3.29881,10.1103/PhysRevC.81.014303,AMEDEE
110,162,272,,6.14,3.24817,10.1103/PhysRevC.81.014303,AMEDEE
110,164,274,,6.15,3.04521,10.1103/PhysRevC.81.014303,AMEDEE
110,166,276,,6.15,2.72807,10.1103/PhysRevC.81.014303,AMEDEE
110,168,278,,6.16,2.40351,10.1103/PhysRevC.81.014303,AMEDEE
110,170,280,Ds,6.16,1.87219,10.1103/PhysRevC.81.014303,AMEDEE
110,172,282,Ds,6.15,1.34358,10.1103/PhysRevC.81.014303,AMEDEE
110,174,284,,6.15,0.979741,10.1103/PhysRevC.81.014303,AMEDEE
110,176,286,,6.15,0.788571,10.1103/PhysRevC.81.014303,AMEDEE
110,178,288,,6.16,0.55957,10.1103/PhysRevC.81.014303,AMEDEE
110,180,290,,6.16,0.406169,10.1103/PhysRevC.81.014303,AMEDEE
110,182,292,,6.16,0.204734,10.1103/PhysRevC.81.014303,AMEDEE
110,184,294,,6.17,0.223513,10.1103/PhysRevC.81.014303,AMEDEE
110,186,296,,6.19,0.248595,10.1103/PhysRevC.81.014303,AMEDEE
